company_id,review_date,rating,sentiment_score
SME-00001,2023-06-07,2,-0.15624978686499696
SME-00001,2022-11-10,4,0.6430881980961747
SME-00001,2023-01-14,4,-0.13035405637688852
SME-00001,2023-03-11,3,0.024627205803961827
SME-00001,2023-04-12,4,0.3326293368262574
SME-00001,2022-11-12,3,0.5341684386361204
SME-00001,2022-12-09,3,-0.25743324279653707
SME-00001,2022-10-29,4,0.19563300627991734
SME-00001,2022-12-04,4,0.5885319044134523
SME-00001,2022-08-04,3,0.470776546328637
SME-00002,2022-09-18,3,-0.45219790271628585
SME-00002,2022-05-13,1,0.5273237404374185
SME-00002,2023-02-25,3,0.4447454550449598
SME-00002,2022-09-16,5,0.07047033135410793
SME-00002,2023-05-27,3,-0.0625491539393655
SME-00002,2022-11-01,3,0.24077466057709723
SME-00002,2022-03-31,3,-0.1505962635155092
SME-00002,2023-01-31,4,-0.016682960580226558
SME-00002,2022-04-26,3,0.1123636018498258
SME-00002,2022-03-11,3,0.13470263529083615
SME-00002,2023-06-23,2,1.0
SME-00002,2023-06-03,5,0.37778413017255913
SME-00002,2022-01-01,4,0.7075797035143633
SME-00002,2023-04-29,3,1.0
SME-00002,2022-11-24,3,0.39865946327353263
SME-00002,2022-08-29,3,-0.25054097424395544
SME-00002,2022-02-24,4,0.3121744105479519
SME-00002,2022-04-23,4,0.5405147961639425
SME-00002,2022-12-17,5,0.6599764426169396
SME-00002,2022-03-11,3,-0.19564270025565605
SME-00002,2022-02-25,3,0.4777411903705784
SME-00003,2022-08-12,2,-0.5214860486717456
SME-00003,2022-03-10,3,0.18486410959117472
SME-00003,2022-07-27,3,0.30146416319396147
SME-00003,2022-01-28,4,0.09103178492252406
SME-00003,2022-11-30,4,0.5338251811366719
SME-00003,2023-05-26,4,0.10103220721217929
SME-00003,2022-11-03,3,0.13573167143190903
SME-00003,2022-05-02,4,0.48127359848895285
SME-00003,2023-01-13,4,-0.12232443647331698
SME-00003,2023-04-13,3,0.4556162774760283
SME-00003,2022-09-10,4,0.7352784843706922
SME-00004,2022-08-10,5,0.6180825725271057
SME-00004,2023-05-01,2,0.3750261675661867
SME-00004,2022-06-12,4,0.22385792530986726
SME-00004,2022-07-16,4,-0.1132521755642425
SME-00004,2023-02-18,2,-0.21117293847067148
SME-00004,2022-11-24,3,0.7484233950905225
SME-00004,2022-09-25,3,1.0
SME-00004,2023-04-28,3,0.9726028095633403
SME-00004,2023-05-02,3,0.5098244272090792
SME-00004,2023-04-19,4,0.885152416458594
SME-00004,2022-02-07,4,-0.581855707947341
SME-00004,2022-11-01,3,0.4503778075722973
SME-00004,2023-01-29,2,1.0
SME-00004,2022-03-20,4,0.3082871810627104
SME-00004,2022-01-08,4,0.07188749510107392
SME-00004,2023-06-07,3,0.13107597001319443
SME-00005,2022-11-11,3,0.455027334011801
SME-00005,2022-02-15,5,0.8427881009625684
SME-00005,2022-12-30,3,0.938541069992745
SME-00005,2022-11-27,4,0.08741329911881726
SME-00005,2022-11-30,3,0.23921279004847223
SME-00005,2022-07-09,3,0.08119009563953841
SME-00005,2022-11-01,4,0.6718157881411588
SME-00005,2022-05-08,4,-0.08056983552379982
SME-00005,2022-11-15,4,-0.6010478935982526
SME-00005,2022-10-19,4,0.06346261227411396
SME-00005,2022-10-17,3,0.6596546914420778
SME-00005,2022-10-26,3,-0.2565921831597669
SME-00005,2022-07-12,3,-0.16780450356260057
SME-00005,2022-03-09,5,0.6931475211582054
SME-00005,2022-11-24,3,0.25965998663235385
SME-00006,2022-05-17,4,0.03616192309656813
SME-00006,2022-10-26,3,0.05533698417885052
SME-00006,2022-02-21,3,-0.13518718428856752
SME-00006,2022-12-09,4,0.5290025407096081
SME-00006,2022-08-03,4,0.29850880073029107
SME-00006,2023-02-05,4,-0.7386157658265953
SME-00006,2022-01-31,4,0.39131810165331793
SME-00006,2022-08-31,3,0.046077039124412966
SME-00006,2022-03-24,3,0.2605050506595966
SME-00006,2022-04-10,3,0.6494123782602874
SME-00006,2023-03-22,2,0.0318645277496562
SME-00006,2022-09-11,3,-0.4420639436890285
SME-00007,2022-08-21,4,0.18243431002038524
SME-00007,2022-04-13,4,-0.443366341123086
SME-00007,2023-04-04,3,-0.38973390982133
SME-00007,2022-02-07,3,0.3281939584261675
SME-00007,2022-09-28,2,0.8293815995236478
SME-00007,2022-03-24,4,-0.17474208902004007
SME-00008,2023-02-22,2,0.9039466986124707
SME-00008,2022-06-23,3,0.18500497397270166
SME-00008,2022-02-03,3,0.2459205781820121
SME-00008,2023-01-12,3,0.07866835545376108
SME-00008,2023-01-22,3,-0.04156365199730078
SME-00008,2022-09-14,2,0.673869704574068
SME-00008,2022-06-26,2,0.19924584906785836
SME-00008,2022-11-17,3,0.2009003716089331
SME-00008,2022-04-11,3,0.15009856455419787
SME-00008,2022-05-20,3,0.18098769635977013
SME-00008,2023-04-19,4,0.25422595076691695
SME-00009,2022-06-09,2,0.22545664659041814
SME-00009,2023-06-05,4,-0.2885579357937394
SME-00009,2023-06-20,4,0.24149552738382327
SME-00009,2022-03-30,3,0.7024043960314672
SME-00009,2022-10-04,4,0.18122813922436998
SME-00009,2023-04-15,4,0.4009578892952763
SME-00009,2022-08-28,4,0.22657219885859475
SME-00009,2022-05-12,3,-0.044967490511676644
SME-00010,2023-06-15,3,0.3099054912094049
SME-00010,2022-05-01,3,0.4187921408765108
SME-00010,2023-02-14,1,0.1902979228009246
SME-00010,2023-04-11,4,-0.03592695119953132
SME-00010,2023-01-03,4,0.2004366879073391
SME-00010,2022-10-27,3,0.620373784584411
SME-00010,2022-12-09,3,0.461038233463883
SME-00010,2022-03-30,3,1.0
SME-00010,2022-04-16,2,0.40793828534023824
SME-00010,2022-06-26,4,0.1891498508693949
SME-00010,2022-01-17,4,0.3060930639635376
SME-00010,2022-07-22,3,0.07050112697746763
SME-00010,2023-05-05,2,-0.14328434701846954
SME-00010,2022-05-30,4,0.0647831796512478
SME-00010,2022-01-09,2,0.21401717258883712
SME-00010,2023-04-02,5,0.46486925180626903
SME-00011,2023-06-02,4,-0.32979848332018397
SME-00011,2022-10-13,4,0.07985146011189401
SME-00011,2023-04-16,3,-0.6765776408072486
SME-00011,2022-09-21,4,-0.08208362270772446
SME-00011,2022-04-10,3,-0.2247658101217988
SME-00011,2022-05-23,5,0.7788621179209311
SME-00011,2022-10-01,3,0.24583325225192326
SME-00011,2022-05-18,4,0.30281983088984304
SME-00011,2022-03-07,1,0.37462183819698686
SME-00011,2022-10-26,1,0.3710890756291413
SME-00011,2022-05-30,2,0.7344162304715307
SME-00012,2023-05-07,3,0.4103916051340166
SME-00012,2023-01-13,3,0.4720990587560281
SME-00012,2023-01-17,3,0.3451481826327765
SME-00012,2023-06-24,3,1.0
SME-00012,2022-11-04,3,0.4786892807422004
SME-00012,2023-04-29,3,0.08552396838397944
SME-00012,2023-03-22,4,0.3823754360350212
SME-00012,2023-06-02,4,0.3613623885679952
SME-00012,2022-03-28,2,-0.18992258102442122
SME-00012,2022-02-26,3,0.17478724732678338
SME-00012,2022-10-20,2,-0.004400255273709963
SME-00012,2022-07-19,2,0.5776683028596598
SME-00013,2023-02-23,5,-0.01718988523001236
SME-00013,2022-01-22,3,0.39673666884402564
SME-00013,2022-01-19,3,-0.09340194902317522
SME-00013,2022-08-13,4,-0.03638580432843558
SME-00013,2022-10-06,4,0.782107897108213
SME-00013,2023-01-27,5,0.3222314837462377
SME-00013,2023-03-24,3,-0.5048683805250165
SME-00013,2023-05-14,2,-0.0867336768425187
SME-00013,2022-02-14,3,-0.6494574792343537
SME-00013,2022-01-04,2,0.6331067407142218
SME-00013,2023-04-01,2,1.0
SME-00013,2022-06-14,3,0.35269310869299636
SME-00014,2022-11-29,4,-0.06510420009133372
SME-00014,2022-05-06,3,0.5046389418867688
SME-00014,2022-11-19,3,-0.43875424555860393
SME-00014,2022-01-04,4,0.6076142480009046
SME-00014,2022-05-19,4,0.40878034386108475
SME-00014,2022-07-22,4,0.5784191829875747
SME-00014,2023-06-03,4,-0.11724339337696155
SME-00014,2022-11-02,4,0.4035376669106753
SME-00015,2022-08-07,4,0.4696725182302769
SME-00015,2022-03-19,3,0.6699840071554983
SME-00015,2023-05-13,3,-0.011326224656268313
SME-00015,2023-06-14,3,0.7121100551619325
SME-00015,2022-09-08,4,0.26892084378868825
SME-00015,2022-02-10,4,-0.18989397356254406
SME-00015,2023-06-19,4,-0.2989820547572994
SME-00015,2022-01-26,2,0.2824744897806539
SME-00015,2022-05-24,1,-0.4302438306278888
SME-00015,2022-06-13,3,0.502363607874116
SME-00015,2023-04-05,3,0.02912034609742542
SME-00016,2022-12-04,2,1.0
SME-00016,2022-03-14,4,0.14899473053651674
SME-00016,2022-07-26,5,0.8504235665465119
SME-00016,2023-01-07,4,0.5446808278199041
SME-00016,2022-09-01,1,-0.35135855733364857
SME-00016,2023-06-03,2,0.6968225152948979
SME-00016,2022-03-18,3,0.30559164384647447
SME-00016,2022-08-26,2,0.1420821826714642
SME-00016,2022-01-22,3,0.4933185472586744
SME-00016,2022-01-31,2,-0.05683486092109963
SME-00016,2022-12-30,3,-0.004596060567588045
SME-00016,2023-05-29,2,0.10126802466180024
SME-00016,2023-05-21,3,0.5804713229100503
SME-00017,2022-04-19,4,0.027983406055765936
SME-00017,2022-09-02,3,0.5835379122134312
SME-00017,2022-07-18,4,0.2310134338763853
SME-00017,2023-05-15,4,0.828036224755218
SME-00017,2022-03-26,4,0.1585806944124418
SME-00017,2022-04-10,5,0.1836984604819767
SME-00017,2023-04-06,3,-0.31610700036349654
SME-00017,2022-05-19,3,0.6238447152874744
SME-00017,2022-02-17,2,0.7156313664393477
SME-00017,2022-02-10,2,-0.12706332581934476
SME-00017,2022-08-01,3,1.0
SME-00017,2023-02-15,4,0.1616266090508578
SME-00018,2023-06-03,4,0.5132137023391113
SME-00018,2022-05-13,3,0.34214548410928614
SME-00018,2023-02-21,4,-0.20366835025221336
SME-00018,2022-04-03,4,0.3274613222059909
SME-00018,2023-04-27,3,0.0982591857542778
SME-00018,2023-02-13,3,-0.06809659840937765
SME-00018,2022-10-28,4,0.004556660641067134
SME-00018,2022-05-20,3,-0.7247543713455566
SME-00018,2022-02-01,3,-0.0030725498845611265
SME-00018,2023-04-22,4,0.13966770220624222
SME-00019,2022-09-19,3,0.3119639808270658
SME-00019,2022-07-19,2,-0.029939807453565392
SME-00019,2022-04-28,1,0.007032460874478064
SME-00019,2022-10-24,2,0.8259462605764787
SME-00019,2022-01-07,3,0.5788278815634396
SME-00019,2023-05-07,3,0.21387368514374971
SME-00019,2022-02-27,3,0.3983776746241727
SME-00020,2022-08-12,5,0.05940172337563954
SME-00020,2022-11-18,3,-0.31721045711002277
SME-00020,2022-11-23,5,0.09959668158016527
SME-00020,2022-04-20,3,-0.5773094463560369
SME-00020,2022-03-14,3,0.49564212517325507
SME-00020,2022-06-27,2,0.16801104913632342
SME-00020,2022-12-06,3,-0.1501791065979235
SME-00020,2022-08-21,2,0.24329266964715585
SME-00020,2022-08-22,3,0.48251930705446955
SME-00020,2022-01-14,3,-0.053160591202015994
SME-00020,2022-07-15,3,0.36137654042478223
SME-00020,2022-02-17,3,0.23391423125858768
SME-00020,2023-03-06,4,-0.4366908191603423
SME-00020,2022-09-09,3,0.49258721049669074
SME-00020,2022-02-13,2,0.7498622786833224
SME-00020,2022-11-12,4,0.6989302644824019
SME-00020,2023-06-03,5,0.6124421680295797
SME-00021,2022-03-10,2,-0.04984896385969739
SME-00021,2022-12-26,3,-0.0049004920069220526
SME-00021,2022-07-29,2,0.14115475159560337
SME-00021,2023-02-21,5,0.45454186823853227
SME-00021,2023-06-21,3,0.23065598040203072
SME-00021,2023-06-13,2,0.4851855511817819
SME-00021,2023-02-10,2,-0.06893492956463299
SME-00021,2023-06-18,4,0.8602332299795978
SME-00021,2023-05-17,3,0.7249747869573759
SME-00021,2023-06-05,3,0.23914701896388943
SME-00021,2022-06-26,2,-0.12347291069836763
SME-00021,2022-10-30,4,0.2563504459552738
SME-00021,2022-12-22,2,0.2890567275204156
SME-00022,2023-06-02,3,0.18057635974562383
SME-00022,2023-06-10,3,0.6955334494348564
SME-00022,2022-07-12,2,0.40403085598037314
SME-00022,2022-05-16,3,0.33621045029269014
SME-00022,2023-05-14,2,-0.26958443715145924
SME-00022,2022-06-16,5,-0.41047126444102505
SME-00022,2022-07-14,5,0.17266057515620103
SME-00022,2022-07-25,3,0.3109075557152327
SME-00022,2022-10-27,4,-0.3494913700100842
SME-00023,2023-06-09,2,0.8854508488995623
SME-00023,2022-05-04,3,-0.02170955753100534
SME-00023,2023-01-12,3,0.17980628652761738
SME-00023,2022-06-23,3,0.4731431232839529
SME-00023,2022-10-18,3,0.3610241741391665
SME-00023,2022-01-08,2,-0.19600367643794753
SME-00023,2022-06-20,3,1.0
SME-00023,2022-12-28,3,0.10894226342928004
SME-00023,2022-08-03,2,1.0
SME-00023,2022-08-10,2,-0.06917682924566365
SME-00023,2022-12-02,5,0.5464189382078749
SME-00023,2022-04-29,3,0.9722931086387567
SME-00023,2023-04-05,4,-0.46914923879335574
SME-00023,2023-03-12,3,-0.007876770923152698
SME-00023,2022-07-16,4,0.5512552411267275
SME-00024,2022-04-14,3,0.17053356132929492
SME-00024,2022-03-04,4,-0.21273214166465443
SME-00024,2022-05-15,3,0.22999858065814466
SME-00024,2022-05-02,3,0.7803896439766855
SME-00024,2022-05-21,3,0.49062448801316616
SME-00024,2022-10-11,4,-0.16504385650437442
SME-00024,2022-11-03,2,0.0037590572815357493
SME-00024,2022-11-03,4,0.24513072908098102
SME-00024,2023-06-04,3,0.22638908047705206
SME-00024,2023-04-20,2,0.23022456625729532
SME-00025,2023-03-05,3,0.4182050611388798
SME-00025,2022-03-21,3,-0.07955714696356792
SME-00025,2023-06-05,1,0.15617908976630077
SME-00025,2023-06-03,3,0.3741746486862162
SME-00025,2023-03-01,3,0.5016761355737127
SME-00025,2022-09-14,4,0.27218611442431484
SME-00025,2023-03-02,4,-0.10602886712291532
SME-00026,2022-08-09,1,0.2648583886088325
SME-00026,2022-12-30,4,0.5669393032333572
SME-00026,2022-02-28,4,0.2199584984196003
SME-00026,2023-05-16,3,0.1189281713088062
SME-00026,2022-07-14,4,0.09692007392252322
SME-00026,2023-06-03,3,0.6042169733857621
SME-00026,2022-08-17,3,-0.53289483456132
SME-00026,2022-03-06,4,0.05642776031072938
SME-00026,2023-05-12,3,0.2437746307353499
SME-00026,2023-01-14,3,0.2700117408802786
SME-00026,2022-10-23,4,0.3490348537704502
SME-00026,2022-11-29,5,0.15394522365685856
SME-00026,2022-12-11,3,0.8489628397701117
SME-00027,2022-05-09,3,0.36333091654234884
SME-00027,2023-01-10,3,0.5707177236706518
SME-00027,2022-09-07,2,0.024591004293980367
SME-00027,2022-09-28,3,0.4532604654140258
SME-00027,2022-11-22,5,0.0987635890963117
SME-00027,2022-02-27,3,0.9656118217468439
SME-00027,2022-02-19,5,0.10793368682557017
SME-00027,2022-07-27,3,0.8639249467585026
SME-00028,2022-03-13,3,0.15062010240049323
SME-00028,2022-12-09,5,0.4905576405814705
SME-00028,2023-02-12,4,0.5732275258535894
SME-00028,2023-06-19,3,0.1298669495925082
SME-00028,2022-08-23,4,0.09062636271539601
SME-00028,2023-03-05,3,0.28088710278804635
SME-00028,2022-10-21,3,0.2118052013657336
SME-00028,2022-11-18,5,0.39002944843178367
SME-00028,2022-03-24,2,0.11605407245981098
SME-00028,2023-04-15,3,0.6590606734344335
SME-00028,2022-08-16,5,0.12123592103536926
SME-00028,2022-07-19,5,0.29675274059514173
SME-00028,2022-01-05,4,0.9844843534031786
SME-00029,2022-07-23,2,0.7407378592847295
SME-00029,2022-01-08,3,0.4872786635366038
SME-00029,2023-03-25,4,0.41728757221719687
SME-00029,2022-03-18,3,0.15531963104706278
SME-00029,2022-07-15,4,0.2882788710518381
SME-00029,2023-04-10,3,-0.6162428657567289
SME-00029,2022-03-17,4,-0.09812437039753524
SME-00029,2023-04-17,5,-0.043637289138036606
SME-00029,2023-05-30,3,-0.022244543766525293
SME-00030,2022-06-14,2,0.19957425760397107
SME-00030,2023-05-24,2,0.2937735648242954
SME-00030,2023-06-17,3,0.8640658433210149
SME-00030,2023-03-18,4,-0.14502547110296465
SME-00030,2022-03-21,3,0.06545479872700899
SME-00030,2022-05-27,3,0.47527511417339596
SME-00030,2023-02-25,2,0.4697893915276439
SME-00030,2022-03-13,4,0.29710213017469495
SME-00030,2022-01-19,4,-0.017101666154303363
SME-00030,2022-05-14,2,-0.08660811877511077
SME-00031,2022-04-24,3,-0.2059512443862494
SME-00031,2022-01-21,4,0.4981157590948246
SME-00031,2022-12-29,4,0.3215458855122915
SME-00031,2022-02-18,3,-0.10535630920849048
SME-00031,2022-05-11,2,0.17281944281937708
SME-00031,2022-05-09,3,0.7288844779847611
SME-00031,2022-05-23,3,1.0
SME-00031,2022-03-25,4,0.22211349719195167
SME-00031,2022-01-28,4,-0.2604484408525544
SME-00031,2023-01-25,3,0.6752093068093684
SME-00031,2023-05-25,3,0.3148721736613893
SME-00031,2022-06-13,3,0.5785328553565383
SME-00031,2022-06-29,3,0.26672631125447205
SME-00032,2022-05-08,4,0.30867177845266897
SME-00032,2022-09-08,2,-0.15494958182689011
SME-00032,2022-04-24,3,-0.31024328160218945
SME-00032,2023-05-02,1,-0.3611813148171748
SME-00032,2022-05-01,4,0.9784377295179008
SME-00032,2023-04-15,3,0.8534037237464402
SME-00032,2022-08-12,3,0.53329072660262
SME-00032,2022-09-29,3,0.38378826011898265
SME-00033,2022-12-20,3,0.601789327498609
SME-00033,2022-05-30,4,0.7437709515299837
SME-00033,2022-05-01,5,0.5179800140936716
SME-00033,2022-10-16,4,-0.15594191891334808
SME-00033,2022-01-22,5,-0.08732951276774342
SME-00033,2023-03-24,4,0.41061614763513127
SME-00033,2022-03-06,3,0.45273281999545534
SME-00033,2022-08-11,4,0.05651767402588781
SME-00033,2022-08-19,4,0.4992802106952864
SME-00033,2022-01-20,4,0.420007224606234
SME-00033,2022-12-04,3,0.7121184349042096
SME-00033,2022-05-17,5,0.6912197408507854
SME-00033,2022-06-29,5,0.4430762280390138
SME-00033,2023-06-22,3,-0.2825408687889525
SME-00033,2022-12-03,3,0.6672685561864484
SME-00033,2023-05-06,3,0.4295218609872329
SME-00033,2023-06-02,4,0.4806666445057562
SME-00033,2022-02-05,4,0.5707230839227758
SME-00033,2022-07-08,4,0.06906465080765051
SME-00034,2022-06-13,2,-0.005917693747458153
SME-00034,2023-02-15,3,-0.16105482626250472
SME-00034,2022-03-29,3,0.3377926085842231
SME-00034,2022-11-19,3,0.42499227411736545
SME-00034,2022-08-28,4,0.46033927676057723
SME-00034,2023-04-19,4,0.3373472200667339
SME-00034,2022-07-22,3,-0.16037122853023578
SME-00034,2023-04-10,4,-0.3942139923621835
SME-00034,2022-06-11,5,0.8678585897848172
SME-00034,2022-01-21,3,0.16044903750461978
SME-00034,2022-02-15,3,0.28374502415971764
SME-00034,2022-07-24,3,0.15605318069300408
SME-00035,2023-05-18,4,0.40915859754584555
SME-00035,2022-01-04,3,0.03177107559142711
SME-00035,2023-02-13,5,-0.050557454429695003
SME-00035,2023-06-09,3,-0.13055223336588562
SME-00035,2022-03-31,3,0.03331014822892997
SME-00035,2022-03-20,1,-0.2599456484134299
SME-00035,2022-09-18,2,-0.13655120575815222
SME-00035,2022-09-06,4,0.1191120191793994
SME-00035,2023-01-24,5,-0.36422533060365053
SME-00035,2022-05-17,4,0.38928061025513605
SME-00036,2022-07-01,3,0.06473630456209858
SME-00036,2023-03-28,4,0.8340201893254364
SME-00036,2023-03-13,5,-0.31295572607575256
SME-00036,2023-05-10,3,0.32775830635279796
SME-00036,2022-04-27,4,0.5523961547787163
SME-00036,2022-10-14,3,0.6181234393461119
SME-00036,2022-08-25,3,0.7427994449763367
SME-00036,2022-06-15,5,0.7827152457155737
SME-00036,2023-05-04,4,0.40222321077747014
SME-00036,2022-08-02,1,0.167505665407623
SME-00036,2022-05-01,2,0.03686504487970643
SME-00036,2022-05-22,2,0.491239035293941
SME-00037,2022-07-07,3,0.6684791843257538
SME-00037,2023-04-02,4,1.0
SME-00037,2023-04-21,4,0.21530405412471287
SME-00037,2022-07-14,2,-0.0758714467047008
SME-00037,2022-07-12,4,0.2761952748829548
SME-00037,2022-11-06,3,-0.31556213294898533
SME-00037,2022-08-17,2,0.9118961008830433
SME-00037,2022-11-09,4,0.44415832413027745
SME-00037,2023-06-04,5,-0.07428313941675296
SME-00037,2022-04-10,3,0.7759861818759721
SME-00037,2022-10-13,3,0.5005033643219826
SME-00038,2022-08-28,2,0.013040488268457162
SME-00038,2023-06-14,3,-0.3505807232453311
SME-00038,2022-03-10,5,0.05324557249792761
SME-00038,2023-05-08,4,0.39088797496600086
SME-00038,2023-04-24,3,0.8691148715209687
SME-00038,2023-01-02,4,0.6157600819653847
SME-00038,2022-01-08,4,0.7702173087313635
SME-00038,2023-02-07,3,-0.0296540502096877
SME-00038,2022-03-08,4,0.1856157225170736
SME-00039,2023-06-03,4,0.29311333077102913
SME-00039,2022-08-14,2,0.4413676916337246
SME-00039,2023-02-22,4,0.07663096590886453
SME-00039,2022-04-19,4,0.6729696659177811
SME-00039,2022-09-21,3,0.2673238186619959
SME-00039,2023-01-10,4,-0.3281647527613342
SME-00039,2022-05-07,4,0.5274411151446325
SME-00039,2022-11-23,3,1.0
SME-00039,2022-10-06,2,0.02393001627271335
SME-00039,2022-12-08,3,0.24255053096985968
SME-00039,2023-04-18,4,0.4268328638237491
SME-00039,2023-06-12,4,0.3915196139238249
SME-00039,2023-03-31,3,0.4568763653612304
SME-00039,2023-01-04,4,-0.09438633879089148
SME-00040,2022-10-19,2,0.2049763913316634
SME-00040,2022-06-25,2,0.25900021208536017
SME-00040,2022-01-18,3,-0.35074222019483164
SME-00040,2023-06-09,4,-0.015519010500057051
SME-00040,2022-11-13,3,-0.7398346799221236
SME-00040,2022-06-12,3,-0.009952714876742264
SME-00040,2022-12-27,4,0.7025818286168322
SME-00040,2022-10-22,4,1.0
SME-00040,2023-03-04,4,0.1670077797981367
SME-00040,2022-05-20,4,-0.2378287614693136
SME-00040,2022-11-27,4,0.43534902791743546
SME-00040,2023-04-16,2,-0.025987714113211158
SME-00040,2023-02-25,3,0.44562097677454077
SME-00040,2022-07-14,3,-0.37165767757112594
SME-00040,2023-04-10,3,0.02478538707000677
SME-00041,2022-04-27,5,0.6549073037502429
SME-00041,2022-08-03,3,0.25623918022240944
SME-00041,2023-06-18,3,0.3331142176448388
SME-00041,2022-05-30,4,-0.3066357101225537
SME-00041,2022-07-12,3,0.5311539849675474
SME-00041,2022-07-28,3,0.3084049067506697
SME-00041,2022-03-21,3,0.09238735072798693
SME-00041,2022-12-01,4,-0.22658817716105678
SME-00041,2022-05-09,3,0.1751293407073376
SME-00041,2022-03-23,3,0.17046556463795076
SME-00041,2022-04-10,3,0.4040365448751453
SME-00041,2022-03-14,3,0.0618899930800037
SME-00041,2023-06-12,5,0.10515568381740911
SME-00041,2022-03-31,4,-0.1930016247036136
SME-00041,2023-03-02,3,1.0
SME-00041,2022-07-18,3,0.6366911020407984
SME-00041,2023-06-28,2,0.51636477560403
SME-00042,2022-09-15,1,0.5031784479237269
SME-00042,2022-01-10,4,0.10240685239977498
SME-00042,2022-03-25,4,0.45004974730149105
SME-00042,2022-12-29,4,0.4506185685613691
SME-00043,2022-10-10,3,0.6219115831274957
SME-00043,2022-09-10,3,-0.03280958362190778
SME-00043,2022-03-03,3,0.20098390483142436
SME-00043,2022-12-24,3,0.1790606000187553
SME-00043,2023-02-25,3,0.8211712016777111
SME-00043,2022-09-11,2,0.5024913305487505
SME-00043,2022-09-17,2,0.19824302001460137
SME-00043,2022-11-16,4,0.045701618730748794
SME-00043,2023-04-14,2,-0.24517184330221048
SME-00043,2022-02-14,5,0.43800728130930844
SME-00044,2022-04-23,4,0.08422805927063004
SME-00044,2023-06-03,4,0.05731309809931412
SME-00044,2023-06-15,2,0.26459644452518705
SME-00044,2022-08-13,2,0.3571559681180332
SME-00044,2023-06-01,4,0.08141949600054318
SME-00044,2022-08-22,3,0.8183071796888028
SME-00044,2022-07-04,3,-0.2043529525217453
SME-00044,2022-07-22,5,0.7702973561953115
SME-00044,2023-03-24,2,-0.5847542304161535
SME-00044,2022-09-26,5,0.25273388190258933
SME-00044,2022-11-22,4,0.32732180124668364
SME-00044,2022-06-08,4,0.19178236567585877
SME-00044,2022-08-13,3,0.6420014460014023
SME-00044,2022-06-09,3,0.6852457899591734
SME-00045,2022-04-27,5,0.17325777074056944
SME-00045,2022-12-15,3,0.2334822201663912
SME-00045,2022-06-25,3,0.5787804884931779
SME-00045,2023-06-05,5,0.53435440518393
SME-00045,2022-02-08,3,0.046310107825436764
SME-00045,2023-01-19,3,0.9387603408037382
SME-00045,2023-01-18,4,0.9869340273607294
SME-00045,2022-11-30,4,0.6366839629971777
SME-00045,2023-02-23,3,1.0
SME-00045,2022-09-24,4,0.004743532839596221
SME-00045,2022-04-17,3,0.2903316768818253
SME-00045,2023-02-01,2,-0.03358425622552835
SME-00045,2023-03-28,3,0.8388965489708204
SME-00045,2022-08-04,4,0.3977122551787198
SME-00045,2022-02-19,1,-0.11159292386861824
SME-00045,2022-10-20,4,0.3985455176594358
SME-00045,2023-05-03,3,0.6566491052351704
SME-00046,2022-04-07,3,1.0
SME-00046,2022-03-29,3,-0.07260406103166706
SME-00046,2023-02-22,3,-0.12451664232414134
SME-00046,2023-01-03,3,0.5335616258487739
SME-00046,2022-09-24,3,0.7793551614219347
SME-00046,2022-01-29,4,0.8235492732142213
SME-00046,2023-06-29,4,0.9695565396690113
SME-00046,2022-05-10,3,0.4894904080701772
SME-00046,2022-04-13,4,0.9407096333902842
SME-00046,2022-11-24,3,0.0439638765959669
SME-00046,2022-07-13,4,0.3590722279968306
SME-00046,2022-11-13,1,0.9369086466456471
SME-00046,2022-01-15,3,-0.41030538608948036
SME-00046,2022-07-16,4,0.09723122158069514
SME-00046,2022-07-20,3,-0.09363495073633626
SME-00047,2023-05-27,3,-0.27590494147742745
SME-00047,2022-05-12,3,-0.32130773812440333
SME-00047,2022-07-19,4,-0.03561071130243537
SME-00047,2022-09-06,3,0.410335053725278
SME-00047,2023-01-15,3,0.60460459365973
SME-00047,2022-05-16,4,0.10955643446409308
SME-00047,2022-02-06,3,0.16842390505321195
SME-00047,2022-09-15,2,0.24994456897529552
SME-00047,2022-01-09,3,0.9687827779503515
SME-00047,2022-05-09,4,0.0973914809155908
SME-00047,2022-06-17,2,0.4753615642143101
SME-00047,2022-07-15,2,0.12064302123788428
SME-00047,2022-09-29,3,0.053079612582763225
SME-00047,2022-12-14,5,0.3974295305728681
SME-00047,2022-06-15,3,0.29885309612060307
SME-00047,2022-06-20,4,0.23501485680497308
SME-00047,2022-10-18,3,0.7132050713762431
SME-00048,2022-09-18,3,-0.047762023594040526
SME-00048,2022-02-13,4,0.4406034425028183
SME-00048,2023-02-12,2,0.28373578837136504
SME-00048,2023-03-23,4,0.1324619143669214
SME-00048,2023-02-11,2,0.019529751107431437
SME-00048,2022-08-18,3,1.0
SME-00048,2022-04-18,3,0.19743135337182888
SME-00048,2023-03-19,4,0.5816428188297504
SME-00048,2022-02-02,4,0.28829121429963006
SME-00048,2022-03-17,3,1.0
SME-00048,2022-10-12,4,0.042569719012659046
SME-00048,2022-01-12,2,0.2596629657317465
SME-00048,2022-03-06,4,0.49236876149165776
SME-00049,2022-06-29,4,-0.27916261187980024
SME-00049,2022-08-21,2,0.652817237678604
SME-00049,2022-09-17,2,-0.04238036070346013
SME-00049,2022-12-20,4,0.10330911392531622
SME-00049,2022-10-07,5,0.35769243806111967
SME-00049,2022-04-01,3,0.5610442325442998
SME-00049,2023-04-23,3,-0.8775944300256151
SME-00049,2023-03-05,3,-0.3615678341499899
SME-00049,2022-12-15,3,0.3983616547663494
SME-00049,2022-11-16,3,0.15458554051673395
SME-00049,2022-10-08,4,-0.08383999507731321
SME-00049,2022-02-15,5,0.4095031539651726
SME-00049,2023-04-27,2,-0.3904749299362315
SME-00049,2023-01-08,3,0.32234368612074044
SME-00049,2022-09-23,3,-0.13310729490230228
SME-00049,2022-03-03,4,0.95255189567404
SME-00050,2022-02-19,3,0.4166458984463227
SME-00050,2022-01-04,2,0.2360015581321112
SME-00050,2022-11-30,3,0.4503039309735705
SME-00050,2022-08-10,3,-0.11146436350901417
SME-00050,2022-09-24,3,0.44618385258153437
SME-00050,2022-09-14,3,0.8644672493145609
SME-00050,2022-06-20,4,0.052232686451374355
SME-00050,2022-06-13,4,0.7506495931676824
SME-00050,2022-06-26,5,0.23762998390814136
SME-00050,2022-03-04,4,0.7801604195705197
SME-00050,2023-03-01,2,0.11687765100617914
SME-00050,2022-10-16,5,0.766127393385642
SME-00051,2022-08-24,2,-0.23020335403982833
SME-00051,2022-09-15,3,0.872973215761297
SME-00051,2022-07-10,4,0.18572647763272
SME-00051,2022-09-29,3,0.2970151454074656
SME-00051,2022-01-10,3,0.5125042652040972
SME-00051,2022-04-01,4,-0.12269850571685104
SME-00051,2023-01-18,4,0.32575890265687857
SME-00051,2022-12-02,2,0.1687890184313824
SME-00051,2022-08-21,3,-0.09879102602787265
SME-00051,2023-05-05,4,-0.05480743492088114
SME-00051,2022-02-11,3,0.7767003114980777
SME-00052,2023-01-08,4,-0.005633635704231255
SME-00052,2022-03-06,2,-0.3416444059686507
SME-00052,2023-05-10,5,0.3898554284755023
SME-00052,2022-03-25,4,0.9540268514221824
SME-00052,2022-11-15,1,0.7533418605670796
SME-00052,2022-09-03,3,-0.5215696195616863
SME-00052,2022-11-15,3,0.021615894110298906
SME-00052,2022-10-05,3,0.1668674404344352
SME-00052,2022-12-28,3,0.29615696718612816
SME-00052,2022-04-19,3,-0.16858202410551143
SME-00053,2023-01-18,3,0.6209391657019772
SME-00053,2022-03-03,4,-0.7161266489305806
SME-00053,2023-06-21,4,0.04546796621756377
SME-00053,2022-06-28,3,0.6161482641575464
SME-00053,2023-01-14,3,0.3623368377993611
SME-00053,2023-03-11,4,0.01636574973401389
SME-00053,2023-05-31,3,-0.17994060128286232
SME-00053,2022-08-02,4,-0.22353599850404499
SME-00053,2022-03-30,3,0.8508860129896874
SME-00053,2022-04-14,2,-0.2924393626904925
SME-00054,2023-01-06,4,0.2904122762974495
SME-00054,2023-01-15,3,-0.632103027836368
SME-00054,2022-07-06,3,0.3045186814635883
SME-00054,2022-08-29,3,0.5454723268351702
SME-00054,2023-05-25,5,1.0
SME-00054,2022-12-26,3,0.21395996162523545
SME-00054,2023-01-29,2,-0.09627152437193692
SME-00054,2023-03-15,3,-0.27203167410976853
SME-00054,2022-02-27,3,-0.08391130760296195
SME-00054,2023-01-03,3,0.4410726546576299
SME-00054,2023-04-19,4,0.19833575040222684
SME-00054,2022-10-15,3,0.7005073887671536
SME-00055,2022-12-22,3,0.15728987774962067
SME-00055,2022-12-31,3,0.16757890827240285
SME-00055,2022-04-23,3,0.0613258200944487
SME-00055,2022-03-03,4,0.18103215853023058
SME-00055,2022-08-20,3,0.22910658767635525
SME-00055,2022-07-05,5,-0.2546617815626389
SME-00055,2022-08-10,3,0.22221697001453075
SME-00055,2023-05-04,4,0.8155954266706447
SME-00055,2022-07-09,3,-0.13242490434543203
SME-00055,2022-08-13,3,-0.18555340423473754
SME-00055,2022-02-20,3,0.6368789253162119
SME-00055,2022-04-27,3,0.4652228664469447
SME-00055,2022-02-22,2,0.2405053991744706
SME-00055,2023-01-31,3,0.021978351391270023
SME-00055,2023-05-24,3,0.2350709116436076
SME-00056,2022-10-22,4,0.5626743990998324
SME-00056,2022-06-24,4,0.6975765375760568
SME-00056,2022-06-29,2,0.23829162552291616
SME-00056,2023-02-04,4,-0.07418384741534945
SME-00056,2022-12-07,3,0.4998209074745583
SME-00056,2023-06-10,3,0.44131141604300395
SME-00056,2022-06-11,4,0.6175139926979483
SME-00057,2023-04-25,4,0.19590132828146606
SME-00057,2022-07-11,4,0.4063878447223938
SME-00057,2023-04-09,3,-0.0391574304720152
SME-00057,2022-08-15,4,0.3814985462534518
SME-00057,2022-03-08,3,-0.8868581447712738
SME-00057,2022-11-26,3,-0.0912024861522433
SME-00057,2022-09-14,3,0.1808123163177196
SME-00057,2023-02-08,3,0.37651192320244053
SME-00057,2023-01-23,5,0.8634841534949573
SME-00057,2023-04-01,3,0.12911724783352094
SME-00058,2023-03-30,4,0.4502310983425897
SME-00058,2022-01-27,3,0.22095941967244404
SME-00058,2022-10-31,4,0.11277351972416258
SME-00058,2022-10-27,5,0.14519895702080315
SME-00058,2022-04-19,4,0.41854650006978356
SME-00058,2022-05-09,3,1.0
SME-00058,2022-09-26,3,1.0
SME-00058,2022-11-22,5,-0.17425286422360958
SME-00058,2022-08-22,3,0.2104012299823751
SME-00058,2023-01-12,3,-0.04094664843630508
SME-00058,2022-02-07,4,-0.03254777926395552
SME-00058,2022-02-05,3,0.24511953052282076
SME-00058,2022-04-03,4,0.07687274725208237
SME-00059,2022-11-29,5,0.3631545483812531
SME-00059,2022-10-20,4,0.0683357457312295
SME-00059,2023-05-03,4,0.20747277311101742
SME-00059,2023-01-01,4,0.3388179773500496
SME-00059,2023-05-15,4,0.8918854484140333
SME-00059,2022-03-13,2,0.5367307498394964
SME-00059,2022-07-21,4,0.4953694872398496
SME-00059,2022-03-08,4,0.49130955935361237
SME-00059,2022-05-25,3,0.4852103373161343
SME-00059,2023-02-26,4,0.11667985270723319
SME-00059,2022-04-08,4,0.7803578513977414
SME-00059,2022-06-16,4,0.22358014528556713
SME-00059,2023-04-16,3,0.8896380986282968
SME-00060,2022-02-25,2,0.06691590512058518
SME-00060,2023-02-21,3,-0.15041910718826973
SME-00060,2022-11-25,2,-0.06144949611960088
SME-00060,2022-12-24,2,-0.03568428573482246
SME-00060,2022-02-06,4,-0.22845425585879858
SME-00060,2022-03-23,3,-0.3494075718311847
SME-00060,2022-08-25,3,0.32346930294779275
SME-00061,2022-04-20,3,0.00896063590934748
SME-00061,2022-03-02,3,-0.5780067557472277
SME-00061,2022-04-18,3,0.8202424305666824
SME-00061,2022-11-22,3,0.5341383907880978
SME-00061,2022-11-04,3,0.2165192932190534
SME-00061,2022-05-27,3,-0.2989955163034252
SME-00061,2022-01-28,3,0.4903863454755191
SME-00061,2022-02-17,3,1.0
SME-00061,2023-01-29,2,0.5063690103175189
SME-00061,2022-07-14,5,0.6755650570389007
SME-00061,2022-12-30,3,0.5469389221662997
SME-00061,2022-06-27,3,0.4957622454360735
SME-00061,2022-06-19,2,0.5147264417118358
SME-00061,2023-04-14,2,0.033687595432628836
SME-00061,2022-04-28,3,0.6176748267616123
SME-00061,2022-09-12,4,0.6130361656003409
SME-00062,2022-06-03,4,0.286905851669022
SME-00062,2022-07-09,4,0.7821814375918885
SME-00062,2022-01-08,2,-0.3529012824229811
SME-00062,2022-01-02,5,0.30061291015308483
SME-00062,2022-10-05,3,0.2516701163595294
SME-00062,2022-09-07,4,1.0
SME-00062,2023-01-05,3,0.6502100751019814
SME-00062,2023-05-08,4,0.7482723634506867
SME-00062,2022-10-29,3,-0.1349242112860971
SME-00062,2023-03-03,3,0.29912874231974784
SME-00062,2022-11-12,3,0.6925626265222886
SME-00062,2022-09-05,4,0.690076991055357
SME-00062,2022-05-16,4,0.1702302121433982
SME-00062,2023-01-15,3,0.21711009700446082
SME-00062,2022-11-02,4,-0.08379805291408593
SME-00063,2022-03-31,4,0.6262546479025317
SME-00063,2022-08-22,2,0.5058754943753805
SME-00063,2022-08-14,4,0.2677301591547131
SME-00063,2022-08-28,3,0.35588889624968434
SME-00063,2022-09-07,3,0.07911652840433708
SME-00063,2022-07-24,2,0.17558879768415958
SME-00063,2022-04-15,2,0.2100224981486294
SME-00063,2023-02-27,3,0.2168676681539332
SME-00063,2022-04-19,2,0.3661419776018424
SME-00063,2022-10-31,3,-0.3519002965652042
SME-00063,2023-01-01,5,0.4619541488402422
SME-00063,2022-10-17,3,-0.042554078958020936
SME-00063,2022-10-18,4,0.9158379802727088
SME-00064,2023-05-05,4,-0.07897253587804415
SME-00064,2022-07-12,2,0.7713907321194526
SME-00064,2023-02-18,3,0.3251890252189578
SME-00064,2022-08-25,3,-0.3064273898556194
SME-00064,2022-04-01,3,0.7169708579499519
SME-00064,2022-10-17,5,0.5732704271859278
SME-00064,2022-07-12,2,0.5493485009947732
SME-00064,2023-02-02,4,0.13175641834557475
SME-00064,2022-09-26,4,0.007469712314908117
SME-00064,2023-04-27,3,0.23117591476281668
SME-00064,2022-03-10,3,0.6258454904898304
SME-00064,2022-12-19,3,0.02579715224346324
SME-00064,2023-03-01,2,0.7923237929374201
SME-00065,2022-05-04,3,0.10482176107907443
SME-00065,2023-06-04,3,-0.1885161343024434
SME-00065,2022-04-13,3,0.45399793765136753
SME-00065,2022-02-13,4,0.8911320994814673
SME-00065,2023-05-16,3,-0.0581750698905511
SME-00065,2022-06-14,4,1.0
SME-00065,2022-06-24,4,0.22695895043712427
SME-00065,2022-03-17,4,0.30420183432806797
SME-00065,2022-11-28,4,0.573095072024268
SME-00065,2023-03-26,2,0.1473975846161879
SME-00065,2022-02-02,2,0.18544236020840765
SME-00066,2022-06-29,2,-0.05849549271539173
SME-00066,2022-12-10,3,0.5950343182762053
SME-00066,2022-09-10,4,0.6380493232710869
SME-00066,2022-02-14,3,0.5193307370230864
SME-00066,2023-06-15,1,0.3975443370664786
SME-00066,2023-03-24,4,0.8287805981891845
SME-00066,2022-09-29,3,0.2666593490945405
SME-00066,2023-01-29,4,-0.07527631594095002
SME-00066,2022-08-25,5,-0.6097701386857295
SME-00066,2023-01-07,3,-0.24366359018221712
SME-00066,2023-04-22,3,0.29893959738957804
SME-00066,2023-06-23,4,0.19973626663573663
SME-00066,2022-07-27,3,0.010299347608470288
SME-00066,2022-05-10,3,-0.009581845155276436
SME-00067,2022-11-19,3,0.17993177503881547
SME-00067,2022-07-10,3,0.0678295637102308
SME-00067,2022-12-12,4,0.20584462959920674
SME-00067,2022-08-29,2,0.6002158434879659
SME-00067,2023-05-15,4,-0.1894705391235455
SME-00067,2022-02-20,2,-0.40287386695429545
SME-00067,2023-03-07,1,0.2197641928775449
SME-00067,2022-01-17,2,-0.3037570114782247
SME-00067,2023-06-02,2,0.542886717780221
SME-00067,2022-12-10,5,0.13056740692965524
SME-00068,2022-03-21,4,-0.030142281542330618
SME-00068,2022-03-02,2,-0.12560402776973795
SME-00068,2022-12-09,3,0.08683057910862185
SME-00068,2023-02-18,2,0.6869463988941894
SME-00068,2022-05-11,3,0.37882380642724217
SME-00068,2022-02-08,3,-0.1250381562713676
SME-00068,2022-06-16,3,0.08129716636860213
SME-00068,2023-06-20,3,0.5512486735098237
SME-00068,2022-01-14,4,-0.056423767152604
SME-00068,2023-01-03,4,0.3126209969937396
SME-00069,2022-09-22,3,0.5231165869859282
SME-00069,2022-07-02,4,0.7890766323422667
SME-00069,2023-05-11,4,0.3467244811011565
SME-00069,2022-04-04,2,-0.3743986123297563
SME-00069,2023-06-04,4,0.2289819575751893
SME-00069,2022-07-21,3,0.1472969575007465
SME-00069,2022-07-09,4,0.9566167759489881
SME-00069,2023-06-23,3,0.7737201250184884
SME-00069,2023-06-11,3,0.6780885399907037
SME-00069,2022-04-20,3,-0.33483416695218976
SME-00070,2022-01-16,4,0.269170850507131
SME-00070,2022-01-08,4,0.3239084069856475
SME-00070,2023-03-04,2,0.9678446219830288
SME-00070,2022-08-27,4,-0.04837670264611693
SME-00070,2022-06-14,4,0.05254416426034478
SME-00070,2023-05-23,2,-0.26838960912457804
SME-00070,2022-03-24,3,0.3024203052404682
SME-00070,2023-06-23,3,0.7016225472528635
SME-00070,2023-01-31,2,-0.4558103429427775
SME-00070,2022-11-20,3,0.6170973901149199
SME-00070,2022-07-21,4,0.05099166341098477
SME-00070,2022-01-27,3,-0.11431347154555138
SME-00070,2022-09-06,2,0.30315897134566683
SME-00070,2022-06-30,2,0.6798492312554008
SME-00070,2023-06-04,3,0.48417815711692624
SME-00071,2023-01-19,3,-0.00169887969127408
SME-00071,2022-06-28,2,0.5083071797766198
SME-00071,2023-06-03,3,1.0
SME-00071,2022-11-05,3,-0.10835702165589728
SME-00071,2022-05-26,3,0.006071184717040268
SME-00071,2022-12-22,3,-0.13677284517724175
SME-00071,2022-12-07,3,0.299555274483497
SME-00071,2022-10-23,3,-0.6307134476479899
SME-00071,2023-02-26,4,0.15031020200421705
SME-00071,2022-09-05,2,0.20600272514113077
SME-00071,2023-01-26,4,-0.2528133623677597
SME-00071,2022-05-01,3,0.44499271801377727
SME-00072,2022-09-20,3,0.5464590309476216
SME-00072,2022-04-12,4,0.38503631918712555
SME-00072,2022-10-27,2,0.2794020831054665
SME-00072,2022-08-20,2,1.0
SME-00072,2023-01-30,3,0.8013428406123284
SME-00072,2022-07-25,4,0.6446017503208645
SME-00072,2022-07-23,4,0.07800791198544033
SME-00072,2022-11-08,4,0.2027309614457508
SME-00072,2022-11-13,3,0.2588226531001383
SME-00072,2023-01-10,3,0.21897648642936152
SME-00072,2022-08-20,4,0.08823813772541367
SME-00072,2022-12-28,2,0.07976779410875154
SME-00072,2022-12-06,3,0.4233006702044084
SME-00073,2022-08-10,4,0.24337154040488115
SME-00073,2022-09-15,4,-0.04840741544312793
SME-00073,2022-03-21,3,-0.18712515960501536
SME-00073,2022-12-03,2,0.020304237163436822
SME-00073,2022-05-24,2,0.07182570516690714
SME-00073,2022-09-23,3,0.5041482093351258
SME-00073,2022-12-17,2,0.20094828445596088
SME-00073,2023-03-12,4,0.08456195870078592
SME-00073,2023-03-30,2,-0.14258633765991352
SME-00073,2023-06-12,3,0.6283255976426838
SME-00073,2023-03-16,5,0.5747080479490205
SME-00073,2023-04-30,2,0.8538927742913838
SME-00073,2023-01-25,3,0.4464639970191817
SME-00073,2022-12-20,2,0.3710858567170848
SME-00074,2022-08-27,2,-0.4165758756242007
SME-00074,2022-01-21,2,0.003264442356012087
SME-00074,2022-02-01,1,-0.5577705450638433
SME-00074,2022-09-06,4,0.2986661932579247
SME-00074,2023-04-21,3,0.9174884869079205
SME-00074,2023-01-07,4,0.06438672216259358
SME-00074,2023-06-10,2,-0.4589011267577054
SME-00074,2023-05-31,4,-0.41286939777798454
SME-00074,2022-11-17,2,-0.04908509511670711
SME-00074,2023-04-25,2,-0.4868221568299442
SME-00074,2023-01-30,3,0.6354358863939309
SME-00074,2022-12-01,4,0.341616211808519
SME-00074,2022-04-16,4,-0.11825130393316613
SME-00074,2023-04-03,2,0.3243362756537218
SME-00074,2022-04-25,3,-0.13119897876911157
SME-00074,2023-01-03,3,0.13037004004854022
SME-00074,2022-03-05,2,1.0
SME-00074,2022-12-11,3,0.8095626398157454
SME-00074,2023-05-16,2,0.6763242158194431
SME-00074,2022-01-23,3,-0.07261511744469695
SME-00075,2022-02-06,3,0.4009323513041119
SME-00075,2022-08-31,2,0.34676096666700124
SME-00075,2022-02-09,3,0.15811301274558473
SME-00075,2023-03-26,2,0.31604611304567587
SME-00075,2022-08-08,3,0.947755236551246
SME-00075,2023-05-24,2,0.2961230175322854
SME-00075,2023-04-18,4,0.36726363844311827
SME-00075,2023-05-05,4,0.16104869747087183
SME-00075,2023-02-06,2,0.4115728117482764
SME-00075,2022-02-21,5,-0.09509680625729916
SME-00075,2023-06-06,2,0.10920116273040167
SME-00075,2022-04-10,3,0.7084352544058219
SME-00075,2022-11-21,2,0.6961451834501478
SME-00075,2022-11-20,3,0.009311170963421767
SME-00075,2022-10-05,4,0.4436823178956773
SME-00075,2022-04-12,4,0.561909514523256
SME-00075,2022-09-29,3,0.2298095886359231
SME-00075,2023-05-17,4,0.5327599514982893
SME-00076,2022-07-13,3,-0.09081815711899965
SME-00076,2023-03-12,4,0.10797528796039041
SME-00076,2023-02-04,3,0.5988309975874423
SME-00076,2022-12-27,3,0.6573278588342361
SME-00076,2023-04-28,2,0.0606633791501123
SME-00076,2022-05-04,4,-0.08145450170638707
SME-00076,2022-10-16,3,-0.00624335990925623
SME-00076,2022-02-02,4,0.154043826210241
SME-00076,2022-05-10,5,0.2725397893759011
SME-00076,2022-10-16,3,0.4432631221933827
SME-00076,2022-09-28,3,0.26094262313776395
SME-00076,2023-04-21,2,0.41138972515153466
SME-00076,2023-03-19,3,-0.2448684932040313
SME-00076,2023-04-28,4,0.5261306681506139
SME-00076,2022-06-28,3,0.1861650980715194
SME-00077,2022-09-03,2,-0.23279662590220046
SME-00077,2022-04-12,2,0.4499507259846718
SME-00077,2022-09-14,4,0.7925689560335802
SME-00077,2022-11-24,4,0.2800591408715084
SME-00077,2023-03-23,3,0.35254758933693264
SME-00077,2022-08-23,4,0.43192037799488325
SME-00077,2022-03-04,2,0.16830328602246306
SME-00077,2022-11-27,3,0.3509066623009536
SME-00077,2022-01-18,2,0.5530509514989379
SME-00077,2022-01-19,2,0.7910608214748613
SME-00077,2023-04-09,3,-0.1251755288805919
SME-00077,2023-03-30,3,0.8984292087758292
SME-00077,2022-03-20,3,1.0
SME-00077,2022-06-17,4,0.044321832505522185
SME-00077,2022-02-11,3,0.5231019986052294
SME-00077,2022-11-23,2,0.25524235930095246
SME-00078,2022-04-24,4,0.33343948969501175
SME-00078,2023-05-25,2,0.8481318151869155
SME-00078,2022-08-26,2,-0.6017947117969153
SME-00078,2023-02-16,2,-0.1103743782656933
SME-00078,2022-11-22,2,0.12344072666285649
SME-00078,2022-10-09,3,-1.0
SME-00078,2023-05-31,4,0.8872015159926259
SME-00078,2022-11-12,4,0.7324102743536423
SME-00078,2023-04-09,2,-0.08218511511498144
SME-00079,2023-03-30,5,0.5011490563974403
SME-00079,2023-05-28,3,-0.3123348940501272
SME-00079,2023-03-11,3,0.453047816658886
SME-00079,2022-04-26,4,-0.1580274544710369
SME-00079,2023-04-18,3,0.21329188690362555
SME-00079,2022-10-15,3,0.13601854998693813
SME-00079,2022-05-15,4,0.8711293957699191
SME-00079,2022-06-09,3,0.8546581403871287
SME-00079,2022-09-13,4,-0.018051925012417425
SME-00079,2023-06-14,3,0.614473410990946
SME-00079,2022-07-23,2,0.26494606578967766
SME-00079,2022-06-26,5,0.3068930488414109
SME-00079,2023-02-27,3,-0.21477975156785029
SME-00079,2022-07-06,5,0.6130468548354926
SME-00080,2022-01-10,3,0.44107511177340664
SME-00080,2023-01-16,3,-0.17767234041974983
SME-00080,2023-06-02,4,-0.4262054702203944
SME-00080,2023-02-27,2,0.052642562000505266
SME-00080,2022-10-06,3,0.5257547917074945
SME-00080,2023-02-19,4,0.5578598901893657
SME-00080,2022-05-28,3,0.21813073792668497
SME-00080,2022-09-07,3,-0.7479251510136415
SME-00080,2022-03-11,3,-0.03519881117672852
SME-00081,2022-11-02,3,0.7858827310786617
SME-00081,2022-01-11,3,0.8564488591063477
SME-00081,2022-09-28,3,0.15211346010891727
SME-00081,2022-12-10,3,0.5803535071542972
SME-00081,2022-09-23,3,-0.21229269532572287
SME-00081,2022-11-09,4,0.17387806866360506
SME-00081,2022-05-28,2,0.6220695070216273
SME-00081,2023-06-13,4,-0.1785259117514853
SME-00081,2022-08-12,3,1.0
SME-00082,2022-05-20,3,0.029866224563506905
SME-00082,2023-04-25,3,0.6303465550297191
SME-00082,2023-06-04,1,0.23156111312360353
SME-00082,2022-03-26,3,0.5700112889582344
SME-00082,2022-10-31,3,0.38801001026822046
SME-00082,2023-04-06,4,-0.2855414105567781
SME-00082,2022-04-10,3,0.09943536693412772
SME-00082,2022-01-06,4,-0.8075589392820897
SME-00083,2023-03-14,3,-0.1371884592989206
SME-00083,2023-01-17,3,0.19505176044194034
SME-00083,2022-02-21,3,1.0
SME-00083,2022-01-18,4,0.36043407183115594
SME-00083,2023-06-15,3,0.36737673026624973
SME-00083,2023-02-24,4,0.012312960523372718
SME-00083,2022-12-26,3,0.2954763010708211
SME-00083,2023-06-13,4,-0.39710061382964074
SME-00083,2022-07-02,2,0.5649215674283459
SME-00083,2022-02-09,3,0.02093829818698356
SME-00083,2023-06-14,3,0.07482028139584151
SME-00083,2022-03-10,3,0.3226840030051232
SME-00083,2022-05-25,2,0.06492394457790948
SME-00083,2022-08-27,4,-0.23583503276696843
SME-00083,2022-03-24,3,0.2747211529357491
SME-00084,2022-06-13,5,0.42299953334815055
SME-00084,2022-11-17,5,0.5227235713001976
SME-00084,2022-09-14,2,0.07078115749782612
SME-00084,2022-08-21,4,0.5272212428862106
SME-00084,2022-04-06,4,0.2014339413710849
SME-00084,2022-12-26,3,0.506279410448575
SME-00084,2023-06-21,4,-0.3440915967573271
SME-00084,2023-01-11,2,0.2098716094038212
SME-00084,2023-01-13,3,-0.28310850652553526
SME-00084,2023-03-04,1,0.8350763312894685
SME-00084,2023-04-28,4,0.19412321030066465
SME-00084,2022-01-30,4,0.8937028509582636
SME-00084,2023-03-14,3,0.3420441778642934
SME-00085,2022-01-31,4,0.5580778292084336
SME-00085,2023-02-01,2,-0.7431214250430609
SME-00085,2023-04-26,3,0.3574384126441342
SME-00085,2022-11-01,3,0.7039412432575174
SME-00085,2023-01-25,3,0.1429318158107797
SME-00085,2022-07-13,4,-0.10921843220713118
SME-00086,2022-01-15,1,0.6024523149459093
SME-00086,2022-11-08,2,0.005776073796215642
SME-00086,2022-02-03,4,0.027313494539818073
SME-00086,2023-05-03,3,0.28244679148275387
SME-00086,2023-06-18,3,0.5177459113104085
SME-00086,2022-03-23,2,0.15451619618299228
SME-00086,2023-05-05,4,0.8196460289192427
SME-00086,2022-01-20,4,-0.09780331742589454
SME-00086,2022-11-14,2,0.3476735683624277
SME-00086,2022-10-09,2,0.921791187187921
SME-00087,2023-02-12,4,-0.3520895069561986
SME-00087,2022-04-25,3,0.6448220446145991
SME-00087,2022-08-01,3,0.09108222191279591
SME-00087,2022-10-03,4,0.46730606759072546
SME-00087,2022-02-08,3,0.5715182883009111
SME-00087,2022-08-06,2,-0.3015960749953936
SME-00087,2022-02-05,4,0.07289618665386641
SME-00087,2022-06-29,3,0.7015027202386876
SME-00087,2022-06-30,4,0.4674295572523051
SME-00087,2023-02-04,3,-0.10517538494414524
SME-00087,2022-02-16,4,0.27641072569180375
SME-00087,2023-02-04,4,-0.3618862401433744
SME-00087,2022-10-22,2,1.0
SME-00087,2023-02-22,3,0.585377238820249
SME-00088,2022-03-07,4,-0.5012159305620212
SME-00088,2022-09-13,3,0.6846300231350633
SME-00088,2023-06-24,3,0.13255131870119455
SME-00088,2022-02-22,3,0.21116656141417128
SME-00088,2023-05-24,4,0.8018474236043021
SME-00088,2023-02-19,5,-0.14718542033314447
SME-00088,2023-01-03,3,0.12772486481514783
SME-00088,2022-01-04,3,-0.25101823696762343
SME-00088,2023-03-18,4,0.4886342256260634
SME-00088,2022-07-17,3,0.4939682595248252
SME-00088,2022-09-16,2,0.9335149162390795
SME-00088,2023-01-26,3,0.4987919111758642
SME-00089,2023-06-06,3,0.24624022404027093
SME-00089,2023-01-17,3,0.537680194403234
SME-00089,2022-09-09,5,-0.19896315877207754
SME-00089,2022-07-23,3,0.3518854274826087
SME-00089,2023-06-19,3,0.4009053723162088
SME-00089,2023-06-16,3,0.2632328743766921
SME-00089,2022-11-14,4,0.8252914722546187
SME-00089,2022-11-06,1,-0.15994949333253233
SME-00089,2023-03-02,2,0.1875643355107265
SME-00089,2022-03-31,4,0.7530569561589959
SME-00089,2023-02-14,3,0.13940379204384418
SME-00089,2023-01-28,2,0.737502809203824
SME-00089,2023-04-04,2,-0.3673682304549834
SME-00090,2022-11-05,4,0.5379055610677264
SME-00090,2022-02-08,4,-0.1666249907158422
SME-00090,2022-12-18,4,0.311286285601023
SME-00090,2022-09-02,3,0.12053174294137498
SME-00090,2022-04-28,3,0.1375124469294723
SME-00090,2022-06-01,3,0.7514990621105202
SME-00090,2022-08-03,3,0.6230699293343918
SME-00090,2022-12-05,4,0.4770512381860155
SME-00090,2022-08-03,3,0.26899802750450663
SME-00090,2022-01-06,4,0.3505945774643471
SME-00090,2022-07-23,3,0.4428707826067856
SME-00090,2022-07-26,3,0.22413615423685007
SME-00090,2022-10-28,3,0.1539141637272362
SME-00090,2023-04-23,2,0.01733994432004493
SME-00090,2022-03-03,3,-0.24160192933555974
SME-00091,2022-06-01,3,0.07121222791969589
SME-00091,2023-06-19,4,0.0030846063364896037
SME-00091,2023-04-19,4,0.07000391825623631
SME-00091,2022-05-26,4,0.9849227132194198
SME-00091,2023-05-25,3,0.04303133846769791
SME-00091,2022-09-26,4,0.09593758550241269
SME-00091,2022-02-17,3,0.11485819580167272
SME-00091,2023-05-13,3,0.8230632627803909
SME-00091,2023-05-18,2,0.09559028698030586
SME-00091,2022-06-25,4,-0.32618170538980834
SME-00091,2023-04-26,2,0.7507106868515627
SME-00091,2022-03-01,5,0.6848832587411022
SME-00091,2022-12-10,4,0.9666620146747369
SME-00091,2022-03-01,3,0.6644228382315898
SME-00091,2022-02-12,2,0.8263572945962461
SME-00091,2022-04-28,3,0.4033012573627158
SME-00091,2022-12-28,3,0.08475419097870793
SME-00092,2022-02-07,4,1.0
SME-00092,2022-03-31,3,0.6140529647006481
SME-00092,2022-08-27,4,-0.26141542393808564
SME-00092,2022-11-28,4,0.2504948033818753
SME-00092,2022-03-31,2,0.30199057047595307
SME-00092,2022-02-17,3,-0.7689840371301488
SME-00092,2023-04-28,2,-0.20998212210970174
SME-00092,2022-10-11,3,-0.28296577565053677
SME-00092,2022-09-26,2,-0.8602754721679129
SME-00092,2022-10-13,3,0.016283094029189427
SME-00092,2022-02-27,4,0.17393728524968807
SME-00093,2022-09-02,4,0.745392414112903
SME-00093,2023-06-24,3,0.16830795282513175
SME-00093,2022-09-03,3,0.8295922113006788
SME-00093,2022-04-22,3,0.23306702868732837
SME-00093,2023-04-26,4,0.5736557545020095
SME-00093,2022-09-13,4,0.35715670639437824
SME-00093,2023-02-18,4,-0.24773887518703813
SME-00093,2022-12-28,3,0.8869418700347678
SME-00094,2022-04-28,4,0.4276961394011001
SME-00094,2022-09-27,4,-0.17758821028892513
SME-00094,2022-11-20,4,0.3245120929413803
SME-00094,2022-03-14,3,-0.09087984081420691
SME-00094,2023-03-20,4,-0.015217109697486686
SME-00094,2023-01-03,5,-0.039392962944604204
SME-00094,2022-10-01,5,0.7297153247580945
SME-00094,2023-06-19,3,0.5367651810643919
SME-00094,2022-03-16,4,0.7101021443148927
SME-00094,2022-10-04,3,0.0427202707325558
SME-00094,2022-03-16,4,0.48810006092103897
SME-00095,2022-03-29,4,0.004876006478887918
SME-00095,2022-09-15,2,0.8693816658502138
SME-00095,2023-02-14,4,0.980883312141293
SME-00095,2023-01-01,4,-0.09660186603107862
SME-00095,2022-01-30,3,0.9459973095115644
SME-00095,2022-12-04,4,0.4302674475159997
SME-00095,2022-05-01,3,-0.3856869247247002
SME-00096,2022-04-10,5,0.27274426254212075
SME-00096,2022-08-11,3,0.706058486658105
SME-00096,2023-03-06,3,0.2659734545229287
SME-00096,2022-09-28,3,0.34589495731633607
SME-00096,2022-06-23,3,0.4728659941983801
SME-00096,2022-02-11,4,0.3053435072650069
SME-00096,2023-05-09,4,-0.11535340482055106
SME-00097,2022-09-03,3,0.0036832332298710746
SME-00097,2023-03-27,3,0.29698408954609284
SME-00097,2022-02-12,4,0.09295999164865826
SME-00097,2022-09-23,3,0.4808129311183384
SME-00097,2023-01-26,3,0.1526941424663692
SME-00097,2022-09-21,3,0.5199931182511677
SME-00097,2022-10-18,4,-0.11171341389056028
SME-00097,2023-04-03,4,0.8241760914294927
SME-00097,2023-02-04,4,0.19184464277196178
SME-00097,2022-07-12,2,0.02693683401766167
SME-00097,2022-05-03,4,-0.05246994306855163
SME-00097,2022-08-27,4,-0.07578783852811322
SME-00097,2022-05-02,3,0.31722301881572496
SME-00098,2022-08-02,2,0.6433599447762535
SME-00098,2023-06-23,2,0.34033233292679205
SME-00098,2022-09-05,3,-0.07179230188691937
SME-00098,2023-03-18,4,0.6475815053578894
SME-00098,2022-09-17,3,0.17160816851944444
SME-00098,2022-08-13,2,0.40360319748940104
SME-00098,2022-05-29,3,-0.2758854196061254
SME-00098,2023-04-12,3,0.09164757834613363
SME-00098,2023-02-08,4,0.09689666506004435
SME-00098,2022-10-30,4,0.39467336391624147
SME-00098,2022-12-12,3,0.28195327572431794
SME-00098,2022-06-09,3,0.7712895803330504
SME-00098,2023-02-27,2,0.30244009557757856
SME-00098,2023-03-29,3,-0.09498818216471683
SME-00099,2022-12-04,3,0.10220816753680001
SME-00099,2022-09-23,4,-0.25606721356222956
SME-00099,2023-05-20,4,1.0
SME-00099,2022-07-03,3,0.3097761988104937
SME-00099,2023-01-06,3,0.20340753156951533
SME-00099,2022-10-20,4,-0.05823220800538753
SME-00099,2022-07-18,3,0.866938543279554
SME-00099,2022-03-30,4,0.3564265364026458
SME-00099,2022-11-22,4,0.0718995915704278
SME-00099,2022-01-17,4,0.03233273926771213
SME-00099,2023-01-28,5,0.3311437583028356
SME-00099,2022-05-31,3,0.9503728440418617
SME-00100,2022-03-23,2,0.750161084287027
SME-00100,2022-07-04,4,0.21179243004818268
SME-00100,2023-01-25,4,-0.22296944249748923
SME-00100,2022-12-13,3,0.6237549614448983
SME-00100,2022-01-14,3,0.3256741681116158
SME-00100,2023-03-10,2,0.11733882600969542
SME-00100,2022-07-30,4,-0.24080445233625564
SME-00100,2022-11-29,4,0.24336563285117102
SME-00101,2022-08-13,4,0.3236474829931598
SME-00101,2023-01-19,4,0.3806680508624258
SME-00101,2023-02-23,2,-0.12857630584878482
SME-00101,2023-03-06,3,-0.20412774528874372
SME-00101,2023-06-06,3,0.15630647636943037
SME-00101,2023-05-28,3,0.310756896879699
SME-00101,2022-09-07,3,-0.6464167345199014
SME-00101,2022-07-19,2,0.8735841769796939
SME-00101,2022-11-26,2,0.6581414835533683
SME-00101,2023-02-15,3,0.5671281268378741
SME-00101,2022-04-14,2,0.16966593906233368
SME-00101,2022-01-21,2,0.10494376912717848
SME-00101,2023-02-23,3,0.7989456248608136
SME-00101,2022-09-10,1,0.5995188517728689
SME-00101,2022-09-18,3,0.468653731041095
SME-00101,2023-05-30,2,0.5102858034916946
SME-00101,2023-04-27,3,0.923426920316319
SME-00101,2022-03-09,3,-0.22757485741886646
SME-00102,2022-09-10,5,0.4783584527695326
SME-00102,2023-03-13,3,0.426873677210334
SME-00102,2022-07-26,4,0.22447884928744516
SME-00102,2023-02-27,3,0.0537436335703943
SME-00102,2022-12-03,5,-0.42772155725788125
SME-00102,2022-06-25,3,0.607809216686116
SME-00102,2023-02-11,3,0.3534688851193182
SME-00102,2023-03-06,4,0.034274744934302825
SME-00102,2022-02-07,2,0.4580197646634495
SME-00102,2022-06-07,4,0.19806216745814326
SME-00102,2022-04-25,2,0.18978637985604951
SME-00102,2022-05-07,2,0.5684185359824037
SME-00102,2023-01-16,4,0.17545249782778316
SME-00102,2022-06-28,3,0.3264445743310537
SME-00103,2022-10-10,3,-0.11522922458741452
SME-00103,2022-10-08,5,-0.05907079771064511
SME-00103,2023-06-21,4,0.08356537174011874
SME-00103,2023-04-29,3,0.5688475238098745
SME-00103,2022-05-17,4,-0.10857598151279474
SME-00103,2022-01-10,1,0.4797460101271512
SME-00103,2022-06-25,4,0.6587520308099567
SME-00103,2022-12-20,3,0.8279800548202818
SME-00103,2023-02-21,3,0.15677824353127545
SME-00103,2022-11-11,3,0.5934104766178965
SME-00103,2023-06-20,4,0.29540793380858027
SME-00104,2022-11-28,3,-0.2868239196207288
SME-00104,2022-04-06,3,0.19997408079223866
SME-00104,2022-09-14,4,0.2128473198189781
SME-00104,2022-09-25,3,0.27656767293220114
SME-00104,2023-03-20,4,-0.1394899439071262
SME-00104,2022-10-30,2,0.452942165613795
SME-00104,2023-06-28,3,-0.13401063566789367
SME-00104,2023-05-15,2,0.8918675124114752
SME-00104,2022-03-20,4,0.31282108554021965
SME-00104,2022-04-13,4,1.0
SME-00105,2023-01-29,4,-0.0678070783531915
SME-00105,2022-10-12,4,-0.10934981090911527
SME-00105,2023-05-10,4,0.12733561601250604
SME-00105,2022-12-12,4,0.35942836407309015
SME-00105,2023-04-05,3,1.0
SME-00105,2023-02-09,2,0.6259527458259004
SME-00105,2022-04-07,2,0.4670528215066669
SME-00105,2022-02-11,3,-0.03310104860799651
SME-00105,2022-05-29,4,-0.16122327157054933
SME-00105,2023-06-24,3,0.22573135733620298
SME-00105,2023-06-05,4,0.6887737619053698
SME-00105,2023-04-13,4,-0.4880667090382504
SME-00105,2023-02-16,4,0.1709613147185233
SME-00105,2022-10-21,4,0.6892183808079295
SME-00105,2022-03-01,4,0.6534756408239677
SME-00105,2022-05-13,3,0.1702563538805257
SME-00105,2022-10-13,4,0.010905474009799687
SME-00106,2023-03-25,4,1.0
SME-00106,2023-01-13,4,0.8785688985825701
SME-00106,2022-12-09,2,0.9518396114738008
SME-00106,2022-11-04,3,0.33953577930078993
SME-00106,2022-08-26,3,0.5579184394332979
SME-00106,2022-03-03,3,0.8835931070449774
SME-00106,2022-01-13,3,1.0
SME-00106,2022-03-25,4,0.4770044482685778
SME-00106,2022-05-27,4,0.17169802340465665
SME-00106,2022-12-09,3,0.28626859857850484
SME-00106,2022-09-09,3,0.21551561337757374
SME-00106,2023-06-03,4,0.9857663087954045
SME-00106,2023-05-06,3,0.32451756191449965
SME-00106,2022-04-19,3,0.7158873227022213
SME-00106,2023-03-09,5,0.21366879755991525
SME-00106,2022-10-12,4,0.49502195870534416
SME-00106,2023-01-12,2,0.5222610056992026
SME-00107,2022-03-14,4,-0.02872172744522833
SME-00107,2023-01-20,3,0.8452438836445602
SME-00107,2022-03-29,4,0.9922622489982069
SME-00107,2022-01-26,3,1.0
SME-00107,2023-03-14,4,0.10477422425686916
SME-00107,2023-06-21,3,0.48226241022846894
SME-00107,2023-01-27,4,-0.2999012086077711
SME-00107,2022-07-08,4,0.13869207664913039
SME-00107,2022-04-25,3,-0.0821077853808902
SME-00107,2023-03-12,3,-0.3732294473923015
SME-00107,2022-08-10,3,0.3022642861336496
SME-00107,2022-08-25,4,0.07918522143050885
SME-00107,2022-08-01,3,0.006484379673793672
SME-00107,2023-03-15,2,0.6010779535543991
SME-00108,2023-03-30,2,0.18298205315081534
SME-00108,2022-02-14,2,-0.1525418457810821
SME-00108,2022-03-27,4,0.9069795818509792
SME-00108,2022-07-02,4,-0.19234485535433038
SME-00108,2022-04-28,2,0.04643555656889786
SME-00108,2022-01-01,4,0.9071784264007958
SME-00108,2022-02-08,4,-0.4898343461051263
SME-00108,2022-05-04,3,0.029426254381278605
SME-00108,2022-04-29,2,-0.3516232042173861
SME-00108,2023-02-26,2,0.09986102946086792
SME-00108,2023-03-17,3,0.48990827640380924
SME-00108,2023-04-17,3,0.25797834856999774
SME-00109,2022-06-20,4,-0.16267951046867507
SME-00109,2022-01-22,4,-0.05897504658346975
SME-00109,2022-05-08,4,0.22468378019062152
SME-00109,2022-11-22,3,0.8375042361517795
SME-00109,2023-01-26,3,0.5155358483721897
SME-00109,2022-01-12,4,0.5346722825261065
SME-00109,2022-05-26,2,0.7062155692611009
SME-00109,2022-11-20,2,0.4872140145749501
SME-00109,2022-10-21,3,0.19073923958989092
SME-00109,2023-02-01,4,0.5067368120600065
SME-00109,2022-12-12,4,0.27298547064991113
SME-00109,2022-07-15,3,0.4499042529360954
SME-00110,2022-01-25,3,0.9755070909151244
SME-00110,2022-05-29,2,-0.19180845746198139
SME-00110,2022-06-09,2,-0.2519762323593768
SME-00110,2022-02-19,3,-0.34781503262725516
SME-00110,2022-07-17,4,0.9077513196014266
SME-00110,2023-02-06,4,0.2431632076177692
SME-00110,2022-09-22,3,0.35891651620329845
SME-00110,2023-06-18,4,0.6888017342153494
SME-00110,2022-02-09,3,0.1332169083226205
SME-00110,2023-05-27,4,-0.4392549448013456
SME-00111,2023-06-24,4,0.4159472177770281
SME-00111,2023-04-21,3,0.08491113972987091
SME-00111,2022-04-14,2,-0.27214218699369336
SME-00111,2023-01-08,3,0.45558731647786566
SME-00111,2022-06-21,2,-0.0027525215981648032
SME-00111,2022-01-25,4,-0.02752724791674993
SME-00111,2022-12-25,2,0.49499943263671414
SME-00111,2022-03-26,4,0.6312585840064688
SME-00111,2022-04-06,4,-0.11717436881453014
SME-00111,2023-03-16,4,0.47977299533107803
SME-00111,2023-04-13,3,0.5383352364439613
SME-00111,2022-01-07,2,0.5926400973943371
SME-00111,2023-04-21,3,0.4571724472517106
SME-00111,2023-02-03,4,0.2410669903592521
SME-00111,2022-06-19,2,0.30344748381011993
SME-00111,2022-12-11,4,0.8294843538324479
SME-00111,2022-05-17,4,0.43794091112344
SME-00111,2022-04-10,3,-0.25401814686400775
SME-00111,2023-04-30,4,0.30697064161907633
SME-00111,2022-07-24,3,0.3119279406949628
SME-00112,2022-04-29,2,0.665282457865685
SME-00112,2022-06-28,4,0.04035168921974869
SME-00112,2023-05-27,3,-0.7850925129313082
SME-00112,2022-09-01,3,0.2927920603533076
SME-00112,2023-02-23,3,0.7987404727301772
SME-00112,2022-09-30,2,0.3644429683417397
SME-00112,2022-03-21,3,0.4494161849511572
SME-00112,2022-01-21,3,-0.05350108796314962
SME-00112,2022-12-19,3,-0.07092801594945097
SME-00112,2022-02-25,3,0.7698000670690435
SME-00112,2022-05-12,3,0.6005582111230853
SME-00112,2022-12-11,5,0.4498979988648497
SME-00113,2022-06-24,3,-0.28631457323939874
SME-00113,2022-04-27,4,0.6395295545382338
SME-00113,2022-10-07,3,0.055678973615944705
SME-00113,2022-01-26,4,0.7796224247122081
SME-00113,2023-01-31,4,-0.20809210511889348
SME-00113,2022-01-27,3,0.3608607681739513
SME-00113,2023-06-02,4,0.06678887115662596
SME-00113,2022-04-01,2,-0.316574179965777
SME-00113,2022-07-02,2,0.10826550415680411
SME-00113,2022-11-16,4,0.2110187500267564
SME-00113,2022-09-27,3,-0.207917599980947
SME-00113,2022-10-24,3,0.35181098678219375
SME-00113,2022-09-30,2,-0.03787178278266423
SME-00113,2023-05-27,4,0.34692898504033065
SME-00113,2022-01-07,3,0.285554172058784
SME-00113,2022-09-02,3,-0.46955785778628517
SME-00113,2022-10-03,4,0.5313141715869057
SME-00114,2022-07-23,4,0.8197923126576461
SME-00114,2023-06-05,5,0.5720656561667518
SME-00114,2022-04-17,3,0.28526040058228574
SME-00114,2022-08-15,2,0.2013027377324954
SME-00114,2022-05-17,1,0.21440444574626377
SME-00114,2022-10-20,2,0.43585345179415325
SME-00114,2022-11-16,4,-0.427869826344808
SME-00114,2022-10-14,4,0.7040517915387032
SME-00114,2022-05-29,3,0.373466715578932
SME-00114,2022-01-03,3,0.28090457986970024
SME-00114,2023-03-17,4,0.4484019128818052
SME-00114,2022-04-17,4,0.7329856306582387
SME-00114,2022-11-09,3,0.38676125111911275
SME-00115,2022-05-07,2,0.516813696527397
SME-00115,2023-01-02,3,0.3350513158507169
SME-00115,2022-04-20,2,0.6844242913117342
SME-00115,2022-01-16,3,0.32936625535434394
SME-00115,2023-04-02,4,0.9220906204789181
SME-00115,2022-05-30,1,-0.10358641978927069
SME-00115,2022-09-22,3,0.6530192032774446
SME-00115,2022-10-10,4,0.2157063935728631
SME-00115,2022-04-10,4,0.37954610632797453
SME-00115,2022-06-17,2,0.12573145121608126
SME-00115,2022-05-02,3,0.378807997278667
SME-00115,2023-02-19,3,-0.009982128669120127
SME-00116,2023-03-10,3,0.30570015579624055
SME-00116,2022-03-11,4,0.29640584924674945
SME-00116,2023-04-28,3,0.29372798911645004
SME-00116,2022-01-14,3,0.06357391658351774
SME-00116,2023-02-03,2,0.38701154281777056
SME-00117,2023-05-10,2,0.01952871833580838
SME-00117,2022-09-26,5,0.1091434072899588
SME-00117,2022-06-07,2,-0.26517578805299385
SME-00117,2022-04-22,2,0.2998405666747452
SME-00117,2023-06-07,2,-0.11590167683442226
SME-00117,2022-01-05,4,0.43663048052752806
SME-00117,2022-12-30,3,0.1797112958261065
SME-00117,2022-06-21,3,1.0
SME-00117,2023-03-04,4,0.9864243527317751
SME-00117,2022-05-15,2,0.6030283865564292
SME-00117,2022-08-15,3,0.31949326907787345
SME-00117,2023-02-11,3,0.22467581998548494
SME-00118,2022-08-23,3,1.0
SME-00118,2022-01-13,3,-0.06455138878237726
SME-00118,2022-03-14,3,0.49130000318554184
SME-00118,2022-01-04,4,0.5124064674672821
SME-00118,2022-07-31,3,0.34879522657951856
SME-00118,2022-01-14,4,0.563499413391166
SME-00118,2022-08-15,4,0.1736548859847736
SME-00118,2022-04-04,3,0.4350662051673227
SME-00118,2022-06-26,4,0.3493773518395539
SME-00118,2022-02-07,4,0.3197228588079771
SME-00118,2023-05-24,3,-0.1023194484980634
SME-00118,2023-03-25,4,0.3302852952362409
SME-00118,2022-11-04,2,0.3755724547401541
SME-00119,2022-04-28,4,0.12646102889828503
SME-00119,2022-12-06,3,0.782093376101239
SME-00119,2022-01-24,5,0.38453803914275375
SME-00119,2022-12-31,3,-0.580690633551108
SME-00119,2022-12-08,4,0.4292934683471907
SME-00119,2022-11-21,3,0.3051041495214147
SME-00119,2022-05-25,3,0.4444584500514275
SME-00119,2022-07-18,4,1.0
SME-00119,2022-05-21,3,0.6677226364446114
SME-00119,2023-05-21,2,0.29554040537416054
SME-00119,2022-05-12,2,0.24261278495847696
SME-00119,2023-05-08,3,0.33955174669913263
SME-00119,2022-06-18,4,-0.5339331747189267
SME-00119,2023-04-03,4,-0.08431471519816558
SME-00119,2023-02-12,3,-0.19585168752676013
SME-00119,2022-06-01,3,0.6363411511720287
SME-00119,2022-11-26,2,0.13089327742644313
SME-00120,2022-03-11,2,0.17685558493252632
SME-00120,2022-07-27,3,0.46385716513542835
SME-00120,2023-03-28,3,-0.06853463866426901
SME-00120,2023-06-01,3,0.6133979486435768
SME-00120,2023-01-25,5,0.725978667484404
SME-00120,2022-05-28,3,-0.08936856231954915
SME-00120,2022-09-26,3,-0.013427141882120852
SME-00120,2022-08-22,5,0.31222611228834146
SME-00120,2022-05-06,5,0.26541388034711
SME-00120,2022-10-13,3,0.588020910604782
SME-00120,2022-09-03,2,0.33367955450797065
SME-00120,2023-06-20,4,1.0
SME-00120,2023-05-19,3,-0.14135781905295625
SME-00120,2022-02-27,3,0.006769343072875245
SME-00120,2023-04-12,1,0.029605265802381486
SME-00121,2022-10-21,4,-0.3139789065483353
SME-00121,2023-06-17,4,0.2356570604161738
SME-00121,2022-08-02,3,-0.4014815517530724
SME-00121,2022-02-16,4,0.705090910648945
SME-00121,2023-06-18,3,0.31355823011018114
SME-00121,2022-09-25,3,1.0
SME-00121,2022-07-26,4,-0.8764446660260967
SME-00121,2022-11-08,4,0.4936951084744219
SME-00121,2022-04-22,3,0.7062204157961982
SME-00121,2023-03-11,4,0.16566583816019217
SME-00121,2023-01-29,3,0.4499292787987721
SME-00121,2023-02-28,3,0.8782140852656652
SME-00121,2023-03-30,3,-0.15695099780150684
SME-00121,2023-03-20,3,0.5455697949664254
SME-00121,2023-01-08,3,0.6983195216977178
SME-00121,2022-10-16,3,0.40369581144335664
SME-00121,2022-04-03,2,0.7377952807800707
SME-00121,2022-12-22,3,-0.12962305133829066
SME-00121,2023-06-29,3,0.6033491774141826
SME-00121,2022-06-14,3,0.16208408507923533
SME-00122,2023-01-28,3,0.7670694319130855
SME-00122,2023-03-06,4,0.9005057513121069
SME-00122,2023-01-05,4,-0.012452852753955634
SME-00122,2022-11-05,4,0.0954995022003389
SME-00122,2022-05-03,3,-0.563046510257676
SME-00122,2022-03-15,4,0.624550567340904
SME-00122,2023-04-25,3,0.658671037537554
SME-00122,2023-01-29,4,0.20028244420556077
SME-00122,2022-07-10,3,0.6505719158450785
SME-00122,2022-08-04,3,0.46510944321377895
SME-00122,2023-06-09,4,0.0020618353831374225
SME-00122,2023-01-10,3,0.27190826573337146
SME-00122,2022-08-10,2,0.07764566376157139
SME-00123,2023-05-01,4,0.5599792494842122
SME-00123,2022-11-22,3,0.3560661164103161
SME-00123,2023-06-16,4,0.09350324845377761
SME-00123,2022-04-07,3,0.2095361163186895
SME-00123,2023-06-10,3,0.37808162995507283
SME-00123,2022-10-19,5,0.4855565285503701
SME-00124,2022-07-01,3,0.8183882452277924
SME-00124,2022-08-07,3,0.5849779120465455
SME-00124,2023-01-25,3,0.06702930551337258
SME-00124,2022-08-15,3,0.43155090765856696
SME-00124,2022-07-20,2,0.6391835721292871
SME-00124,2022-12-07,3,-0.24283724706115245
SME-00124,2023-06-11,3,0.5371199050388293
SME-00124,2022-05-22,4,0.07796029631528237
SME-00124,2022-12-26,3,-0.14831762680107963
SME-00124,2023-05-19,3,0.9086253200876397
SME-00124,2023-02-25,4,0.10598111674369068
SME-00124,2023-04-08,2,0.36387874462811703
SME-00124,2023-05-17,3,0.5862040112621354
SME-00124,2022-12-08,4,0.33614762147426147
SME-00124,2023-06-09,4,0.0884979954425002
SME-00124,2023-01-05,4,-0.0777595616116512
SME-00124,2022-12-16,4,0.6873273776473279
SME-00124,2022-12-04,3,0.5260906803477396
SME-00124,2022-11-17,4,0.5466165499335403
SME-00125,2023-04-23,4,0.33548299505743984
SME-00125,2022-09-13,4,0.3186659170918317
SME-00125,2023-06-01,3,0.393988442532046
SME-00125,2022-03-28,3,0.19337553399739998
SME-00125,2023-06-14,3,0.5537115811497888
SME-00125,2022-03-28,4,-0.3103229109233074
SME-00125,2023-02-24,3,0.5255357889917112
SME-00125,2023-01-21,4,0.12242450683019718
SME-00125,2023-02-02,3,0.10872411322655834
SME-00125,2023-06-21,4,0.8422655973927489
SME-00125,2023-06-14,2,0.551515491456884
SME-00125,2023-03-12,3,0.07457742511895465
SME-00125,2023-04-02,3,0.6548360653341123
SME-00125,2023-01-25,4,-0.1508675709087774
SME-00125,2023-03-12,2,0.12431345657391121
SME-00125,2022-12-28,4,0.04852091078177584
SME-00125,2022-09-25,3,0.11260904914221032
SME-00125,2023-02-19,2,0.5586931417347176
SME-00125,2022-01-25,3,0.21874325244588888
SME-00125,2022-06-04,4,0.9754978376220373
SME-00125,2023-06-02,3,0.4903261877708253
SME-00125,2022-07-25,4,0.4421399065949847
SME-00126,2022-08-23,3,0.019405438468375502
SME-00126,2023-04-08,4,0.3444903474722298
SME-00126,2023-02-24,4,0.5440290631605023
SME-00126,2023-06-14,2,-0.13590497999884443
SME-00126,2023-05-25,3,0.06375047655663696
SME-00126,2023-05-01,3,-0.05922263839025821
SME-00126,2022-11-30,3,0.37049724194942146
SME-00126,2023-03-02,3,-0.05569948582093437
SME-00126,2022-03-16,4,0.8506037727573419
SME-00126,2022-04-11,2,0.2381537837753968
SME-00127,2022-12-24,3,-0.2682250244945557
SME-00127,2022-10-19,2,0.14912784781825875
SME-00127,2023-02-24,3,0.5320142290826549
SME-00127,2023-02-01,3,-0.6190804713781757
SME-00127,2023-06-29,3,0.5891221514180477
SME-00127,2022-03-16,3,-0.06431445792821816
SME-00127,2023-03-27,4,-0.06828063591150973
SME-00127,2022-05-30,4,0.8798220321419894
SME-00127,2022-05-04,3,0.8539745520123612
SME-00128,2022-10-09,4,0.3355169608418612
SME-00128,2023-01-14,3,0.07572321595671763
SME-00128,2022-02-18,3,0.6103479643148046
SME-00128,2022-10-04,4,0.6153556487890836
SME-00128,2022-11-29,3,0.5267784768573969
SME-00128,2022-09-15,3,-0.30868163591435943
SME-00128,2022-06-07,4,-0.3586629801988746
SME-00128,2023-02-17,3,0.21681689461563336
SME-00128,2022-08-01,4,0.4165638256246731
SME-00128,2022-02-07,3,0.5749914589049299
SME-00128,2022-08-07,5,0.6316180027710905
SME-00128,2022-03-05,3,0.3970249672222761
SME-00128,2022-12-27,3,-0.32533394208404826
SME-00128,2022-05-08,3,0.14359498932172915
SME-00128,2023-01-07,4,0.9006823541835698
SME-00129,2022-06-12,3,0.2813243108638014
SME-00129,2022-01-22,4,0.025348620005347655
SME-00129,2022-10-02,3,0.5341371932817522
SME-00129,2023-05-07,3,-0.027164430055394817
SME-00129,2022-12-07,2,0.47161327040856177
SME-00129,2022-08-02,3,1.0
SME-00129,2022-08-09,3,-0.3106078963506594
SME-00129,2022-09-02,3,0.6816500368690865
SME-00129,2023-03-09,4,0.0511691747288692
SME-00129,2022-07-15,3,0.07106952498476915
SME-00129,2023-04-26,4,0.1317133766911879
SME-00129,2022-04-30,4,0.20556330466383604
SME-00130,2022-11-30,3,-0.20360616892332056
SME-00130,2023-06-17,2,0.4287922687081023
SME-00130,2022-02-26,4,-0.5881097787837337
SME-00130,2022-07-07,3,0.3516715109674823
SME-00130,2022-12-23,2,0.4663037499760415
SME-00130,2022-12-17,5,0.36004874264409453
SME-00130,2022-07-11,2,-0.40645897057728514
SME-00130,2022-11-11,3,-0.4092829357012408
SME-00130,2023-04-15,4,-0.12198888728728924
SME-00130,2023-05-03,4,0.051479827432697106
SME-00130,2022-07-26,3,0.6621691565322214
SME-00130,2022-02-12,3,0.6463351006677646
SME-00130,2023-06-06,3,0.2863421755061184
SME-00131,2022-10-25,5,0.5656126406083207
SME-00131,2022-04-25,4,-0.07735112925061582
SME-00131,2022-08-09,4,-0.011730795407971062
SME-00131,2023-03-06,5,-0.0417819209879573
SME-00131,2022-10-08,4,0.3062193000848802
SME-00131,2022-09-15,4,-0.008682966019084914
SME-00131,2023-05-25,2,0.1381999097731142
SME-00131,2022-11-06,4,0.26659193534455516
SME-00131,2022-04-27,3,0.7843809233143486
SME-00131,2023-02-07,2,0.6495932824057862
SME-00131,2022-02-24,4,0.3566223337235501
SME-00131,2022-06-01,3,0.691350441772872
SME-00131,2022-11-21,4,-1.0
SME-00132,2022-03-22,2,0.0746745840188732
SME-00132,2022-12-27,3,0.7510826881034
SME-00132,2023-01-19,4,-0.4385457552390631
SME-00132,2022-10-19,4,-0.24849194420754955
SME-00132,2023-02-22,3,0.23583195224868683
SME-00132,2022-09-10,3,-0.548987926265061
SME-00132,2022-02-02,4,0.16781883798771252
SME-00132,2023-02-13,3,0.6431857324127819
SME-00132,2022-02-04,4,-0.0753400704197349
SME-00132,2022-12-14,3,0.49421108963856697
SME-00132,2023-05-09,3,0.37292229454009
SME-00132,2022-10-08,3,0.10738475372989204
SME-00133,2022-04-13,3,0.19640539354831257
SME-00133,2023-05-04,3,-0.005314374258349852
SME-00133,2023-04-07,4,0.2663363433081785
SME-00133,2022-06-06,3,0.5161709038864597
SME-00133,2023-04-12,2,0.009767255800203822
SME-00133,2022-05-02,4,0.2970034260935337
SME-00133,2022-06-20,4,0.48367547022188634
SME-00133,2023-06-20,3,-0.22908853274896807
SME-00133,2023-02-17,3,0.624786487669184
SME-00133,2022-02-08,4,-0.04826300607852152
SME-00133,2022-07-21,3,0.3711336248476099
SME-00133,2023-05-15,5,0.3259126751009608
SME-00134,2023-06-19,4,0.07294733765490172
SME-00134,2022-04-16,4,-0.19831511378244532
SME-00134,2022-08-12,4,-0.3721429797829752
SME-00134,2023-04-07,5,0.14750142336009878
SME-00134,2022-02-25,3,-0.1289702276940098
SME-00134,2023-05-24,3,0.5497533125035919
SME-00134,2022-09-30,4,-0.22262662663867044
SME-00134,2022-02-18,5,0.5120619580064447
SME-00134,2023-03-16,4,-0.30060160363743965
SME-00134,2022-12-24,3,0.5094292324069352
SME-00134,2022-12-03,3,0.13177680270400183
SME-00134,2023-05-26,4,0.17033703086055252
SME-00134,2022-04-22,4,0.2173734675300642
SME-00134,2023-02-21,2,-0.56569066912899
SME-00135,2023-05-04,2,0.3538519432486371
SME-00135,2022-03-26,4,0.33895178962035305
SME-00135,2023-03-01,2,0.3985614771624927
SME-00135,2023-05-26,4,-0.31576827777741273
SME-00135,2023-02-17,3,0.8315828794373863
SME-00135,2022-02-05,3,-0.25563774906141906
SME-00135,2022-03-09,3,0.9042229019510286
SME-00135,2022-10-09,4,0.12349019158344604
SME-00135,2023-01-02,4,0.010778238258254635
SME-00135,2022-05-26,4,0.26294211914958876
SME-00135,2022-07-05,3,0.506848359500074
SME-00135,2023-01-19,3,0.31041595446085457
SME-00136,2023-03-24,3,0.5403576230589052
SME-00136,2022-10-25,3,0.17777217716941768
SME-00136,2022-02-08,4,-0.12131044058406354
SME-00136,2022-04-06,3,-0.33659066312614067
SME-00136,2023-03-30,3,0.5390510680478834
SME-00136,2022-04-04,2,0.3508285408907529
SME-00136,2023-03-17,3,0.6629414904155437
SME-00137,2023-02-20,4,-0.1317752333254908
SME-00137,2023-02-26,4,-0.02952022265343507
SME-00137,2022-01-28,3,0.48104199827636235
SME-00137,2022-07-31,3,0.42620870040803915
SME-00137,2023-04-15,4,-0.3556205237580163
SME-00137,2022-06-01,2,1.0
SME-00137,2022-02-17,4,0.5069496346094029
SME-00137,2022-11-01,3,0.5774839702841523
SME-00137,2022-05-13,4,0.25085334789890784
SME-00137,2022-02-12,4,0.9765697045360235
SME-00137,2022-10-09,3,-0.02778373570102516
SME-00137,2022-06-12,2,0.20021686196121163
SME-00137,2023-04-17,3,0.5488282786408077
SME-00137,2023-03-06,3,0.6461049210027172
SME-00138,2022-01-11,5,-0.4637874351336411
SME-00138,2022-05-28,4,0.397194527013112
SME-00138,2022-07-18,2,0.46759254951124857
SME-00138,2022-08-12,4,1.0
SME-00138,2022-03-10,3,-0.1320581988700687
SME-00138,2022-12-17,3,0.38095853511557043
SME-00138,2022-02-13,3,0.5692100590919968
SME-00138,2022-07-15,3,0.4246367875484479
SME-00138,2022-12-25,4,0.3617790611457833
SME-00138,2022-01-26,3,0.42148836063211664
SME-00138,2022-04-21,3,0.6105320328613424
SME-00139,2023-05-14,5,-0.2255427350369787
SME-00139,2023-04-14,3,0.9081901437269526
SME-00139,2022-10-06,4,0.5344868094535684
SME-00139,2022-12-30,4,0.412046042589231
SME-00139,2023-02-15,4,0.025950048984941354
SME-00140,2023-02-26,4,0.03881353132900639
SME-00140,2022-03-26,4,0.6081827839223449
SME-00140,2022-08-08,4,0.9418401865131181
SME-00140,2022-01-14,4,1.0
SME-00140,2022-08-13,3,0.8597015394789249
SME-00140,2022-07-02,3,0.46781424102420033
SME-00140,2022-09-27,2,0.6119586057188953
SME-00141,2023-03-23,3,0.40252908796894876
SME-00141,2023-03-09,3,0.418851682213719
SME-00141,2022-06-23,3,0.8523890302829176
SME-00141,2022-12-24,3,-0.0729201829101031
SME-00141,2022-03-05,3,0.4699301877203435
SME-00141,2022-10-22,3,0.1428262634168954
SME-00141,2023-01-05,4,0.717805273520928
SME-00141,2022-09-02,3,-0.7890602739028865
SME-00142,2022-03-02,3,0.41801201212266675
SME-00142,2022-03-05,3,-0.4969688785552175
SME-00142,2022-07-08,2,0.5970864721404183
SME-00142,2022-02-23,4,-0.11067409968879255
SME-00142,2023-01-07,4,0.4339474214967195
SME-00142,2022-10-15,3,0.13818279985143644
SME-00142,2022-05-14,3,0.44876687517058994
SME-00142,2022-09-28,2,-0.18523785161092082
SME-00142,2022-12-03,2,0.0027512412076731163
SME-00143,2022-05-09,4,0.5273159806052911
SME-00143,2022-11-24,3,0.6560735069720337
SME-00143,2022-07-24,3,0.3052649334839713
SME-00143,2022-04-07,2,0.6393484105163847
SME-00143,2022-07-24,4,0.9707382802799915
SME-00143,2023-02-26,2,0.3991157370265937
SME-00143,2023-05-14,3,0.2948353247233062
SME-00143,2023-03-09,3,-0.0018082516392677328
SME-00143,2023-01-01,3,0.556305207469594
SME-00143,2022-06-26,4,0.4131144271760943
SME-00143,2023-03-17,2,0.2710852717413481
SME-00143,2022-11-12,3,0.1421175420130944
SME-00143,2022-08-11,4,0.769110516256553
SME-00143,2022-02-01,3,0.1964882586399327
SME-00143,2022-06-20,2,-0.17093613302380278
SME-00144,2022-02-24,3,0.19757009960800864
SME-00144,2022-06-25,3,0.702871681160242
SME-00144,2022-10-07,2,0.0771021412990456
SME-00144,2023-03-01,2,0.5653530191769621
SME-00144,2023-01-08,3,0.04337315367815159
SME-00144,2022-08-03,3,0.7788127244983651
SME-00144,2022-05-21,5,0.7655109266431179
SME-00144,2023-01-09,3,0.5639933255510539
SME-00144,2023-04-21,4,0.4623911260244251
SME-00144,2023-02-28,4,0.4866126097108013
SME-00144,2022-10-04,3,-0.40769933539819997
SME-00144,2022-02-24,3,0.6542620174120284
SME-00144,2022-06-20,5,0.4984065118266496
SME-00144,2022-11-07,3,0.08157440266546476
SME-00144,2022-06-18,4,0.7929806824528418
SME-00144,2022-01-03,3,1.0
SME-00144,2022-01-18,4,0.3543942284213144
SME-00144,2022-01-08,3,0.3239230936079499
SME-00144,2022-08-29,3,-0.13485956150750628
SME-00144,2022-02-01,3,0.11771830996973559
SME-00144,2022-12-24,2,0.7766909538412882
SME-00144,2022-05-31,3,0.2956314317169624
SME-00144,2023-03-30,3,0.1836209828317552
SME-00145,2022-03-03,3,0.5820746079261859
SME-00145,2022-12-01,3,-0.07626420013689822
SME-00145,2022-05-12,3,0.3206980014157509
SME-00145,2022-04-11,3,0.9631992232766102
SME-00145,2023-04-11,4,0.5188400404191149
SME-00145,2022-12-09,3,0.6100764576593878
SME-00145,2022-12-30,4,0.1943123909654081
SME-00145,2022-01-06,3,0.10082322402178745
SME-00145,2023-02-18,3,0.14905279925310438
SME-00145,2023-04-11,3,0.24130186566881623
SME-00145,2022-03-09,3,0.7600837391150677
SME-00145,2022-10-11,4,0.8243818559282396
SME-00145,2022-04-16,3,0.25194418173930216
SME-00145,2022-07-10,4,-0.3658021631713307
SME-00145,2022-08-29,2,-0.014942399991072552
SME-00145,2023-04-05,4,0.39234297908982246
SME-00145,2023-03-04,3,0.09170571756298856
SME-00146,2023-02-26,3,1.0
SME-00146,2022-09-22,3,0.12830646605240315
SME-00146,2023-05-03,3,-0.4711236440810465
SME-00146,2022-04-05,3,1.0
SME-00146,2023-06-21,3,-0.28943272096465705
SME-00146,2022-05-05,3,0.6168871831056564
SME-00146,2023-06-18,3,0.26176107061019993
SME-00146,2022-10-07,3,-0.24405764506997313
SME-00146,2023-01-20,5,-0.019487729138477683
SME-00146,2022-10-07,3,0.7360359289296128
SME-00147,2022-01-21,4,0.8614707739329619
SME-00147,2022-05-05,3,0.19284598610954762
SME-00147,2022-01-04,2,0.5028729520351566
SME-00147,2023-05-20,3,-0.053122411537354475
SME-00147,2023-06-07,3,1.0
SME-00147,2022-03-05,4,0.3888450076467552
SME-00147,2023-02-18,5,0.6794267749471525
SME-00147,2022-10-09,3,-0.03974977002211988
SME-00147,2022-05-21,4,0.32069353845541876
SME-00147,2023-01-27,3,0.2795744612049623
SME-00147,2022-05-22,3,0.35117647902234334
SME-00147,2022-02-01,4,0.08969308153513811
SME-00148,2022-06-23,3,0.21838932588765553
SME-00148,2023-02-07,4,0.43582128192563074
SME-00148,2023-04-26,3,0.8461140348715408
SME-00148,2022-03-01,4,0.5197484004552
SME-00148,2022-07-03,4,-0.11014502607340121
SME-00148,2022-12-18,4,0.3319612508605846
SME-00148,2023-01-12,3,0.45658179542144545
SME-00148,2022-08-22,2,0.21399311340778499
SME-00148,2022-01-04,4,0.23037443453434364
SME-00148,2022-11-16,4,0.44279091865427733
SME-00148,2022-01-24,4,0.35542115249260103
SME-00148,2023-05-22,4,0.13879260346197683
SME-00148,2022-10-15,4,0.22347747053386002
SME-00148,2022-04-10,5,0.37163548849393047
SME-00149,2023-06-26,3,-0.09750664925067493
SME-00149,2022-11-16,2,0.5037168077001093
SME-00149,2022-09-09,4,1.0
SME-00149,2022-04-01,3,0.9377702963425929
SME-00149,2022-09-25,3,0.3750046853447413
SME-00149,2022-05-03,4,0.20531418419340186
SME-00149,2023-05-16,5,0.021469522177357425
SME-00149,2023-03-24,4,-0.09645812204337384
SME-00149,2023-06-01,4,0.29612361205557963
SME-00149,2022-09-17,3,-0.10519334430362998
SME-00149,2023-03-24,3,0.471140037512948
SME-00149,2022-02-03,4,0.3404003798067312
SME-00149,2022-04-25,4,0.21588639454287065
SME-00150,2023-06-28,4,0.7269749130105692
SME-00150,2022-11-28,4,0.08238366614424891
SME-00150,2022-11-19,4,0.7185637523598897
SME-00150,2022-07-27,3,0.44146088898363633
SME-00150,2022-03-14,3,0.752771581603527
SME-00150,2023-06-25,4,-0.35475263058927614
SME-00151,2022-03-27,3,0.48724006063417047
SME-00151,2022-02-24,3,0.5730577607269368
SME-00151,2022-02-17,4,-0.2590582081342478
SME-00151,2022-02-12,2,0.34858885572479176
SME-00151,2022-12-10,3,-0.028425205843911783
SME-00151,2022-07-05,3,-0.03950071541696604
SME-00151,2022-10-02,2,1.0
SME-00151,2023-05-21,4,0.6954118471262696
SME-00151,2022-07-26,4,0.36263781578185766
SME-00151,2022-05-02,3,0.7375567859519718
SME-00151,2023-02-28,3,0.20268313237791813
SME-00151,2022-06-15,2,0.5029130680388527
SME-00151,2022-07-24,5,0.20625990216145113
SME-00151,2022-02-01,3,1.0
SME-00151,2022-05-06,3,0.13068432612151898
SME-00151,2022-06-25,3,-0.20092302988681382
SME-00152,2022-10-16,3,0.09877423896117138
SME-00152,2022-05-25,4,0.6203488768443044
SME-00152,2022-01-11,3,0.7185840177406566
SME-00152,2022-08-08,4,0.7482289184509676
SME-00152,2023-02-28,3,-0.12576675172935253
SME-00152,2023-02-15,4,-0.6418385829097668
SME-00152,2022-11-15,4,0.3073476599350756
SME-00152,2022-09-28,2,0.42922528429025764
SME-00152,2022-09-29,2,0.4983549323161251
SME-00152,2023-01-26,2,-0.4029705620459933
SME-00152,2023-05-16,3,0.5420772677070527
SME-00152,2022-01-26,4,0.7822690454392701
SME-00153,2022-02-18,4,0.10154321653559728
SME-00153,2023-05-28,3,0.5648978807650838
SME-00153,2023-06-06,5,0.4504522327735296
SME-00153,2022-02-04,3,0.505531405380907
SME-00153,2022-09-18,3,0.5352327038588718
SME-00153,2023-01-08,3,1.0
SME-00153,2022-02-20,3,0.4097577878482649
SME-00153,2022-02-09,4,-0.09733274666012098
SME-00153,2023-06-16,3,0.4332966928005552
SME-00154,2023-02-13,4,0.07275580416666003
SME-00154,2022-06-21,3,0.5289646191026732
SME-00154,2022-11-29,3,0.31236297840335764
SME-00154,2022-05-19,4,0.41558135448748135
SME-00154,2022-03-27,3,0.3996013767176787
SME-00154,2022-10-17,4,0.3547261095725202
SME-00154,2022-03-15,4,0.15708828966962377
SME-00154,2023-05-17,2,-0.14065184294474603
SME-00154,2023-05-13,3,0.16227914854494332
SME-00154,2022-04-25,4,0.3885977516581283
SME-00155,2023-05-02,4,0.03253456313412806
SME-00155,2022-06-05,3,0.4950383158899072
SME-00155,2023-04-30,4,0.03908400298599751
SME-00155,2022-11-11,4,0.04093819391756487
SME-00155,2022-01-13,2,0.1349195435139801
SME-00155,2023-04-25,2,0.2651233698141853
SME-00155,2022-02-15,3,0.5458612728703134
SME-00155,2023-05-21,3,-0.2395109136033648
SME-00155,2022-06-08,3,0.7403731943048273
SME-00155,2022-05-12,3,0.6073701113604734
SME-00155,2022-04-26,4,0.9562824363043232
SME-00155,2022-03-18,5,-0.15834703149590362
SME-00155,2022-11-09,1,0.478195214978431
SME-00156,2022-12-05,2,0.7930532308610939
SME-00156,2022-05-13,3,0.6412808278893192
SME-00156,2022-05-07,3,0.910986352351107
SME-00156,2023-04-12,5,0.3626787935333024
SME-00156,2022-12-09,3,0.2463533608796301
SME-00156,2023-01-16,4,0.36218981844694725
SME-00156,2022-07-06,4,1.0
SME-00156,2022-03-12,2,0.23338400069674367
SME-00156,2023-03-11,3,0.5724765336656666
SME-00156,2022-09-18,4,-0.2545037736160973
SME-00156,2022-07-12,4,0.15162461021064463
SME-00156,2022-02-02,4,0.7125788108739348
SME-00156,2022-05-06,5,0.5681224614144889
SME-00156,2022-09-24,3,0.3820769018877278
SME-00157,2022-04-05,4,1.0
SME-00157,2023-06-06,3,-0.24774270616671562
SME-00157,2023-02-10,5,-0.12042121613930745
SME-00157,2023-04-20,3,0.059863505298469705
SME-00157,2022-11-26,4,0.05381830386074965
SME-00157,2022-02-12,4,-0.06143184817243014
SME-00157,2022-11-30,3,0.15571062835605406
SME-00158,2023-02-14,3,-0.4222068145385703
SME-00158,2022-06-20,4,0.22643936089472982
SME-00158,2022-03-03,4,-0.2238700673573361
SME-00158,2022-12-28,3,0.5400048324378208
SME-00158,2022-11-05,2,1.0
SME-00158,2023-04-07,4,0.04605659731090911
SME-00159,2022-02-01,4,0.2982848319797602
SME-00159,2023-01-05,3,0.3871623745952102
SME-00159,2022-02-27,2,0.11912595106479479
SME-00159,2022-11-23,3,1.0
SME-00159,2023-02-05,2,1.0
SME-00159,2022-03-06,4,0.8092984927107849
SME-00159,2022-07-31,3,0.34945622076695837
SME-00159,2022-11-10,3,0.6625983401105296
SME-00159,2022-01-24,4,0.2501403768781074
SME-00159,2022-06-06,5,0.36567046683121207
SME-00159,2022-11-20,3,0.10491182731622586
SME-00159,2022-03-14,4,0.5816014737581064
SME-00159,2022-11-29,4,0.5856174612018359
SME-00159,2022-06-05,2,0.6336936490333278
SME-00160,2022-06-18,3,0.30728572715970787
SME-00160,2022-12-26,3,0.5885241237937998
SME-00160,2023-03-02,5,0.08329015913742882
SME-00160,2022-10-12,3,-0.4966223698724556
SME-00160,2022-04-01,4,0.07038205654348456
SME-00160,2022-09-10,4,0.11242885945538414
SME-00160,2022-06-29,3,0.3849885807523967
SME-00160,2022-02-02,4,-0.7719341730212275
SME-00160,2022-11-08,3,0.3532030907676209
SME-00161,2023-01-06,3,0.031133653224095115
SME-00161,2023-03-27,3,0.272553964677984
SME-00161,2023-01-29,3,0.07827908470549019
SME-00161,2022-01-10,2,0.38367191398411915
SME-00161,2022-03-08,3,0.2959795668308945
SME-00161,2023-03-14,3,0.3308750004360213
SME-00161,2023-02-02,2,0.3273290375493693
SME-00161,2022-09-06,3,-0.2962044467737785
SME-00161,2022-02-24,5,0.34936288176763314
SME-00161,2023-04-30,5,0.3681160814561436
SME-00161,2022-02-07,5,0.49803321340150963
SME-00161,2023-03-25,5,-0.3752583282053204
SME-00161,2023-03-04,4,0.900171527334743
SME-00161,2022-01-09,3,-0.2297204283131013
SME-00161,2022-10-25,3,0.7310855569684123
SME-00162,2023-02-08,3,0.05301662228936205
SME-00162,2022-02-24,5,0.42107307164765606
SME-00162,2022-04-10,3,0.2627978761239267
SME-00162,2022-08-18,2,0.01595281240620694
SME-00162,2023-02-07,3,0.3943017979537759
SME-00162,2023-02-04,2,0.9095805621754491
SME-00162,2022-12-12,3,0.6982003820219537
SME-00162,2022-04-12,5,-0.07198919203083376
SME-00162,2022-03-28,3,0.6450240653478774
SME-00162,2023-04-28,3,0.8258967778151765
SME-00162,2023-04-19,3,0.5711899464269261
SME-00162,2022-02-04,4,0.6749208039364708
SME-00162,2023-06-25,4,0.5218040736221445
SME-00163,2022-06-29,2,0.3945211326359265
SME-00163,2022-02-26,3,0.2729834436585415
SME-00163,2022-06-11,3,-0.24864811325543484
SME-00163,2022-12-03,4,0.6249891119290077
SME-00163,2023-03-02,5,0.12429411682869806
SME-00163,2023-03-28,3,0.20918116954844942
SME-00164,2023-05-29,3,-0.10529508724747622
SME-00164,2022-05-20,4,-0.28056214134049934
SME-00164,2022-11-19,3,0.21085387605590772
SME-00164,2022-11-14,2,-0.432509622892189
SME-00164,2022-05-27,3,0.04825662222403948
SME-00164,2022-10-18,4,0.19583653263081763
SME-00164,2022-05-25,3,-0.08187954144906434
SME-00164,2022-08-19,2,1.0
SME-00164,2022-02-03,3,0.1881028876069833
SME-00164,2023-01-28,2,-0.15365355125900176
SME-00164,2022-08-16,4,0.7188608566384931
SME-00165,2022-10-25,2,0.40483759643377804
SME-00165,2022-10-20,4,0.4536049897961267
SME-00165,2022-07-15,4,0.24246342813901145
SME-00165,2022-05-25,4,0.6573254774110875
SME-00165,2022-10-08,2,-0.4281407611904218
SME-00165,2022-12-12,5,-0.2763432787004418
SME-00165,2023-01-23,4,0.12797075754715126
SME-00165,2022-07-12,3,0.590466583438231
SME-00165,2022-01-22,4,0.04884041494317315
SME-00165,2023-05-28,4,0.48554330438579835
SME-00165,2023-01-09,2,0.6858684621554711
SME-00165,2022-03-21,3,0.6223279454237514
SME-00165,2022-03-02,3,0.3876915702256373
SME-00165,2022-03-27,4,-0.0020748003185915853
SME-00166,2023-05-29,5,-0.09220766445266038
SME-00166,2022-03-18,3,0.7573537559355878
SME-00166,2022-01-09,4,0.07343890092654609
SME-00166,2022-04-17,3,-0.12869626099158044
SME-00166,2022-09-30,3,-0.4909989161533413
SME-00166,2023-04-18,2,0.05298373791880143
SME-00166,2023-01-09,3,0.24357198047639303
SME-00166,2022-04-21,4,0.050726221224305035
SME-00166,2022-02-05,3,0.34785685166684793
SME-00166,2022-05-27,4,0.9563092889673519
SME-00166,2022-08-30,3,0.32709136118579396
SME-00166,2022-02-04,3,0.16654643132236446
SME-00166,2022-01-12,3,-0.15998997433726686
SME-00166,2023-02-17,3,-0.17860518235679462
SME-00166,2022-02-07,2,0.4719334829899393
SME-00166,2022-04-25,3,0.2555023090700724
SME-00166,2022-10-07,3,0.27768078299090543
SME-00166,2022-03-08,5,0.15342318381770312
SME-00166,2022-10-26,4,0.3432655471019434
SME-00166,2022-04-06,4,0.7794360875764053
SME-00167,2022-07-07,5,0.16672896194924824
SME-00167,2022-02-02,2,1.0
SME-00167,2022-06-23,4,0.1046476264913091
SME-00167,2022-09-11,3,0.8364155155382846
SME-00167,2022-01-02,5,0.4039221624886599
SME-00167,2022-10-06,3,0.05436783836997522
SME-00167,2022-05-06,3,0.397590303800432
SME-00167,2022-04-17,4,0.21167889189973788
SME-00167,2023-03-20,4,-0.3538335742208945
SME-00167,2022-05-29,3,0.5356039489591459
SME-00167,2023-03-16,3,0.3219452723687173
SME-00168,2023-01-05,2,0.4874411216645658
SME-00168,2022-03-16,2,-0.39446093225898776
SME-00168,2023-04-14,5,0.326616699446526
SME-00168,2023-04-02,5,-0.2715044558837095
SME-00168,2023-05-09,5,0.22441482042273717
SME-00168,2022-09-16,5,-0.28991202430834256
SME-00168,2023-06-08,1,0.4465464940900564
SME-00168,2022-06-21,3,-0.0825490434149388
SME-00169,2022-10-12,3,1.0
SME-00169,2022-11-14,2,-0.03082337658816975
SME-00169,2023-06-11,3,0.4173322260354108
SME-00169,2022-09-11,4,0.5780881138086418
SME-00169,2023-04-04,4,0.5770176259378788
SME-00169,2023-02-14,3,-0.17164351095798797
SME-00169,2022-05-15,3,-0.376690890672488
SME-00169,2022-05-31,4,0.4801402616973419
SME-00169,2023-05-18,3,0.3678702595132307
SME-00169,2022-01-07,2,-0.1380282791607384
SME-00169,2023-03-01,4,0.9972861853740393
SME-00169,2022-08-08,3,0.4265180557772249
SME-00170,2022-11-01,3,0.3913252399834268
SME-00170,2022-10-06,4,0.477807005252736
SME-00170,2023-05-14,3,0.438098872124978
SME-00170,2022-03-01,4,0.23103157919999792
SME-00170,2022-01-20,4,0.5038281499006305
SME-00170,2023-02-18,3,0.4393522059574077
SME-00170,2023-01-16,2,-0.14563413682254295
SME-00170,2022-02-13,1,-0.11675720141270679
SME-00170,2022-08-24,1,0.7485612387080347
SME-00170,2022-11-27,3,0.4223403837230618
SME-00170,2022-04-29,5,0.21597253209093398
SME-00170,2023-06-13,4,0.2824168187012985
SME-00170,2022-12-04,2,0.5320908140742006
SME-00170,2022-06-15,4,0.7420832055143882
SME-00170,2022-01-31,3,0.21558549304497934
SME-00170,2022-01-24,4,-0.17007915793851736
SME-00171,2023-04-14,3,0.4966277400540426
SME-00171,2023-01-15,2,0.562284791515249
SME-00171,2022-10-14,3,0.6164624509319847
SME-00171,2022-12-06,4,0.8393191846742012
SME-00171,2022-12-07,2,0.20758003369324185
SME-00171,2022-12-10,2,0.32878923166018037
SME-00171,2022-09-02,4,-0.1688716550586521
SME-00171,2022-01-20,2,0.09701241902545477
SME-00171,2022-10-31,3,0.522983155052635
SME-00171,2023-02-08,3,0.35249131839166986
SME-00171,2022-06-24,4,0.9988814105226163
SME-00171,2023-04-12,4,0.04424542580314017
SME-00171,2022-04-27,5,-0.011184640213246388
SME-00171,2022-06-10,2,0.633008338543222
SME-00172,2022-06-21,4,-0.025966198253969452
SME-00172,2022-12-08,4,0.15185590702724305
SME-00172,2022-09-05,4,0.04241665617416557
SME-00172,2022-06-09,4,0.7372269091926712
SME-00172,2023-06-04,3,0.841048934862237
SME-00172,2023-06-26,4,0.48747465803647516
SME-00172,2022-06-04,3,0.5310815550799305
SME-00172,2023-02-21,5,1.0
SME-00172,2022-01-20,2,0.3345300944689292
SME-00172,2022-11-09,2,0.6842324571105998
SME-00172,2022-01-15,3,0.6810293028691827
SME-00172,2022-08-06,3,0.703467328907797
SME-00172,2022-08-02,3,-0.40166552479795464
SME-00172,2022-06-06,4,0.36314205290443513
SME-00172,2022-09-26,4,0.6103031861376972
SME-00172,2022-11-30,4,0.32128787196604525
SME-00172,2022-06-10,4,-0.4992180955740337
SME-00172,2023-05-15,3,0.28726874796193425
SME-00172,2022-07-30,4,0.24520494905916412
SME-00173,2023-05-15,3,-0.13783766297719552
SME-00173,2022-03-13,4,0.14768090930255287
SME-00173,2022-08-16,3,0.05995840506860997
SME-00173,2023-04-30,3,-0.0932715557819746
SME-00173,2023-01-06,3,0.32579953035989295
SME-00173,2023-06-04,3,0.7312473173355156
SME-00173,2022-08-24,3,-0.042142636227496866
SME-00173,2022-02-08,3,-0.06491422646024875
SME-00173,2022-05-03,3,0.5574741648568157
SME-00173,2023-05-06,3,-0.18279658479487942
SME-00174,2022-11-24,3,0.8593699414067377
SME-00174,2023-01-06,4,0.6035701919844549
SME-00174,2023-04-27,3,0.1957540189085668
SME-00174,2022-08-29,4,0.42903175946095207
SME-00174,2022-06-10,4,0.1314736346062332
SME-00174,2022-03-01,4,0.42758487664001643
SME-00174,2023-03-16,4,0.47382343566379276
SME-00174,2023-03-04,3,0.597039001567525
SME-00174,2022-06-05,4,1.0
SME-00174,2023-03-19,4,0.07847597117891392
SME-00174,2022-08-08,4,0.19122578976729626
SME-00174,2022-03-30,4,0.46464170197676335
SME-00174,2023-02-08,3,-0.2490679952106158
SME-00174,2022-03-30,4,0.21166154742684268
SME-00175,2023-02-03,5,0.39484266841429494
SME-00175,2022-06-12,4,0.35244809574464736
SME-00175,2023-05-26,3,0.5656235789875195
SME-00175,2022-04-09,2,0.941291694474135
SME-00175,2023-06-05,2,0.18122495957644302
SME-00175,2023-03-20,4,0.3635007066411627
SME-00175,2023-01-29,3,0.6546418262438719
SME-00175,2022-12-13,3,0.05051529494303081
SME-00175,2023-04-19,2,0.6213176628738506
SME-00175,2022-02-13,3,0.37984605276410754
SME-00175,2023-04-12,2,0.5890227238091063
SME-00175,2023-06-14,2,0.19720294954138812
SME-00175,2022-02-11,3,0.1726861955389941
SME-00175,2023-05-11,4,0.9874410191720784
SME-00176,2022-03-28,3,0.7807093953037063
SME-00176,2022-01-20,5,-0.5149462858183089
SME-00176,2023-03-06,4,0.2329708842984151
SME-00176,2023-02-26,3,0.09946299291046737
SME-00176,2022-05-30,2,0.5353260091850929
SME-00176,2022-06-01,2,0.3421118317075324
SME-00176,2022-02-16,3,0.3636894846828726
SME-00176,2022-06-19,3,0.0737900325059137
SME-00176,2023-01-21,4,0.20619755014367136
SME-00176,2023-01-14,4,-0.44269564920536836
SME-00176,2022-10-26,2,0.14379287259321055
SME-00177,2023-03-16,3,0.9933720723453423
SME-00177,2022-05-25,3,-0.5210587280334489
SME-00177,2022-12-08,4,0.060648233680221264
SME-00177,2023-02-26,2,0.49691191159960385
SME-00177,2022-09-01,2,0.3566104859935379
SME-00177,2023-03-03,2,0.7096537251785913
SME-00177,2023-04-21,4,-0.18462348746913693
SME-00178,2023-06-08,3,-0.08502918260651915
SME-00178,2023-06-29,4,0.5914683401558505
SME-00178,2023-06-22,3,0.051180386913894454
SME-00178,2023-03-31,4,0.08899643279113881
SME-00178,2022-07-14,4,1.0
SME-00178,2023-04-22,4,0.455156384492668
SME-00178,2022-11-05,2,0.7813195751659314
SME-00178,2022-03-01,3,0.6196738370299872
SME-00178,2022-05-16,3,0.19652665154272933
SME-00179,2023-06-04,4,0.30152789042165734
SME-00179,2023-03-14,2,0.14971330151136736
SME-00179,2022-08-19,3,0.5928766006958928
SME-00179,2022-11-26,3,0.09769728517452811
SME-00179,2023-05-07,4,0.7156091704124494
SME-00179,2022-09-04,2,0.13865354601303242
SME-00179,2022-09-08,3,-0.42993532121074135
SME-00179,2022-02-24,4,0.5882871834965725
SME-00179,2022-12-02,3,-0.38019588933141785
SME-00179,2023-03-22,5,0.08254989195740567
SME-00179,2023-06-12,4,0.8608316989446818
SME-00179,2022-09-27,5,0.3801694796091163
SME-00179,2022-08-17,3,0.8413532990612782
SME-00179,2022-05-28,4,0.3219575402396157
SME-00179,2022-02-16,2,-0.4626432864300835
SME-00180,2022-06-26,4,0.5032724063786023
SME-00180,2023-04-26,2,0.8715027853925033
SME-00180,2022-09-14,3,0.3859296631580036
SME-00180,2022-05-11,3,0.24211689359767047
SME-00180,2023-05-28,4,0.4918661276867912
SME-00180,2023-03-12,3,0.6405521225055342
SME-00180,2023-05-05,3,0.2210763044354727
SME-00180,2023-06-24,3,1.0
SME-00180,2023-06-15,2,-0.3341769455195978
SME-00180,2022-07-05,2,0.5430527462322228
SME-00180,2022-04-08,3,0.49645197720920875
SME-00180,2022-11-07,2,-0.21868502869317624
SME-00180,2022-05-27,4,-0.19122832190658462
SME-00180,2023-04-22,3,0.11723087367888776
SME-00180,2022-03-25,4,0.7619399969634008
SME-00181,2022-08-08,3,0.38499907053594784
SME-00181,2023-05-05,2,0.44769571013537635
SME-00181,2022-05-10,2,0.7413622186949882
SME-00181,2023-04-15,3,0.7132190833994665
SME-00181,2022-08-30,2,0.6983852722245572
SME-00181,2022-12-09,3,0.5641295323201494
SME-00181,2022-04-13,4,0.5623927868707695
SME-00181,2022-11-03,4,0.4483981235142504
SME-00181,2022-01-17,5,-0.48299506634654626
SME-00181,2023-05-13,4,-0.026565179524384364
SME-00181,2023-02-14,2,-0.7884396738458737
SME-00181,2022-12-31,3,-0.16321032875552277
SME-00181,2022-02-18,3,-0.3198251778166659
SME-00181,2022-04-26,2,0.32789622453255873
SME-00181,2023-02-18,3,0.4531677268203709
SME-00181,2023-04-21,1,0.10261170588517238
SME-00182,2022-11-07,3,0.8623436578583901
SME-00182,2022-10-18,2,1.0
SME-00182,2022-03-31,2,0.5431890007560948
SME-00182,2022-01-28,4,0.980576404216366
SME-00182,2022-07-22,3,0.1922422781657112
SME-00182,2023-03-20,2,-0.5259811922773645
SME-00182,2023-05-24,2,-0.9155772242558013
SME-00182,2023-04-03,2,0.09145077215107486
SME-00182,2022-07-30,3,-0.2879796451727921
SME-00182,2023-05-21,2,0.41367804707467404
SME-00182,2023-01-22,4,0.7122096655467033
SME-00182,2022-03-27,4,-0.11115990199730957
SME-00183,2023-05-30,3,0.4469387983797677
SME-00183,2023-02-10,3,0.5692902936760088
SME-00183,2022-06-08,4,0.08950204727929018
SME-00183,2022-07-21,2,0.3986808094339902
SME-00183,2022-12-12,4,0.472107997022131
SME-00183,2022-06-01,1,-0.3351472141041221
SME-00183,2022-04-24,3,0.7037939524013164
SME-00183,2022-02-04,2,0.36317361538754794
SME-00183,2022-05-15,3,0.8786906632718787
SME-00183,2022-06-20,4,-0.08108875274014166
SME-00183,2022-08-14,2,0.30097359240452193
SME-00183,2022-12-08,3,0.4550241963888273
SME-00183,2022-03-12,3,1.0
SME-00183,2022-09-23,2,0.335790828002574
SME-00183,2023-05-18,3,-0.03248310640143909
SME-00184,2022-12-19,3,-0.1290982780094858
SME-00184,2022-10-28,4,0.37111317649533176
SME-00184,2022-09-07,5,-0.009001025597173584
SME-00184,2022-05-11,4,0.05868511539146268
SME-00184,2022-07-29,4,0.036430506094658754
SME-00184,2023-06-16,4,0.5361380094995174
SME-00184,2023-02-12,4,-0.5700630859701221
SME-00184,2022-09-03,3,0.1104157801079281
SME-00184,2022-02-12,2,0.2936452434021417
SME-00184,2022-10-11,4,-0.4724560936329703
SME-00184,2022-08-28,4,0.25365747467535976
SME-00184,2022-03-03,3,-0.03350702127725513
SME-00184,2022-06-05,3,-0.19535643444575163
SME-00184,2022-05-31,4,1.0
SME-00184,2023-04-29,3,-0.33394103759812993
SME-00184,2022-08-18,3,0.35524920602768784
SME-00185,2023-03-07,4,0.03302272245926369
SME-00185,2023-06-02,3,-0.11903855834183769
SME-00185,2023-02-07,2,0.8225339663559654
SME-00185,2022-07-10,3,0.3824135344081665
SME-00185,2022-06-12,2,0.4096473988758271
SME-00185,2022-01-02,2,0.1962404770457452
SME-00185,2023-02-09,3,0.3099097413654612
SME-00185,2022-02-04,3,0.21312746427631457
SME-00186,2022-10-08,5,0.7014964367174359
SME-00186,2023-01-09,2,0.7223535309077384
SME-00186,2022-03-20,3,0.44776016282668185
SME-00186,2022-03-10,2,0.249203950411308
SME-00186,2023-05-12,3,0.37738717272510813
SME-00186,2022-03-10,2,0.5956363222094334
SME-00186,2023-03-14,5,0.8401373341578167
SME-00186,2022-08-01,3,0.5168547104457046
SME-00186,2022-11-13,4,-0.3530660408261352
SME-00186,2023-05-12,3,-0.17011094773000068
SME-00186,2022-03-26,3,0.44979699333319745
SME-00186,2022-05-20,3,0.5574342317757761
SME-00187,2022-05-05,4,0.7616619518579344
SME-00187,2022-06-26,4,0.3976227025298112
SME-00187,2023-06-22,3,0.04745252760637786
SME-00187,2023-05-10,2,0.1979817291207081
SME-00187,2023-04-27,4,0.18467542511120283
SME-00187,2022-08-24,3,0.2631295880128777
SME-00187,2023-04-25,4,-0.10068837798828245
SME-00187,2022-08-31,2,0.4398118336745689
SME-00187,2022-10-05,2,0.07177456595516019
SME-00187,2023-01-09,3,0.3486340001683027
SME-00188,2022-03-13,3,0.39913621235605046
SME-00188,2022-10-14,4,-0.34934761511172613
SME-00188,2022-05-31,3,0.20910012982536597
SME-00188,2022-11-26,3,0.3010002735308851
SME-00188,2023-02-18,3,0.5792040770780628
SME-00188,2023-05-09,4,0.48123036782053824
SME-00188,2023-01-13,4,-0.33187191955693535
SME-00188,2022-01-24,3,-0.007796992820885917
SME-00188,2023-02-17,3,0.7634637237922661
SME-00188,2023-05-12,2,0.8295450865009584
SME-00188,2022-06-04,3,0.49215232169973955
SME-00188,2022-03-22,4,0.4362431188741849
SME-00188,2022-02-16,4,0.2767702885783929
SME-00188,2022-08-06,4,-0.07951208685668981
SME-00188,2022-11-30,3,-0.5786417725554045
SME-00189,2022-10-03,2,0.9623156168173459
SME-00189,2022-04-09,3,0.05742302039717423
SME-00189,2022-08-10,3,0.18287731201934754
SME-00189,2022-12-28,4,0.9058385965361819
SME-00189,2022-03-27,2,0.45580116954649924
SME-00189,2023-06-09,1,0.3999796399305071
SME-00189,2022-04-04,4,0.36847124810365905
SME-00189,2022-03-22,4,0.6639042852224926
SME-00189,2022-11-08,4,-0.570178148804527
SME-00190,2023-06-22,3,0.41048150305721887
SME-00190,2022-07-03,4,0.3043773807116273
SME-00190,2023-01-12,5,0.1583818919984605
SME-00190,2023-06-18,3,0.2116961446625628
SME-00190,2023-03-27,4,-0.3526560373569437
SME-00190,2022-01-01,3,0.03010731000880451
SME-00190,2022-02-07,3,0.5656212590917207
SME-00190,2022-12-23,3,1.0
SME-00190,2023-02-25,4,0.4546167015782946
SME-00190,2023-03-25,3,0.7167734317022374
SME-00190,2022-03-17,4,0.6231715603373194
SME-00190,2022-01-01,3,0.41296972249166697
SME-00190,2022-09-12,3,0.08397218163648515
SME-00190,2023-01-02,4,0.356044754004413
SME-00190,2022-10-28,3,0.9679618343447027
SME-00190,2023-04-04,2,1.0
SME-00191,2022-11-24,2,-0.06120750088894972
SME-00191,2022-11-03,4,0.004831077464787947
SME-00191,2023-04-06,2,-0.25679023364220005
SME-00191,2022-07-24,4,1.0
SME-00191,2022-12-24,3,0.7041347547582923
SME-00191,2023-01-25,4,0.672597907894156
SME-00191,2023-04-10,3,0.9711518751140946
SME-00191,2023-01-12,3,0.5195843925937703
SME-00191,2022-10-15,4,-0.044125173784455796
SME-00191,2022-01-20,3,0.7463756684779079
SME-00191,2023-05-06,2,0.4988965388880482
SME-00191,2022-12-15,4,0.3655107606308376
SME-00191,2022-05-11,4,-0.3359525900395494
SME-00191,2022-08-09,4,-0.16879703346990704
SME-00192,2022-03-20,3,0.6693863991904436
SME-00192,2022-11-27,5,0.2652874826797639
SME-00192,2023-05-15,3,0.6390628456717038
SME-00192,2022-08-02,3,0.7463354845624638
SME-00192,2022-11-30,2,0.07161735040045103
SME-00192,2022-04-15,3,-0.39649123217970633
SME-00192,2023-04-24,2,0.10686183864239998
SME-00192,2022-10-26,4,0.8298011653340136
SME-00192,2022-08-03,4,-0.055218477171572744
SME-00193,2022-01-02,5,0.19956426998369448
SME-00193,2023-03-25,4,0.03949627150253843
SME-00193,2022-07-03,2,0.34089061958528044
SME-00193,2022-07-17,4,-0.18486719920982203
SME-00193,2022-05-29,4,0.4565910109446551
SME-00193,2023-03-02,4,0.9074559324968219
SME-00193,2023-04-21,2,0.06829123890069938
SME-00193,2023-03-03,3,0.111115560707748
SME-00193,2022-10-03,4,0.9415693592842314
SME-00193,2022-09-02,4,-0.2253372195004078
SME-00193,2022-01-08,2,0.7073306394077259
SME-00193,2023-04-07,4,-0.0422542141617851
SME-00193,2022-08-28,3,0.5526666206877335
SME-00193,2022-07-14,5,0.31621862197705514
SME-00194,2022-10-07,4,0.6567747087887853
SME-00194,2022-12-12,3,0.48110647457029176
SME-00194,2023-01-11,4,0.5115796481920429
SME-00194,2022-09-17,5,0.2168513933015347
SME-00194,2022-02-26,4,-0.31995759029136767
SME-00194,2022-01-25,5,0.4107709725514204
SME-00194,2022-12-14,3,0.03837250799672909
SME-00194,2022-04-30,4,0.2577867662212722
SME-00195,2023-02-06,4,-0.3556816929678415
SME-00195,2023-05-12,3,0.10560722149368826
SME-00195,2022-12-12,3,0.4216865053119168
SME-00195,2022-05-15,4,0.6843219124046618
SME-00195,2022-03-08,3,0.24803674426511418
SME-00195,2022-10-17,2,0.2243147073755632
SME-00195,2022-11-01,3,-0.3203252296384555
SME-00195,2022-05-09,2,0.37960974321758406
SME-00195,2022-07-30,3,-0.05326852468812554
SME-00195,2022-02-19,3,0.5971213781955201
SME-00196,2022-06-01,4,0.3477559195527408
SME-00196,2023-01-11,3,0.9050772641390605
SME-00196,2022-08-14,3,-0.2311030187854805
SME-00196,2023-01-18,4,0.8255031286184988
SME-00196,2023-02-13,4,0.4588724141201846
SME-00196,2023-02-14,2,0.2951991089444114
SME-00196,2022-05-29,4,-0.07226758398448113
SME-00196,2023-01-21,4,-0.25262573735116706
SME-00196,2022-02-18,5,1.0
SME-00196,2022-01-10,5,-0.010308230702558485
SME-00196,2022-11-10,4,0.05464569946621284
SME-00196,2023-03-26,4,-0.055570650097893026
SME-00196,2022-03-24,3,-0.0064571387071495345
SME-00196,2022-12-29,2,0.39204864343859247
SME-00197,2023-03-22,4,0.75737534739059
SME-00197,2023-01-10,2,0.12977044138179156
SME-00197,2022-03-31,3,0.8855858471699749
SME-00197,2023-03-06,3,0.30516627580322325
SME-00197,2022-05-24,3,0.2951130803731713
SME-00197,2023-06-02,2,0.13695365291139633
SME-00198,2022-11-18,5,0.5711579311991033
SME-00198,2022-01-22,4,1.0
SME-00198,2022-05-31,2,0.2838518369942507
SME-00198,2022-06-17,2,-0.26068074266530133
SME-00198,2022-08-03,2,0.39805522151396944
SME-00198,2023-04-26,4,0.15298912019519792
SME-00198,2022-06-26,3,0.2966334386964538
SME-00198,2023-01-20,3,0.03041582178317087
SME-00198,2023-05-27,3,0.9840600832509336
SME-00198,2022-12-20,4,-0.08560533372000251
SME-00198,2023-06-03,3,0.3416968240434879
SME-00199,2023-03-24,3,0.9584779583778584
SME-00199,2022-01-10,3,0.1872326387271277
SME-00199,2022-03-10,2,0.4520781083706197
SME-00199,2023-06-12,4,0.4529978915014426
SME-00199,2022-01-09,3,0.1361045940420342
SME-00199,2023-06-10,3,0.188381054682846
SME-00199,2023-01-27,3,0.5881876558156625
SME-00199,2022-07-11,2,0.6469221204348281
SME-00199,2022-09-21,4,-0.6926289462409334
SME-00199,2023-04-06,3,-0.36447375233404505
SME-00199,2022-10-23,3,0.29417322835726883
SME-00199,2022-10-02,4,-0.39257289433766057
SME-00199,2023-05-22,3,-0.519729206940253
SME-00199,2022-02-05,4,-0.1707822446931494
SME-00200,2022-04-12,4,0.580610089617993
SME-00200,2022-12-30,3,0.41421609510649443
SME-00200,2022-04-18,3,-0.6188285280642836
SME-00200,2022-12-13,3,0.45444017692433225
SME-00200,2022-07-03,3,0.45329376651044817
SME-00200,2022-09-23,4,0.8017123246151987
SME-00200,2022-09-27,3,0.054153288090037
SME-00200,2023-02-26,3,1.0
SME-00200,2022-06-21,2,-0.08661319088165104
SME-00200,2023-01-06,2,-0.19521306730048232
SME-00200,2022-10-25,3,0.262365478287826
SME-00200,2022-02-18,4,0.7929438133302142
SME-00200,2023-06-11,4,0.12947235579144126
SME-00200,2023-04-17,1,-0.5597574125383058
SME-00200,2023-03-27,4,0.5974012673047815
SME-00200,2022-09-27,3,0.136638330237341
SME-00201,2023-06-02,3,-0.17333492628481129
SME-00201,2022-02-21,3,0.24198468798359274
SME-00201,2022-10-13,2,0.14630675292812362
SME-00201,2022-08-25,4,0.18524488387724272
SME-00201,2022-04-29,2,0.8675973444062106
SME-00201,2023-03-12,2,0.18836056569294085
SME-00201,2022-02-01,3,0.8743670302816997
SME-00201,2023-06-26,2,0.1692433567364417
SME-00202,2023-01-26,5,-0.04990713371257299
SME-00202,2022-12-14,3,0.26457414458608014
SME-00202,2022-02-22,3,0.6977901700371539
SME-00202,2022-06-05,3,1.0
SME-00202,2022-01-18,4,-0.27550332454506204
SME-00202,2022-05-26,3,0.6381650833593802
SME-00202,2022-05-10,2,0.30412564718793694
SME-00202,2022-10-02,4,-0.062114286911101824
SME-00202,2022-12-24,2,0.8772831056760548
SME-00202,2022-07-24,3,-0.09520854017255004
SME-00202,2022-02-19,2,0.5026628104400797
SME-00202,2023-05-13,3,0.07384759613598388
SME-00202,2022-06-21,3,0.9658376379802729
SME-00202,2022-01-29,3,0.28939359533805326
SME-00202,2022-10-19,4,0.6286257531068014
SME-00202,2023-06-05,4,0.92819840525089
SME-00203,2022-08-13,3,0.048370082407299786
SME-00203,2022-08-05,4,0.3270011371101146
SME-00203,2022-09-03,4,0.5739212382243726
SME-00203,2023-05-18,4,-0.02877468013392198
SME-00203,2022-05-17,4,0.2615081267327764
SME-00203,2022-10-04,3,0.1626184154859276
SME-00203,2022-06-06,4,0.4855265410176247
SME-00203,2023-06-26,4,0.14602795475682326
SME-00203,2022-03-15,3,0.2915713638460347
SME-00203,2023-02-17,3,0.3554777771423955
SME-00203,2022-05-19,3,0.2663328055254874
SME-00204,2022-06-08,3,0.5873356374182425
SME-00204,2023-02-26,3,0.710284114191543
SME-00204,2022-12-31,4,0.2780192188106782
SME-00204,2022-10-24,3,0.6784170867237078
SME-00204,2023-03-23,3,-0.12535499303341063
SME-00204,2022-12-13,4,0.09036580012162945
SME-00204,2022-02-04,4,0.3567278544864444
SME-00204,2022-04-16,3,0.10513617594781116
SME-00204,2022-09-07,2,0.277801373584332
SME-00204,2022-03-19,3,0.8189909101404409
SME-00204,2022-05-29,3,0.21398732705761167
SME-00205,2022-10-02,4,0.34344100688440204
SME-00205,2023-06-26,4,0.8615057399197192
SME-00205,2022-07-12,3,1.0
SME-00205,2022-08-14,3,0.5083975194106227
SME-00205,2022-11-12,3,0.13393620549715565
SME-00205,2022-01-08,3,0.501309151804903
SME-00205,2023-03-27,4,-0.49507280220635524
SME-00205,2022-03-21,3,0.9063728132099933
SME-00205,2022-07-31,2,0.41126835104470805
SME-00205,2023-06-23,1,-0.33187441521224653
SME-00206,2022-01-12,4,0.9964510827717636
SME-00206,2023-05-06,4,0.06681290870140305
SME-00206,2022-03-22,3,0.6927001271717943
SME-00206,2023-03-27,4,-0.19826223270050325
SME-00206,2022-08-18,3,0.3753724478528867
SME-00206,2022-04-26,4,0.12943705515369625
SME-00206,2023-03-23,3,0.05754911094664392
SME-00206,2022-12-11,4,-0.29260114719317104
SME-00206,2022-03-05,2,0.2588813793395962
SME-00206,2022-08-22,3,0.22257398645626142
SME-00206,2023-02-02,2,0.9723833087298497
SME-00206,2022-03-17,4,0.6143901403174157
SME-00206,2022-09-14,3,0.4447000745909183
SME-00206,2023-06-14,4,0.010538494270444287
SME-00206,2022-01-11,4,0.4405644648136743
SME-00207,2022-03-08,3,0.23684569658995272
SME-00207,2022-07-15,2,0.48156817095284693
SME-00207,2022-05-11,4,0.5469755052193825
SME-00207,2022-11-24,4,-0.7011556540452568
SME-00207,2022-07-26,3,-0.11613797977609047
SME-00207,2022-12-21,1,-0.14425520590939622
SME-00207,2022-09-09,4,0.15867785796468076
SME-00207,2022-01-29,4,0.13772096082928448
SME-00207,2022-04-22,4,0.29320850364975787
SME-00207,2022-02-17,4,0.6714136488739011
SME-00207,2022-12-13,3,0.4571536057929657
SME-00207,2023-03-14,5,0.8616149509534763
SME-00207,2023-06-13,2,0.841889683253199
SME-00208,2022-01-16,3,-0.2855803472858927
SME-00208,2023-01-17,2,-0.059588738844694344
SME-00208,2023-01-16,3,0.28444388260065995
SME-00208,2022-12-02,4,0.35210761996235274
SME-00208,2022-03-19,3,0.5052666056881516
SME-00208,2022-10-21,3,0.41976265673794744
SME-00208,2023-03-24,4,1.0
SME-00209,2023-03-03,2,0.42568099640327933
SME-00209,2022-06-20,3,-0.07471945052887985
SME-00209,2022-12-12,2,-0.031787436995364626
SME-00209,2022-06-01,4,0.404481307806117
SME-00209,2023-02-25,1,0.34225083802492084
SME-00209,2022-10-24,3,-0.3431168336781772
SME-00209,2023-06-26,3,0.3841742532299348
SME-00209,2023-03-10,4,0.2617828307364295
SME-00209,2022-10-24,4,0.903127540044629
SME-00209,2023-03-30,4,0.12524893519494104
SME-00209,2023-04-21,2,-0.2552978748557528
SME-00209,2023-06-13,3,0.5802865955115932
SME-00209,2022-02-11,2,0.3497866692668902
SME-00209,2022-01-23,2,0.09719067374296725
SME-00210,2023-06-10,2,0.451829528933154
SME-00210,2022-07-22,3,0.04503844179569261
SME-00210,2022-03-21,3,0.38978025101334723
SME-00210,2022-10-22,5,0.2692730233622602
SME-00210,2022-05-30,3,0.2295595519415566
SME-00210,2022-10-20,4,-0.2262714634948832
SME-00210,2022-05-11,3,0.11787662766191981
SME-00210,2023-05-23,3,0.6675207225441377
SME-00210,2022-04-14,1,0.0756369203094483
SME-00210,2022-04-27,3,0.06611810753921754
SME-00210,2022-05-01,3,0.2721384269954895
SME-00210,2023-03-29,4,-0.0031612416540207633
SME-00210,2023-06-06,3,0.5507265223870899
SME-00210,2022-06-20,5,0.32413914125092685
SME-00210,2022-05-11,4,0.11808087148959592
SME-00211,2023-04-20,3,-0.1837934746705066
SME-00211,2022-05-24,3,-0.28523961606483933
SME-00211,2022-08-18,3,0.6776600414823994
SME-00211,2023-02-08,3,0.46623423862903174
SME-00211,2023-02-21,3,-0.03798287798953687
SME-00211,2022-06-11,4,0.0893519970796959
SME-00211,2023-02-04,3,-0.1217718423567129
SME-00211,2022-11-13,4,0.04091464045530602
SME-00211,2022-02-25,3,0.9177248484116205
SME-00211,2022-08-14,4,0.30218656358226825
SME-00211,2023-01-07,4,0.250995919519259
SME-00211,2022-08-20,3,0.7616109873219681
SME-00211,2023-06-08,3,0.3698141280624054
SME-00211,2023-02-27,4,0.25408107537578584
SME-00211,2023-03-01,4,-0.2532481445096662
SME-00212,2022-02-21,3,0.7588357602174038
SME-00212,2022-03-02,2,0.42760314584585524
SME-00212,2022-09-12,2,0.23323149777893212
SME-00212,2023-05-23,3,0.19806111529447223
SME-00212,2023-06-03,3,0.11678229725898984
SME-00212,2022-09-05,3,-0.22034435544870384
SME-00212,2023-03-09,3,0.08812480319360766
SME-00212,2022-05-22,4,0.43546625146655465
SME-00212,2022-09-13,2,0.37284233122750293
SME-00212,2023-02-08,2,0.4834312736137041
SME-00212,2022-07-27,4,0.6679944399237228
SME-00212,2023-04-23,3,0.08661257825843768
SME-00212,2023-05-03,3,0.6606129211563796
SME-00212,2023-03-02,3,-0.19840991346818032
SME-00212,2023-05-14,3,0.2291997777280868
SME-00212,2022-03-20,3,0.5012037977858756
SME-00212,2023-05-04,3,-0.33984856882437237
SME-00212,2022-11-10,4,0.4965110540801138
SME-00212,2023-06-17,3,-0.2637717937131953
SME-00212,2022-05-21,3,0.8337258207738287
SME-00213,2023-01-03,2,0.2566692715214775
SME-00213,2022-01-19,2,0.16759049316851932
SME-00213,2022-10-06,5,0.7720575829840601
SME-00213,2023-03-31,3,0.3591284550955832
SME-00213,2022-06-23,3,-0.2985128329884014
SME-00213,2022-09-01,4,0.6433214681964333
SME-00213,2022-04-20,3,0.0354473883059539
SME-00213,2022-10-02,4,0.4531139539713574
SME-00213,2022-06-08,4,0.2445405255279231
SME-00213,2022-07-07,4,0.46141860882631586
SME-00213,2022-10-18,4,-0.15029066945494762
SME-00213,2022-04-15,2,-0.09370529768727548
SME-00213,2022-03-03,3,-0.21152808065961654
SME-00214,2022-10-05,5,0.2421101613581668
SME-00214,2022-03-12,2,0.8234815769042492
SME-00214,2023-04-08,4,0.371459567133828
SME-00214,2023-04-08,3,0.507290935780364
SME-00214,2022-09-26,3,1.0
SME-00214,2023-03-02,3,-0.09295750303345957
SME-00214,2023-03-09,4,-0.17984151234518503
SME-00214,2022-11-24,3,0.5637660844614016
SME-00214,2022-03-22,3,0.05695018036337915
SME-00214,2022-10-26,3,0.4441132180084626
SME-00214,2022-05-31,2,0.20105977742588238
SME-00214,2023-04-04,3,-0.10071162212504786
SME-00214,2022-10-20,2,1.0
SME-00214,2023-01-03,4,0.3792713863867745
SME-00214,2023-01-24,3,0.4121832316513281
SME-00214,2022-08-14,2,0.33691806474185515
SME-00215,2022-04-22,3,0.6195359081614897
SME-00215,2022-08-23,3,0.4214111746979735
SME-00215,2022-03-20,2,0.2291047547210312
SME-00215,2022-12-18,4,0.5259446754760455
SME-00215,2022-10-17,3,-0.1533331658022002
SME-00215,2022-12-22,2,-0.3295952030327384
SME-00215,2022-04-11,4,0.9645477995663614
SME-00215,2023-06-23,3,0.33771638788308084
SME-00215,2022-11-14,4,1.0
SME-00215,2022-10-26,3,0.34471912009224787
SME-00216,2023-03-15,3,0.5113220175117242
SME-00216,2022-11-16,4,1.0
SME-00216,2023-03-20,3,-0.7426656097016981
SME-00216,2023-06-19,3,0.7305457117729361
SME-00216,2023-03-20,3,0.7983605302985276
SME-00216,2023-06-20,4,0.34700478098745596
SME-00216,2022-04-06,3,0.07497205613979999
SME-00216,2023-05-28,4,-0.0479696544668628
SME-00216,2023-03-07,4,0.4840993249382046
SME-00216,2022-03-29,4,0.24467776850813067
SME-00216,2022-04-27,4,0.03836554606961173
SME-00216,2022-10-11,4,0.4643043412029947
SME-00216,2022-01-21,3,-0.11805963974666239
SME-00216,2023-04-09,4,0.053150911909779774
SME-00217,2022-01-12,3,0.19352204561038747
SME-00217,2022-04-19,4,0.2195102408838808
SME-00217,2023-06-27,2,0.43877076331524806
SME-00217,2023-05-07,1,0.4506517482892333
SME-00217,2023-05-08,4,0.6363422383706041
SME-00217,2022-10-12,3,0.022193656245205418
SME-00217,2023-01-28,3,0.5660157817857894
SME-00217,2023-01-07,3,0.892033928249321
SME-00217,2022-09-14,4,-0.38174473270706105
SME-00218,2023-04-15,4,0.5896454063570069
SME-00218,2023-03-02,3,0.6966647533566237
SME-00218,2023-02-23,5,0.6658621146648194
SME-00218,2022-06-16,4,0.25485685833908217
SME-00218,2022-04-21,2,0.4188526294241464
SME-00218,2023-03-07,4,0.3192213543901778
SME-00218,2022-02-08,4,0.7286038608433965
SME-00218,2023-02-20,3,-0.25055337843209585
SME-00218,2023-06-26,2,-0.17375947571927208
SME-00218,2023-03-14,4,1.0
SME-00218,2022-09-30,4,0.30025182806795403
SME-00218,2022-01-18,3,-0.22823346707708642
SME-00218,2022-12-28,3,0.264756495555664
SME-00218,2022-01-06,3,-0.2928084819395604
SME-00218,2023-05-17,5,0.4599793755300814
SME-00219,2023-03-17,4,-0.02501411339300319
SME-00219,2022-11-05,3,0.21531979415943592
SME-00219,2023-01-30,3,0.5707680698347792
SME-00219,2023-05-06,3,-0.015591391852364855
SME-00219,2022-11-24,5,0.02805635127286865
SME-00219,2022-10-29,3,0.054123476499610385
SME-00219,2022-07-12,3,0.14215853785779467
SME-00219,2022-11-24,5,0.17277405151935205
SME-00219,2022-08-07,3,0.3498828028609509
SME-00219,2023-01-27,4,0.7831371717779243
SME-00220,2022-09-10,2,0.49482764963432985
SME-00220,2022-09-13,2,-0.9747364466035255
SME-00220,2022-07-07,3,0.5530944759146811
SME-00220,2022-10-25,4,0.10817956171918242
SME-00220,2022-09-17,4,0.031334017849988294
SME-00220,2023-03-30,3,0.15486560232808433
SME-00220,2022-07-02,3,0.833406916719267
SME-00220,2022-08-08,4,0.5858197036886239
SME-00220,2022-08-17,4,0.4576374677989806
SME-00221,2022-10-28,3,-0.33770992791551163
SME-00221,2022-02-13,3,1.0
SME-00221,2023-01-19,4,0.12366895493917415
SME-00221,2022-08-22,3,0.41365120758115437
SME-00221,2023-03-12,3,0.035423720464244524
SME-00221,2022-07-30,4,0.7851735173422607
SME-00221,2022-12-28,3,0.8378011108218157
SME-00221,2022-11-03,3,0.1635064938246599
SME-00221,2023-03-22,5,0.997407088543113
SME-00221,2022-04-27,1,0.22460071917748792
SME-00221,2022-05-05,2,-0.035325049462930525
SME-00221,2022-02-02,3,0.15083981986897851
SME-00222,2022-10-19,4,0.5312014291595686
SME-00222,2023-01-20,2,-0.23516537034110435
SME-00222,2022-03-31,3,0.6869636030839695
SME-00222,2022-11-16,1,0.8751027006060839
SME-00222,2022-06-01,5,0.9305954707395576
SME-00222,2022-06-17,4,0.31639396385762325
SME-00222,2022-01-21,3,-0.05913976695373041
SME-00222,2022-08-03,3,0.5895259491321375
SME-00222,2022-07-22,4,0.14360530325983417
SME-00223,2023-02-23,4,0.022286344653117074
SME-00223,2022-12-06,3,0.08752613104137114
SME-00223,2022-03-14,3,-0.6762150521477062
SME-00223,2022-06-17,4,0.18173294057907408
SME-00223,2023-01-02,4,0.22056765600928702
SME-00223,2022-12-16,4,0.7948230968588705
SME-00223,2022-05-06,4,0.5300003074486372
SME-00223,2022-07-16,3,-0.19411843290642639
SME-00223,2022-08-29,2,-0.04097099276106447
SME-00223,2022-08-03,2,0.938878886683151
SME-00223,2022-01-16,4,-0.49536516977240624
SME-00223,2023-02-25,4,0.16024996888373863
SME-00223,2022-02-13,3,0.6450257402896851
SME-00223,2022-05-11,3,0.37246821329586893
SME-00223,2023-02-12,5,0.750417084715588
SME-00223,2022-03-13,4,0.2878892913186831
SME-00223,2023-03-23,3,0.046620242694937475
SME-00224,2022-05-01,5,0.5018082937180244
SME-00224,2022-06-06,3,0.5356370282123388
SME-00224,2022-10-20,3,0.4264818424583733
SME-00224,2022-10-07,3,0.19181893225655058
SME-00224,2023-05-26,4,0.9037403954553456
SME-00224,2022-08-12,3,0.5840133840320489
SME-00224,2022-04-25,4,0.37823404870158905
SME-00224,2022-06-28,3,0.012246683559239635
SME-00224,2022-05-18,3,-0.25701577416325555
SME-00224,2022-10-20,4,0.5777722174267547
SME-00224,2023-05-02,4,0.4412536951698729
SME-00225,2023-02-27,3,0.6950192203615001
SME-00225,2022-11-09,3,0.22608021502301895
SME-00225,2023-03-27,4,0.39965666601490335
SME-00225,2023-01-05,4,0.30147933290206913
SME-00225,2023-04-18,3,1.0
SME-00225,2023-01-15,3,0.0324714874683778
SME-00225,2022-10-09,3,0.6557943256241168
SME-00225,2022-10-20,3,1.0
SME-00225,2022-02-20,2,0.5130775401683725
SME-00225,2022-07-13,3,0.7519497671117199
SME-00225,2022-11-22,4,0.15969442098600103
SME-00225,2023-04-30,4,0.6556453032924563
SME-00225,2022-09-05,4,0.49802549716718214
SME-00225,2023-05-23,3,0.6009191729380183
SME-00226,2023-06-07,2,0.35175224420752493
SME-00226,2022-12-18,3,-0.19800007096894734
SME-00226,2023-06-23,4,0.5892032007923594
SME-00226,2022-03-12,3,-0.19003242314164032
SME-00226,2022-11-27,5,0.3240536716692047
SME-00226,2022-01-23,4,0.6096821721294285
SME-00227,2022-05-13,3,-0.025185204014101736
SME-00227,2022-02-11,3,-0.09314086607688765
SME-00227,2022-04-17,3,-0.2941944640150362
SME-00227,2022-09-22,4,0.052771313071920484
SME-00227,2022-04-14,3,1.0
SME-00227,2022-01-15,4,0.36229306546994827
SME-00227,2022-09-04,3,0.14144773840893463
SME-00227,2022-04-20,3,0.5654598284180385
SME-00227,2022-07-07,2,-0.46679494051119624
SME-00227,2023-06-25,3,0.6683148989967824
SME-00227,2023-01-24,4,0.13975616636221042
SME-00227,2022-01-20,4,0.4583710034976963
SME-00227,2022-10-19,3,0.36840231047392075
SME-00227,2022-11-11,2,0.42983079299695165
SME-00227,2022-08-20,3,-0.21163903633724307
SME-00227,2023-02-19,3,0.4955724506539363
SME-00227,2023-02-26,3,0.10300509847472655
SME-00227,2023-04-11,3,1.0
SME-00228,2023-06-08,3,0.6789485038218297
SME-00228,2023-05-10,3,0.6105432983068393
SME-00228,2022-08-21,3,-0.3546365850393594
SME-00228,2023-06-11,2,0.0666885908909853
SME-00228,2022-08-02,5,0.3098267344435431
SME-00228,2023-05-17,3,0.1988529805265381
SME-00228,2023-01-14,4,-0.14668958423886835
SME-00228,2023-01-03,4,0.21312133944973644
SME-00228,2023-04-09,3,0.030173392377052854
SME-00228,2022-06-25,3,0.10740417777023598
SME-00229,2022-07-29,3,0.681331156939551
SME-00229,2022-04-06,2,-0.08247335400515915
SME-00229,2022-12-14,4,0.097589776611303
SME-00229,2022-11-27,3,0.3567884818759696
SME-00229,2022-04-20,4,-0.14216620501250232
SME-00229,2022-07-24,3,-0.03371479165987423
SME-00229,2023-02-17,3,0.6013479783260541
SME-00229,2023-03-12,3,0.2873687775733963
SME-00229,2022-07-21,4,0.2667719346165808
SME-00229,2022-11-02,3,0.5030797851184514
SME-00229,2022-04-21,4,0.5630030408516982
SME-00229,2022-10-26,3,1.0
SME-00229,2022-03-07,4,0.08206451423201527
SME-00230,2023-04-25,4,0.19834993316656735
SME-00230,2022-08-24,2,0.43907093027105176
SME-00230,2023-03-02,3,0.41811907003240517
SME-00230,2023-06-15,4,0.4158975425789072
SME-00230,2023-01-23,2,-0.27423434022827503
SME-00230,2023-06-07,4,0.21059543447888945
SME-00230,2022-08-15,3,0.19489639181918963
SME-00230,2023-06-23,2,0.4913610601074162
SME-00230,2023-04-27,4,-0.20826007887749626
SME-00230,2023-01-30,4,0.04881239961099032
SME-00230,2022-04-05,2,0.3301979906154807
SME-00230,2022-11-13,4,0.07964545546856183
SME-00230,2022-08-09,2,0.3111318002612739
SME-00231,2022-02-08,2,0.10932192176435812
SME-00231,2023-05-08,4,0.1293923514690772
SME-00231,2022-01-08,3,0.8226302308778575
SME-00231,2023-06-08,4,-0.06474807720676173
SME-00231,2022-08-27,3,-0.19018513749641752
SME-00231,2022-11-07,3,0.6341430707035791
SME-00231,2022-08-24,2,0.5038752223429717
SME-00231,2022-12-04,3,-0.3702609292980951
SME-00231,2022-05-28,3,0.5850918177725037
SME-00231,2022-02-08,4,1.0
SME-00231,2022-01-02,3,0.424347338405462
SME-00232,2022-03-30,3,0.07371550536352192
SME-00232,2022-02-14,4,0.2042088962596187
SME-00232,2022-06-02,4,0.7630750571925754
SME-00232,2023-02-28,3,0.2171955145760494
SME-00232,2022-11-30,4,0.1281779975325695
SME-00232,2022-02-27,4,0.2265146788154017
SME-00232,2023-02-19,4,0.4308790413733752
SME-00232,2022-11-29,2,0.2894709016915472
SME-00232,2022-08-21,4,0.3498534410120861
SME-00233,2022-07-26,3,0.0004774260310652645
SME-00233,2022-08-24,4,0.17498778844619078
SME-00233,2023-03-27,3,0.5063603658224083
SME-00233,2022-04-28,4,0.6167753662685396
SME-00233,2023-01-25,2,0.12429549487962746
SME-00233,2023-02-17,4,-0.05633152866178853
SME-00233,2023-05-12,3,0.29200442023174644
SME-00233,2022-07-28,3,0.16404661939815068
SME-00233,2022-11-07,3,0.49488738975175073
SME-00234,2022-11-29,3,-0.33898410273265317
SME-00234,2022-01-22,3,-0.047319800830493475
SME-00234,2022-02-22,4,-0.12820210647512226
SME-00234,2022-03-20,4,0.4049982956928506
SME-00234,2022-07-07,3,0.479991909241559
SME-00234,2023-03-22,2,0.06845817615638833
SME-00234,2022-11-02,4,0.14406991583193923
SME-00234,2022-07-31,4,0.5614185368712944
SME-00234,2022-03-28,3,-0.2763928695383033
SME-00234,2023-04-18,3,0.16423532157819296
SME-00234,2022-10-02,2,0.1781926482141061
SME-00234,2022-04-30,4,-0.862601062330014
SME-00234,2023-04-10,4,-0.10652484760737485
SME-00234,2023-02-07,3,0.8827887695578591
SME-00234,2023-06-04,2,0.5816679837532687
SME-00234,2022-09-08,3,0.08906624752038411
SME-00235,2022-04-27,3,0.18568079777370297
SME-00235,2023-03-28,4,0.2062258203831173
SME-00235,2022-10-20,4,0.9794952158757979
SME-00235,2023-06-17,3,0.7631974636534022
SME-00235,2023-03-26,3,0.30414787480481875
SME-00235,2023-06-13,3,-0.4973087673060393
SME-00235,2023-06-03,3,0.13356851167009953
SME-00235,2022-03-11,4,0.21008738343190297
SME-00235,2022-03-07,2,0.31328398488887355
SME-00235,2023-06-11,3,0.38361904135783265
SME-00235,2022-07-26,3,-0.4269383079574684
SME-00236,2022-08-15,5,0.2256399237359128
SME-00236,2022-04-05,3,0.45579373075470603
SME-00236,2022-10-15,3,-0.07705744999920738
SME-00236,2022-07-13,3,0.704176809093844
SME-00236,2022-01-28,4,1.0
SME-00236,2023-02-04,4,-0.7857670732399291
SME-00236,2023-03-30,3,-0.6603622903553148
SME-00236,2022-05-01,3,1.0
SME-00237,2023-02-13,4,0.2955548693628127
SME-00237,2022-06-15,4,0.6203036045703131
SME-00237,2022-01-06,4,0.2096523376068698
SME-00237,2023-02-07,3,-0.33570770650501897
SME-00237,2022-12-27,2,0.39380749372340573
SME-00237,2023-01-04,2,0.8542627540808343
SME-00237,2022-07-25,2,0.2628298005002227
SME-00237,2023-05-18,2,-0.06514430194328547
SME-00237,2022-09-07,3,0.021693097417716745
SME-00237,2022-05-05,3,0.3383095845805378
SME-00237,2023-05-25,3,0.8779620942528177
SME-00237,2022-12-24,3,0.3016688942994112
SME-00237,2022-10-12,4,0.47823718841282964
SME-00237,2022-09-29,4,1.0
SME-00237,2022-11-12,3,0.8046133410355929
SME-00237,2022-06-06,3,0.5914550044489655
SME-00238,2023-01-05,4,0.16332407640431879
SME-00238,2022-02-10,5,0.40218333190581135
SME-00238,2022-12-23,5,0.13468402654124284
SME-00238,2023-05-15,4,0.1443543289759625
SME-00238,2023-02-26,4,0.7123872696623935
SME-00238,2022-10-20,4,0.12629884646062917
SME-00238,2022-01-16,3,-0.2906300911335618
SME-00238,2022-05-31,4,0.6983945516855123
SME-00238,2023-04-02,3,0.16834322612883892
SME-00238,2023-05-25,3,0.44004564356439957
SME-00238,2023-05-17,5,0.9580075306112465
SME-00238,2022-09-27,3,-0.12001764985582969
SME-00238,2023-01-04,3,1.0
SME-00239,2022-09-02,4,0.07907720665933737
SME-00239,2023-05-17,2,0.007411425656783044
SME-00239,2022-12-24,3,0.3658108111919604
SME-00239,2023-03-05,3,0.2777017986473059
SME-00239,2022-10-02,3,-0.11322711822312154
SME-00239,2023-04-05,4,0.2423217340376398
SME-00239,2022-10-15,2,0.13745979647543974
SME-00239,2023-03-22,3,-0.07997153004777835
SME-00239,2022-02-02,4,-0.006545036147809602
SME-00239,2022-12-14,3,0.32095532875116045
SME-00239,2022-07-11,4,0.26226840945710966
SME-00239,2022-12-24,2,0.17058330984548783
SME-00240,2022-01-12,5,0.03385167491703489
SME-00240,2023-01-13,3,0.2719748972793771
SME-00240,2022-06-21,3,0.7031203550756817
SME-00240,2022-03-10,3,0.3356812812861794
SME-00240,2022-06-01,3,0.5621005831856258
SME-00240,2023-03-27,3,0.007184921096007102
SME-00240,2023-04-27,4,0.5049068365177969
SME-00240,2023-01-26,3,-0.3632723240643038
SME-00240,2022-01-25,3,-0.019321621235284248
SME-00241,2023-06-19,3,0.04624177511731059
SME-00241,2022-12-08,4,0.0953319907570439
SME-00241,2023-05-13,3,0.440699684290266
SME-00241,2023-04-07,4,0.677645647032894
SME-00241,2022-08-14,3,0.012815010072130484
SME-00241,2023-02-24,3,0.32265066470559717
SME-00241,2023-05-02,3,0.5057656202099945
SME-00241,2022-01-26,4,0.11940598996518229
SME-00241,2022-07-13,5,-0.29175358783486366
SME-00241,2023-06-26,3,0.37337929776393136
SME-00241,2023-06-01,3,0.8330836005102398
SME-00241,2022-06-21,2,-0.07856570494176923
SME-00242,2023-03-25,4,0.6940133622575069
SME-00242,2022-01-07,3,-0.383462513245945
SME-00242,2023-02-06,4,0.4172305705639022
SME-00242,2022-01-01,4,0.14414156909462905
SME-00242,2023-01-31,3,-0.908142897622173
SME-00242,2022-08-24,3,1.0
SME-00242,2022-03-20,4,0.9238087633356049
SME-00242,2023-02-02,3,0.07591699687669903
SME-00242,2023-01-30,4,0.3770281084707784
SME-00242,2023-02-06,2,0.1959844273248697
SME-00242,2022-11-02,3,0.3777952925864705
SME-00242,2022-02-27,2,0.40588789254935503
SME-00243,2023-06-25,3,0.8911150284860709
SME-00243,2022-05-04,3,0.6391453488596727
SME-00243,2022-04-30,4,-0.3107868056852295
SME-00243,2022-01-28,5,0.4868401734405174
SME-00243,2023-03-02,4,0.6447154679208484
SME-00243,2022-09-01,2,0.8130717412111734
SME-00243,2023-02-20,3,0.34409107897148006
SME-00243,2022-10-03,4,-0.06232277539937253
SME-00243,2023-03-04,2,-0.5788046986242936
SME-00243,2023-03-01,4,0.05718610660290263
SME-00243,2022-06-04,4,0.6061719175700897
SME-00244,2023-01-14,3,0.5919753282502156
SME-00244,2022-08-09,3,-0.3895481856366037
SME-00244,2023-04-06,3,0.09875331138379975
SME-00244,2022-12-20,2,0.18600643333840833
SME-00244,2022-09-25,4,0.1244181666773024
SME-00244,2022-12-21,4,-0.5494498474089489
SME-00244,2022-02-26,2,0.371395197179573
SME-00244,2023-03-19,5,0.3360356076269723
SME-00244,2022-03-16,4,-0.006670383946788816
SME-00244,2022-12-12,4,0.8097729158792335
SME-00244,2022-05-05,3,0.0737453382717313
SME-00244,2022-08-29,5,0.6752366142358834
SME-00244,2023-01-12,3,-0.15912122353123653
SME-00244,2023-01-24,3,-0.25218163215208217
SME-00245,2022-09-16,3,-0.6076594825068922
SME-00245,2022-08-19,3,0.10717196236225604
SME-00245,2022-08-19,4,-0.04403820470429387
SME-00245,2023-01-11,2,0.24413369625157966
SME-00245,2022-06-28,4,-0.26489737597535995
SME-00245,2022-04-17,4,0.5517980824160702
SME-00245,2023-06-13,4,0.0736623662209156
SME-00245,2022-02-19,3,0.4249033370083649
SME-00245,2022-01-11,3,0.47803237382194896
SME-00245,2022-08-01,2,-0.008277026936214127
SME-00246,2022-07-02,4,0.9739681695552476
SME-00246,2022-11-16,3,0.7166718865439867
SME-00246,2022-03-09,2,0.7059459897643798
SME-00246,2022-08-13,3,1.0
SME-00246,2022-09-29,4,0.6405314083363505
SME-00247,2022-02-14,2,-0.3099985474864522
SME-00247,2022-10-02,5,0.24019808360136058
SME-00247,2023-04-09,4,0.6464947950449351
SME-00247,2022-06-29,3,0.4107517125607974
SME-00247,2022-02-16,4,-0.6537050732749197
SME-00247,2022-05-16,3,0.4182870232750836
SME-00247,2022-01-04,3,0.08773115970063255
SME-00247,2022-07-13,2,0.050688330006487925
SME-00247,2023-01-30,3,-0.4371636014052453
SME-00247,2023-06-18,3,0.26166519072466565
SME-00247,2023-03-12,3,1.0
SME-00247,2022-11-18,3,-0.20115307623251183
SME-00247,2022-12-10,3,-0.12477297985695712
SME-00247,2022-04-08,4,0.29140859155721716
SME-00247,2022-12-18,4,-0.38633939627631003
SME-00247,2023-01-02,4,0.8087187334230221
SME-00247,2022-03-21,3,0.021012215905615583
SME-00247,2022-03-19,4,0.357547861756243
SME-00247,2022-07-05,3,0.12632116811545713
SME-00247,2022-11-20,5,0.08828574635956621
SME-00248,2023-03-11,4,0.07005414745727434
SME-00248,2023-01-01,4,0.2513825591125712
SME-00248,2022-03-26,4,-0.4701666807477875
SME-00248,2023-01-10,3,-0.08688489790910087
SME-00248,2022-06-22,5,-0.6886734181157572
SME-00248,2022-02-22,4,-0.13608856959389615
SME-00248,2022-02-09,3,0.4519874469004889
SME-00248,2022-07-24,3,0.4836955654926657
SME-00248,2022-12-12,4,-0.6476479299821496
SME-00248,2022-06-04,4,-0.06592156821430972
SME-00248,2022-02-28,3,0.1291843775469309
SME-00248,2022-12-29,2,0.1249517763610038
SME-00248,2022-03-16,2,0.1593061489796133
SME-00248,2023-02-18,4,0.8595071572647526
SME-00248,2022-02-13,4,0.944220825839609
SME-00249,2023-03-16,3,0.8395414532569678
SME-00249,2022-03-14,3,-0.6848224829278562
SME-00249,2023-01-29,4,0.317706611932107
SME-00249,2023-03-29,4,0.260150537972991
SME-00249,2023-04-09,4,-0.384310591438668
SME-00249,2022-02-12,4,-0.05035856658972043
SME-00249,2023-05-29,2,0.6312588364429284
SME-00249,2022-06-11,5,0.24876266835702962
SME-00249,2023-01-24,3,0.5186108729560449
SME-00249,2022-08-14,5,-0.0013240763217950424
SME-00249,2023-02-19,1,-0.2637742142549648
SME-00249,2022-04-10,2,0.04298678397836375
SME-00249,2022-07-25,3,0.32792351132235
SME-00249,2023-03-04,4,0.9389751175125094
SME-00249,2022-07-09,2,0.0722386568553002
SME-00250,2022-12-15,3,0.42247991730972423
SME-00250,2022-01-27,3,0.22531658385526945
SME-00250,2023-04-08,3,0.25498439084656244
SME-00250,2023-02-16,5,-0.008853617876270647
SME-00250,2022-01-09,3,0.19015774103548982
SME-00250,2022-01-13,3,-0.6690498194956016
SME-00250,2022-02-22,3,0.5929915762425632
SME-00250,2022-03-24,4,0.8259040172836287
SME-00250,2023-01-21,3,-0.05295236958069238
SME-00250,2022-06-06,4,-0.10535301286259036
SME-00250,2022-07-06,3,0.49188604506252376
SME-00250,2022-04-03,2,0.32473411342716413
SME-00251,2023-05-11,3,0.2980182174572131
SME-00251,2023-01-08,4,0.26687199389703514
SME-00251,2022-04-28,4,0.6254997498754091
SME-00251,2023-06-06,3,0.7437962421776088
SME-00251,2023-05-06,2,0.1686909316442244
SME-00251,2022-09-18,3,-0.1620157072922026
SME-00251,2023-02-22,4,0.2327561153670269
SME-00251,2022-04-08,4,0.13390225829239166
SME-00251,2022-04-14,3,-0.23565644418312953
SME-00251,2022-09-27,2,0.13934277616207255
SME-00251,2023-03-17,4,0.38012153253728803
SME-00251,2022-11-27,3,0.5731226047122089
SME-00251,2022-12-21,3,0.04532916533641124
SME-00251,2023-06-28,1,-0.2275827654668761
SME-00252,2023-01-04,4,-0.12669964710056542
SME-00252,2022-06-15,2,0.08264942368795997
SME-00252,2023-03-03,4,0.8263986698859644
SME-00252,2022-07-16,5,-0.04255065372216582
SME-00252,2022-02-20,3,0.730753786578948
SME-00252,2022-02-13,5,0.48245896355220574
SME-00252,2022-09-11,3,0.4592861467807541
SME-00252,2023-06-01,3,0.39082639726890983
SME-00252,2022-07-26,3,-0.17886437966296198
SME-00253,2023-04-16,3,-0.05996002687415419
SME-00253,2022-05-11,4,0.7519405435154944
SME-00253,2023-04-11,2,-1.0
SME-00253,2022-12-22,3,0.22813785559168198
SME-00253,2022-01-18,4,-0.23209226339982764
SME-00253,2023-04-29,3,0.8041886166609267
SME-00253,2023-01-14,4,0.420230405137055
SME-00253,2023-01-10,3,0.11295302231991036
SME-00253,2023-03-18,4,0.6511258623863607
SME-00253,2023-04-27,5,-0.18303646226803683
SME-00253,2022-11-22,4,0.20592610610270662
SME-00253,2022-07-19,3,0.14648470841412947
SME-00253,2022-07-02,4,0.06854123607126766
SME-00253,2022-08-20,3,0.5120502357891878
SME-00253,2022-12-10,3,0.6393986383752519
SME-00254,2022-06-03,4,-0.05104201649385809
SME-00254,2022-04-08,3,0.3172451726017317
SME-00254,2022-07-16,3,1.0
SME-00254,2022-05-28,4,0.14031157508774872
SME-00254,2023-03-27,4,0.6789823344126882
SME-00254,2022-08-04,3,-0.3875358512340637
SME-00254,2022-04-09,4,-0.39512776699385416
SME-00254,2022-12-13,3,1.0
SME-00254,2022-07-05,3,0.3952030771711659
SME-00254,2022-06-22,3,0.30077531574085453
SME-00254,2022-12-30,3,0.49595932125027686
SME-00254,2022-08-15,4,0.48781038363641754
SME-00254,2023-03-11,4,0.26807759983525087
SME-00254,2022-10-09,4,0.8516192873775998
SME-00254,2022-04-11,3,-0.24318519065014904
SME-00255,2023-01-05,3,0.12371790306955194
SME-00255,2022-11-06,3,0.6503777131397999
SME-00255,2022-04-13,3,-0.6108007855511333
SME-00255,2022-05-10,4,0.6403647448551798
SME-00255,2022-09-30,4,-0.16013358607524425
SME-00255,2023-04-27,3,0.4387571545181753
SME-00255,2022-06-09,3,0.328694086580691
SME-00255,2023-06-12,3,-0.08149917129830253
SME-00255,2022-12-29,3,0.23969015661782458
SME-00255,2023-03-09,3,1.0
SME-00256,2023-05-30,2,-0.10450577494759178
SME-00256,2022-03-31,5,-0.13555474571168197
SME-00256,2022-09-04,4,0.5313542026574289
SME-00256,2022-09-06,3,0.36869641892872945
SME-00256,2022-10-25,4,0.3455631085169635
SME-00256,2023-01-09,3,0.42196325415282987
SME-00256,2022-01-04,4,0.3938712696835421
SME-00256,2022-07-27,4,-0.03308258904118322
SME-00256,2022-09-04,5,0.2644598360173127
SME-00256,2022-03-13,4,0.44237954497197274
SME-00257,2022-04-19,4,0.22618155997412553
SME-00257,2023-04-27,4,1.0
SME-00257,2022-11-09,4,1.0
SME-00257,2022-08-10,4,0.3152989615132792
SME-00257,2023-02-14,3,0.5695143239703814
SME-00257,2022-01-21,4,0.1801901892092807
SME-00257,2023-01-04,4,0.30044784748943576
SME-00258,2023-04-13,3,0.040934366893444096
SME-00258,2023-01-19,4,0.30230137415875225
SME-00258,2023-02-13,3,-0.06986204085594211
SME-00258,2022-08-07,4,0.903602217453753
SME-00258,2023-03-27,4,0.45757670617674007
SME-00258,2022-03-20,4,0.2550044311744781
SME-00259,2022-10-26,3,0.2977888514319079
SME-00259,2023-06-19,4,0.13547166760227142
SME-00259,2022-02-25,4,0.7644480692432951
SME-00259,2022-07-09,3,-0.1297696994106476
SME-00259,2023-05-29,3,0.46837179761071224
SME-00259,2023-02-07,3,0.37550767279948444
SME-00259,2022-11-30,5,0.6322426203486484
SME-00259,2022-08-21,2,0.15212306251727686
SME-00259,2022-10-17,3,0.7936145686424411
SME-00259,2022-06-08,4,-0.13250229298622185
SME-00259,2022-09-10,5,0.5755924009874397
SME-00259,2023-06-28,4,0.17749831119819792
SME-00259,2023-02-18,3,0.032889066122821387
SME-00260,2023-02-05,3,0.9480198069004067
SME-00260,2022-05-09,2,0.47966597637984293
SME-00260,2022-05-28,2,0.10712302564040027
SME-00260,2023-01-18,3,0.2877418675386689
SME-00260,2022-03-08,4,-0.4596581847584847
SME-00260,2022-10-12,3,-0.217416953643019
SME-00260,2022-12-30,4,0.06447791324759569
SME-00260,2022-10-19,3,0.09438286083225741
SME-00260,2023-05-12,5,0.4957633997691485
SME-00261,2023-06-05,3,0.7113720362207743
SME-00261,2022-09-09,4,0.7138612686501793
SME-00261,2022-02-13,3,0.1906918423225285
SME-00261,2022-07-05,3,-0.3109463042726545
SME-00261,2022-10-08,2,0.474578925497185
SME-00261,2023-03-20,3,0.2324319492478902
SME-00261,2022-11-15,3,0.23503809861041608
SME-00261,2022-07-22,4,0.7701968900860365
SME-00261,2022-10-18,3,-0.14687684693295566
SME-00261,2022-02-17,3,0.6071729908326764
SME-00261,2022-10-28,4,0.2327072021608659
SME-00261,2022-09-11,4,0.4188420274215125
SME-00261,2023-02-12,3,0.41582929857047346
SME-00261,2022-03-21,4,0.5805113771121666
SME-00261,2022-02-05,4,1.0
SME-00261,2022-03-20,3,0.3317494447454212
SME-00261,2022-10-23,3,0.18708028283076852
SME-00261,2023-06-07,4,0.1562540405247745
SME-00262,2022-02-23,3,0.662088417109876
SME-00262,2022-07-27,4,0.4057864193487496
SME-00262,2023-05-01,3,0.9451637723606428
SME-00262,2023-06-03,4,0.818861023783005
SME-00262,2023-06-04,3,0.8572553327716701
SME-00262,2022-09-30,4,0.10470929973547519
SME-00262,2022-06-11,3,0.7165187051119114
SME-00262,2023-06-10,3,0.23625754253127573
SME-00262,2023-03-07,3,0.3395212220288022
SME-00262,2022-03-18,4,0.3416794509528064
SME-00263,2023-06-18,3,-0.09899249311614194
SME-00263,2023-06-03,2,0.6480070116217369
SME-00263,2022-07-31,4,0.7622767240023178
SME-00263,2023-01-19,4,-0.170761286096829
SME-00263,2022-09-19,3,0.29003946547972576
SME-00263,2022-06-24,3,0.184580373710909
SME-00263,2022-03-14,3,0.21465204393221815
SME-00263,2022-02-15,3,0.6102719869236122
SME-00263,2022-03-24,3,-0.047688093148291866
SME-00264,2023-05-14,4,1.0
SME-00264,2023-06-20,4,-0.033153009706752556
SME-00264,2023-05-07,4,-0.46275898169197643
SME-00264,2022-03-29,4,-0.5214401390346739
SME-00264,2023-02-23,4,0.9213584830246728
SME-00264,2022-05-25,4,0.4118566013412787
SME-00264,2023-05-19,4,0.6323633062343688
SME-00264,2023-01-20,3,0.31074617215175837
SME-00264,2022-04-19,2,0.45248507796886983
SME-00265,2022-04-22,2,0.27224533420569225
SME-00265,2022-03-03,4,-0.14227226295344858
SME-00265,2022-09-25,4,0.329408611719757
SME-00265,2022-03-16,3,-0.2834218001515753
SME-00265,2023-03-24,3,0.5003385116099206
SME-00265,2022-08-18,3,-0.32782448847585605
SME-00265,2023-02-11,2,0.016803833875281393
SME-00265,2022-04-06,5,0.9044619162949166
SME-00265,2023-01-30,4,0.5550918619542893
SME-00265,2023-03-08,3,0.14885452692990944
SME-00265,2022-08-30,3,0.62915178221042
SME-00265,2023-06-15,3,1.0
SME-00266,2022-09-21,2,1.0
SME-00266,2023-03-31,3,-0.17595749899336605
SME-00266,2022-07-25,4,0.02650517531337987
SME-00266,2023-05-09,3,-0.23015647977348658
SME-00266,2023-01-11,4,-0.20118972292110676
SME-00266,2022-12-04,4,-0.06811910076875177
SME-00266,2023-03-08,3,0.5601123975975159
SME-00266,2022-11-05,4,0.853494386131725
SME-00266,2022-11-21,3,-0.06314977023094226
SME-00266,2023-01-24,5,0.8554464712189962
SME-00266,2022-02-10,4,0.1544916835774181
SME-00266,2023-03-16,2,0.2137149291648286
SME-00266,2022-04-02,4,-0.436512383183224
SME-00266,2022-01-30,3,0.38796184163791375
SME-00266,2022-01-14,3,0.41382590453593593
SME-00266,2023-03-12,3,1.0
SME-00266,2022-07-15,3,0.772303944449944
SME-00267,2022-11-14,3,-0.3650325145298124
SME-00267,2023-05-13,4,0.01937815643479862
SME-00267,2022-06-19,3,-0.22974167193796674
SME-00267,2022-06-05,4,0.04058569571010795
SME-00267,2023-03-03,4,0.21175381166293644
SME-00267,2023-03-30,4,-0.21731215933334308
SME-00267,2022-05-07,3,-0.20264328852740215
SME-00267,2022-06-20,5,-0.3773896980914125
SME-00267,2022-02-18,3,0.6255753430379792
SME-00267,2022-03-08,5,-0.2475201282521154
SME-00267,2023-05-30,3,0.17252739523785138
SME-00267,2022-07-18,3,0.0539027812109788
SME-00267,2022-06-29,4,0.6514147794441809
SME-00268,2022-03-05,2,-0.11206864482311413
SME-00268,2023-06-28,3,0.17132685283493423
SME-00268,2022-05-14,4,0.3511706404667604
SME-00268,2022-11-10,3,0.25726029897428504
SME-00268,2022-04-20,4,-0.018021068335756008
SME-00268,2023-06-18,3,-0.39249600600645734
SME-00268,2023-06-11,5,-0.013391143401046135
SME-00268,2023-02-27,4,0.8442339841050275
SME-00268,2022-03-24,3,0.33188942007890576
SME-00268,2022-02-12,4,-0.03630468399820197
SME-00269,2022-04-27,4,0.261698890253999
SME-00269,2022-04-11,3,0.6607454125969119
SME-00269,2023-05-18,3,0.6624402803764313
SME-00269,2023-04-12,2,0.8001137219849441
SME-00269,2022-04-24,4,-0.21117966874815136
SME-00269,2022-03-27,4,0.27524045299699174
SME-00269,2022-02-28,3,0.3636822136961226
SME-00269,2022-03-24,4,0.09961062154710201
SME-00269,2023-06-29,3,0.5713352904467154
SME-00269,2022-08-04,3,-0.08300665873177815
SME-00269,2022-10-03,3,-0.453411254491279
SME-00270,2022-09-09,3,0.15946304969341915
SME-00270,2022-01-02,2,0.19301787036942836
SME-00270,2023-05-25,4,0.8665452323489846
SME-00270,2022-09-07,5,0.34978955551856156
SME-00270,2023-05-09,4,0.5380273918086216
SME-00270,2022-07-18,4,0.10838088044149474
SME-00270,2022-05-04,5,0.5968469027103076
SME-00270,2023-01-02,3,-0.0013545656521545824
SME-00271,2022-01-15,2,0.5243203515089289
SME-00271,2022-12-24,3,0.3561851692462926
SME-00271,2022-12-11,3,0.7093951532537602
SME-00271,2022-08-09,3,-0.012049393864506486
SME-00271,2022-08-26,4,0.024532560356880895
SME-00271,2023-01-11,2,1.0
SME-00271,2022-01-26,4,0.8100885375334901
SME-00271,2023-02-28,4,-0.8463790722129085
SME-00271,2022-04-11,2,0.46598541930696835
SME-00271,2022-10-16,3,0.09763437343650663
SME-00271,2023-05-22,4,-0.3688967732296951
SME-00271,2022-06-15,3,0.9000250691049438
SME-00271,2023-04-07,3,0.7842318258321025
SME-00271,2022-01-10,3,0.40677278695020236
SME-00271,2022-05-30,2,0.07126495230833074
SME-00272,2022-09-02,3,0.3446385749749268
SME-00272,2022-04-15,4,0.2916322304260593
SME-00272,2022-10-12,4,-0.08642792572670399
SME-00272,2022-10-05,3,0.3976827859714927
SME-00272,2022-04-24,3,0.5728059745188866
SME-00272,2022-11-28,4,0.33031018609124396
SME-00272,2023-01-01,3,0.4327474614006369
SME-00272,2022-01-08,3,-0.33783216991600346
SME-00272,2022-07-19,3,0.26155510819471084
SME-00272,2022-12-11,4,-0.2043048520722776
SME-00272,2022-03-26,3,0.21923808850888415
SME-00272,2022-02-01,3,0.7779483085616312
SME-00272,2022-08-30,2,1.0
SME-00272,2022-10-13,4,0.3001446030496402
SME-00272,2023-02-17,3,0.004470026041564545
SME-00272,2022-02-05,4,0.9499848930830541
SME-00272,2022-06-08,3,0.034964318303775554
SME-00272,2023-01-15,3,0.49067015119550117
SME-00272,2022-11-13,3,0.0069400370158105296
SME-00272,2023-04-22,4,0.2939537927167247
SME-00272,2022-10-20,3,0.07148743809823024
SME-00273,2023-03-03,5,0.15967060587526935
SME-00273,2022-10-19,4,0.48270828032375723
SME-00273,2022-10-07,3,0.3184410696677069
SME-00273,2023-01-25,4,0.9918616329444705
SME-00273,2022-12-18,4,-0.6360063863691543
SME-00273,2022-07-29,4,0.375822305430707
SME-00273,2022-06-25,3,0.5211735547862678
SME-00273,2022-08-24,4,-0.054274674718105154
SME-00273,2023-05-24,4,0.5154076391746694
SME-00273,2022-08-04,3,0.5287871043828615
SME-00273,2023-06-02,5,-0.361731463868945
SME-00273,2022-03-13,3,-0.1600580239344379
SME-00273,2023-01-22,4,-0.1296821906349242
SME-00273,2022-07-07,4,0.8911468284508399
SME-00273,2022-09-13,3,1.0
SME-00273,2022-09-17,3,0.45840226568216763
SME-00274,2022-09-18,1,-0.38773646591173944
SME-00274,2022-06-05,4,0.28050858241564863
SME-00274,2022-12-10,4,0.06405735157466041
SME-00274,2022-10-03,5,0.10210989594861036
SME-00274,2023-02-18,3,0.3404755340727538
SME-00274,2023-05-30,4,-0.04811028536671541
SME-00274,2022-07-17,2,0.2046148726751436
SME-00274,2023-04-17,2,0.8961209055075965
SME-00275,2023-01-20,4,0.29856310368752703
SME-00275,2022-11-19,2,0.14084598627304387
SME-00275,2023-01-26,3,0.7119419464079209
SME-00275,2022-10-09,4,-0.05221193975257127
SME-00275,2022-12-30,3,1.0
SME-00275,2023-03-18,5,-0.19736669990385686
SME-00275,2023-02-12,4,-0.011606107087618445
SME-00275,2022-08-18,3,0.6602571905083379
SME-00275,2023-02-14,3,0.5529998685936701
SME-00275,2022-05-28,3,0.9259467323724584
SME-00275,2022-06-14,5,-0.03186869579267432
SME-00275,2022-04-17,5,-0.11337702723956239
SME-00275,2023-05-14,3,-0.062042547914114954
SME-00275,2023-06-15,3,0.44149653699220026
SME-00275,2023-03-11,2,0.1495372666160622
SME-00276,2022-09-01,3,0.20503442567864522
SME-00276,2023-05-17,3,0.7640753752526699
SME-00276,2022-11-17,2,1.0
SME-00276,2023-04-25,3,0.055734358399160994
SME-00276,2023-06-04,3,-0.10051511314418199
SME-00276,2022-12-07,3,0.3433796910213403
SME-00276,2022-05-01,3,0.6345595247577985
SME-00276,2022-03-14,2,0.202542118383071
SME-00276,2023-05-25,4,-0.07932755073646885
SME-00276,2023-05-20,3,0.05312212474237679
SME-00276,2022-03-05,3,-0.3844803195595368
SME-00276,2022-07-01,3,0.4688351120194741
SME-00276,2022-12-24,3,0.4578640612727087
SME-00276,2022-07-21,3,0.5527844691028571
SME-00276,2023-06-05,5,0.3802209052354004
SME-00276,2023-03-11,4,0.018781842822104378
SME-00276,2022-10-04,3,-0.06023516962177011
SME-00276,2022-02-18,4,0.5905230461911587
SME-00277,2022-09-18,3,0.19950024452296336
SME-00277,2023-04-24,4,-0.7246292928273972
SME-00277,2022-12-01,2,0.14484997425178261
SME-00277,2023-06-01,4,-0.3249415887926746
SME-00277,2022-01-07,4,-0.24733518000089244
SME-00277,2022-09-29,3,0.7591387584121945
SME-00277,2023-02-25,4,0.34290365217374263
SME-00277,2023-02-08,3,0.6082041684218045
SME-00278,2022-08-19,2,0.8956462006782657
SME-00278,2023-03-03,3,-0.9661231511138151
SME-00278,2022-06-27,4,0.43974979440380835
SME-00278,2022-12-11,3,0.16888629814995515
SME-00278,2022-08-15,3,0.45901915375796193
SME-00278,2023-05-03,4,0.4065487249459317
SME-00278,2022-08-07,4,0.025677391472070765
SME-00278,2023-01-11,5,0.8102703533871083
SME-00278,2022-05-01,4,0.532950261554199
SME-00278,2023-03-23,3,-0.16039348082639393
SME-00279,2022-04-17,3,0.7449552084501136
SME-00279,2022-06-04,5,0.42199390849563806
SME-00279,2023-05-30,4,0.8445738532706364
SME-00279,2022-12-06,5,0.432987882194882
SME-00279,2022-02-21,4,0.17150059502356793
SME-00279,2022-07-25,2,0.8636788710358465
SME-00279,2023-03-11,4,-0.33337559530292077
SME-00279,2022-12-28,2,0.4267585667815217
SME-00279,2022-03-11,3,0.06440655025163278
SME-00279,2022-10-20,4,0.0805972202305042
SME-00279,2023-02-22,2,1.0
SME-00279,2022-08-10,4,-0.44570836694698374
SME-00279,2022-08-17,4,0.3804270599662541
SME-00279,2023-02-06,4,0.43655757539208645
SME-00279,2022-11-01,3,0.1532795778202318
SME-00279,2023-01-28,4,0.3912737465141071
SME-00280,2023-04-05,4,0.28181620783566397
SME-00280,2022-06-26,4,0.1671345493635593
SME-00280,2022-09-27,4,-0.04551402784939512
SME-00280,2022-08-09,4,0.17389111001644114
SME-00280,2022-02-23,2,0.23394108862488927
SME-00280,2022-09-09,2,-0.34060555095900263
SME-00280,2022-11-22,4,-0.19514589278801914
SME-00280,2023-02-13,4,0.65775095527115
SME-00280,2022-10-09,4,0.22324520491335978
SME-00280,2023-04-21,2,-0.40393981286524966
SME-00280,2022-04-29,3,0.3724453258237551
SME-00281,2023-02-02,5,-0.033814641797664635
SME-00281,2022-01-11,4,0.8922568813067031
SME-00281,2023-03-28,4,0.23766671207667409
SME-00281,2023-03-31,3,0.4523858412353449
SME-00281,2022-09-11,4,-0.4436354006542729
SME-00281,2022-10-26,3,-0.2851540531826329
SME-00281,2022-06-30,3,0.22683421141250854
SME-00281,2022-03-07,4,0.7757080553366582
SME-00281,2023-05-29,3,-0.28265605527238985
SME-00281,2023-02-07,3,0.2738637763445782
SME-00282,2023-02-21,4,0.6926823365079224
SME-00282,2022-12-01,3,0.48716225053223294
SME-00282,2022-04-20,4,0.4236429569211744
SME-00282,2022-10-24,3,-0.023114233215078106
SME-00282,2022-08-24,3,0.18589834719273446
SME-00282,2022-09-08,3,0.755175599477647
SME-00282,2022-01-27,5,1.0
SME-00282,2022-04-02,3,0.348931511836395
SME-00282,2022-08-20,4,0.774274610485622
SME-00282,2022-08-28,3,0.17432223320814624
SME-00283,2023-01-10,4,0.6739837417983581
SME-00283,2023-05-16,3,0.40134675844527695
SME-00283,2022-08-17,3,0.26288024633890583
SME-00283,2022-11-06,4,0.610901538420622
SME-00283,2022-09-18,3,-0.08543008639567246
SME-00283,2022-07-28,3,0.1329190800295304
SME-00283,2022-07-16,4,1.0
SME-00283,2022-04-12,4,0.5628450525055138
SME-00284,2022-03-22,3,0.22291838904348438
SME-00284,2022-12-25,5,0.463518005669277
SME-00284,2022-09-14,4,0.25386811717177504
SME-00284,2022-12-24,3,0.5929886135002468
SME-00284,2023-06-24,3,0.03937696991578099
SME-00284,2022-03-21,4,0.17145487942422397
SME-00284,2023-02-14,3,-0.4950491602690576
SME-00284,2022-12-01,4,-0.19761631975300864
SME-00284,2022-06-03,2,0.42176220908509704
SME-00284,2023-03-18,2,0.201198610569294
SME-00284,2022-03-12,3,0.5671826931044806
SME-00284,2023-05-31,2,0.24234928115844484
SME-00284,2023-03-27,3,0.037941887157264764
SME-00285,2022-11-30,4,0.6716407231543002
SME-00285,2023-04-11,3,0.5745168909037995
SME-00285,2023-02-28,1,0.32816289021460127
SME-00285,2022-09-16,2,0.6145010432246885
SME-00285,2022-01-28,4,0.598945363588915
SME-00285,2022-02-01,3,0.10742198518737384
SME-00285,2023-04-07,4,0.8689595583677006
SME-00285,2023-02-04,3,0.03297886040577469
SME-00285,2022-10-06,3,0.5699495703296172
SME-00285,2022-11-09,4,0.5285497643703851
SME-00285,2023-02-20,3,0.5101810307985521
SME-00286,2023-02-27,3,-0.6147597805002945
SME-00286,2022-11-09,3,0.4771277468900113
SME-00286,2022-03-18,3,-0.04251600883482132
SME-00286,2023-01-24,3,0.5562013940605776
SME-00286,2022-03-16,4,0.1427501484940966
SME-00286,2022-05-20,2,0.5724630013561519
SME-00286,2022-03-10,2,0.7928094148671067
SME-00286,2023-01-15,3,0.2515563711713624
SME-00286,2023-06-15,3,-0.3203632998518036
SME-00286,2023-01-06,2,0.7436135286014294
SME-00286,2022-04-02,3,0.16387446820102824
SME-00286,2023-06-27,3,1.0
SME-00287,2022-06-27,3,-0.20617760739805507
SME-00287,2022-06-18,4,0.5192008386660012
SME-00287,2022-04-08,5,0.102964616450027
SME-00287,2022-12-06,3,0.2726044197332647
SME-00287,2022-11-21,5,0.05324347566476548
SME-00287,2023-02-18,2,0.3676427433261962
SME-00287,2022-06-02,4,0.2633211813296268
SME-00287,2022-06-25,1,-0.40034762226312487
SME-00287,2022-08-17,2,0.33006237946346645
SME-00287,2022-08-29,3,-0.31561874960107855
SME-00287,2022-05-30,3,0.29279835048688096
SME-00287,2022-06-05,4,1.0
SME-00287,2022-09-01,2,0.5847226761590372
SME-00287,2022-05-03,4,1.0
SME-00287,2023-04-09,2,0.5219899349905713
SME-00287,2022-04-26,3,0.35628169400370324
SME-00287,2022-03-30,3,1.0
SME-00287,2023-06-15,3,0.5247253874399858
SME-00288,2022-04-07,3,0.47921281129687643
SME-00288,2023-06-12,4,0.39920885823375973
SME-00288,2022-02-22,4,0.1804351572299091
SME-00288,2023-03-31,4,0.3271231800662445
SME-00288,2022-01-31,3,1.0
SME-00288,2022-05-23,3,0.16019671634347604
SME-00288,2022-10-03,3,0.2727967570916799
SME-00288,2022-10-21,3,0.4379007504535387
SME-00288,2023-05-08,3,0.3730132388220611
SME-00288,2023-06-17,3,0.6263802207769102
SME-00288,2022-12-22,4,0.8122791492495989
SME-00288,2023-01-29,3,0.2693940972191587
SME-00288,2022-09-14,5,0.6115218857958966
SME-00288,2022-02-10,3,0.8753969122537493
SME-00288,2022-11-20,3,0.059199975030402696
SME-00288,2022-05-09,3,0.1980604876967182
SME-00288,2023-05-07,5,0.21644954409281048
SME-00289,2022-09-09,3,0.002149624071154377
SME-00289,2022-11-01,2,0.9417742500824369
SME-00289,2022-09-12,4,0.34380593183813524
SME-00289,2023-06-05,4,0.42025647836282976
SME-00289,2023-01-20,3,0.5288896900053882
SME-00289,2023-03-11,3,-0.039476150570901425
SME-00289,2022-11-27,3,0.4311828418130611
SME-00289,2023-04-10,3,0.7928391745449447
SME-00289,2022-11-19,2,-0.07016538235431452
SME-00289,2023-03-15,2,0.31283003463737247
SME-00289,2022-01-15,2,-0.20105067621075984
SME-00289,2023-05-04,3,0.9444311990376644
SME-00289,2022-12-15,4,0.24210028653740942
SME-00289,2023-02-16,5,0.4793409953807834
SME-00290,2022-05-01,4,0.060128841820706186
SME-00290,2022-09-26,4,0.09315789235278762
SME-00290,2023-01-18,3,1.0
SME-00290,2022-07-03,4,-0.07915338115165849
SME-00290,2023-06-06,4,0.6632370159881767
SME-00290,2022-02-02,4,1.0
SME-00290,2022-10-22,4,1.0
SME-00290,2023-03-28,4,-0.4156549013861724
SME-00290,2023-01-23,4,0.4406627071988526
SME-00290,2022-10-02,2,-0.09348184858013614
SME-00290,2022-02-20,3,0.9452227690392425
SME-00290,2022-02-08,4,0.4389815819360755
SME-00291,2022-05-19,2,0.5833762538643725
SME-00291,2022-05-06,4,-0.4324845652966867
SME-00291,2023-04-07,3,1.0
SME-00291,2022-10-03,3,0.6651965464206914
SME-00291,2023-04-11,3,0.4649117655458383
SME-00291,2022-09-15,3,0.3178594073348919
SME-00291,2023-04-12,3,0.39457830212063366
SME-00291,2022-01-05,3,0.25140942316745485
SME-00291,2022-08-22,3,-0.0902402226175188
SME-00291,2022-11-06,3,-0.35114682629488864
SME-00291,2023-04-16,5,-0.03500285824535593
SME-00291,2022-12-05,5,0.6810487675864385
SME-00292,2023-01-05,3,0.10041182016961345
SME-00292,2022-10-07,3,0.31433362006587395
SME-00292,2022-11-01,4,0.12218492003513354
SME-00292,2022-01-19,4,0.24528235860945838
SME-00292,2022-12-16,3,0.7096176569922481
SME-00292,2022-10-02,3,-0.10040292725541655
SME-00292,2023-06-18,4,0.7086739481046627
SME-00292,2023-03-18,3,0.5018490269685885
SME-00293,2022-09-11,2,1.0
SME-00293,2022-08-26,4,-0.12099602322032715
SME-00293,2022-02-28,3,0.38220256933558105
SME-00293,2022-02-04,2,0.6529007708760002
SME-00293,2023-06-25,4,1.0
SME-00293,2023-06-19,3,0.5107434912759816
SME-00293,2022-06-14,2,0.6597854406786368
SME-00293,2022-01-14,4,0.22633379220532399
SME-00293,2022-01-19,4,0.3380404036745186
SME-00293,2022-05-07,4,0.4701477810214401
SME-00293,2022-10-03,3,0.1498208199630123
SME-00293,2023-02-19,4,-0.21114286019729817
SME-00293,2022-01-26,3,-0.12345697178373755
SME-00293,2022-05-31,3,0.35092309330929805
SME-00293,2023-04-05,3,-0.200904587888946
SME-00294,2022-02-06,2,0.19955510922343092
SME-00294,2023-06-04,3,0.1851135823896246
SME-00294,2022-05-16,2,0.5781492605888647
SME-00294,2022-06-18,3,-0.49967655909928116
SME-00294,2022-01-26,3,0.0832906646297546
SME-00294,2022-12-25,4,0.29721959701737244
SME-00294,2022-10-07,3,0.11740423893859925
SME-00294,2022-05-04,4,-0.28516062174990847
SME-00294,2022-08-05,3,0.7520730322807864
SME-00295,2022-02-13,3,-0.28838433646717737
SME-00295,2022-08-10,3,0.6598952289198545
SME-00295,2023-01-20,4,0.21416987448615132
SME-00295,2022-01-01,4,0.02435362063132379
SME-00295,2022-11-29,3,-0.04582891006003004
SME-00295,2022-11-02,5,0.3366928157037284
SME-00295,2022-12-12,2,0.29867078306946254
SME-00295,2023-01-01,4,0.5056823992722064
SME-00295,2022-09-15,3,0.3121404153112637
SME-00295,2022-03-22,4,0.7890473703720831
SME-00296,2023-06-29,4,0.11357983286226092
SME-00296,2023-01-12,3,1.0
SME-00296,2023-02-17,3,0.2552824824647356
SME-00296,2022-10-30,3,0.612219755534271
SME-00296,2023-05-24,3,-0.8169376254036962
SME-00296,2022-09-01,5,0.34307367325786203
SME-00296,2022-12-14,4,-0.5576758172018437
SME-00297,2022-09-09,3,0.3857066829487977
SME-00297,2022-02-13,4,-0.13083394266977683
SME-00297,2022-08-15,3,0.3541249076467274
SME-00297,2023-04-27,3,-0.013754145367602943
SME-00297,2022-01-11,4,0.16556632222050324
SME-00297,2022-01-31,4,0.46408301032524546
SME-00297,2022-05-25,4,0.30539741065433096
SME-00297,2023-05-11,3,0.47979686744197014
SME-00297,2023-05-26,4,0.8436921767026595
SME-00297,2023-06-08,3,0.6848930240707414
SME-00298,2022-08-29,3,0.5552313221758716
SME-00298,2022-09-04,3,0.3046248623941301
SME-00298,2023-01-14,3,0.6593946954239072
SME-00298,2022-01-20,3,0.42986348420560994
SME-00298,2023-04-25,5,0.5442351554964417
SME-00298,2022-05-16,3,-0.03598059085500155
SME-00298,2023-02-06,4,0.2590335860579118
SME-00298,2022-05-17,2,0.37861964051068064
SME-00298,2022-10-23,3,1.0
SME-00298,2022-08-07,4,0.17388344569293807
SME-00299,2023-05-30,4,0.21270271566763468
SME-00299,2022-01-06,3,-0.12145634726544474
SME-00299,2023-06-29,4,0.6129250973875728
SME-00299,2022-02-23,1,0.18847376288693068
SME-00299,2023-01-12,4,1.0
SME-00299,2022-09-16,3,0.36186329308296583
SME-00299,2022-03-31,3,0.31191299908909875
SME-00299,2023-01-12,4,-0.01467842031894906
SME-00299,2022-12-23,4,0.2504530963976671
SME-00299,2023-03-15,4,-0.26584484806209324
SME-00299,2023-03-19,2,0.15290467761561086
SME-00299,2022-02-18,4,0.8263561185172115
SME-00299,2022-01-29,3,0.289351750628944
SME-00299,2022-01-06,4,-0.4855139422292141
SME-00299,2023-02-21,4,0.17530173178238534
SME-00299,2022-10-23,4,-0.13166808249337808
SME-00300,2022-03-03,5,0.250484021745383
SME-00300,2023-06-17,3,0.7614622019970392
SME-00300,2023-01-01,3,0.5919913982102141
SME-00300,2023-03-07,3,0.3000321623092732
SME-00300,2022-07-08,4,0.957794956954019
SME-00300,2022-10-08,3,1.0
SME-00300,2022-11-29,4,0.6760839033056583
SME-00300,2022-04-04,3,-0.21687740421242135
SME-00300,2023-03-15,4,0.31352249890640704
SME-00300,2022-02-24,4,0.3679729500070845
SME-00300,2023-05-28,2,0.3861932149998054
SME-00300,2022-07-27,3,0.44420104979522734
SME-00300,2022-06-05,3,0.14538281136584832
