cv_monthly_net,net_operating_ratio,txn_frequency_trend,max_zero_day_streak_90d,recurring_revenue_ratio,months_runway,supplier_hhi,velocity_90_180,txn_count_90d,txn_count_180d,mean_txn_amount,median_txn_amount,std_txn_amount,total_inflow,total_outflow,active_days_ratio,google_sentiment_mean,google_sentiment_trend,google_review_velocity,trustpilot_90d_count,trustpilot_rating_mean,headcount_growth_rate,headcount_latest,local_vacancy_rate,local_vacancy_trend,num_officers,num_shareholders,share_capital,mortgages_count,charges_count,company_id,feature_date
0.2597829178323576,0.8280701918161814,0.0002115133782211919,1,0.16314953963915207,-2.0979827216798332,0.032076256690243936,1.5656766799764144,308,476,1350.9695847287342,1005.97,1111.9766869037867,913649.59,1103348.0,0.9339449541284404,-0.08394850242315216,0.03785840007427904,0.6666666666666666,1.0,3.142857142857143,0.0017887856897145094,6,,,3,3,2655.19,0,2,SME-00001,2023-06-30
0.29803166395187025,0.7240789805716759,0.015368165714468092,1,0.16322238963066346,-4.292563262174187,0.031021647643585625,0.7405978432327326,341,537,1350.643395618557,1066.35,1083.8239207647134,880361.82,1215836.73,0.9376146788990826,0.6340080376847194,0.01854181924519733,1.3333333333333333,,,0.005999653866123124,18,,,1,2,3634.38,0,1,SME-00002,2023-06-30
0.18067045452220673,0.6830857386513198,0.004905929983329383,2,0.1986269530110222,-4.991408932762212,0.03131001560306568,0.23543914424609683,121,278,1886.466,1445.48,1552.2091258327632,597190.05,874253.4299999999,0.7688073394495413,0.1673729439151855,0.058889596865253295,0.6666666666666666,2.0,3.1818181818181817,-0.004458204334365306,5,,,1,6,413.03,0,1,SME-00003,2023-06-30
0.14489022853360098,0.6887411044932501,-0.005698389195495082,3,0.1792361282500268,-4.720515503726334,0.0352090700294174,0.939741249893156,130,269,1808.9102898550725,1414.67,1430.8778932399061,610858.04,886919.6799999999,0.7867647058823529,0.39771888894288077,-0.004596723253327474,1.6666666666666667,0.0,2.5,-0.0019553527782303843,7,,,2,2,8468.98,0,1,SME-00004,2023-06-30
0.1613393731548722,0.7089725317627799,0.0009710390748645878,1,0.27248673107296356,-5.080373642198687,0.04579368813941931,0.16768915890379568,237,484,679.4841140529531,506.18,657.0679540169119,415218.2,585661.9,0.9412844036697248,0.4251113887948962,-0.03292913447022436,0.0,0.0,3.5,0.009425185682258384,13,,,1,4,1005.91,0,0,SME-00005,2023-06-30
0.4649116690620874,0.654984449758511,0.004461682707690667,0,0.19783566338384234,-5.22936353025202,0.02978978097577009,1.1824905915874406,488,879,559.6602628736047,355.62,675.1577969352282,615088.24,939088.31,0.9926605504587156,-0.09160846339830926,-0.00331954046241296,0.0,,,0.0005866058334691441,11,,,1,1,121.9,0,0,SME-00006,2023-06-30
0.38624726217064537,0.7198053436625725,-0.00014072614691805496,2,0.20226357137627732,-3.4844416562228915,0.029820656384204048,2.7453052290929008,361,521,1351.3419128787878,1039.455,1190.5434853938923,895893.11,1244632.48,0.9027522935779817,-0.38711869789394837,0.07857970557101636,0.3333333333333333,,,0.002885569148456533,12,,,1,2,20.51,0,1,SME-00007,2023-06-30
0.16302126214488105,0.7068088200789491,-0.007687006194110908,1,0.3108888391502603,-4.292575182756694,0.0506887062707716,1.3195366958745134,222,455,664.8001535240753,503.92,609.2791523551984,394506.69999999995,558151.9199999999,0.9394495412844037,0.31572605440287416,-0.02788059415624941,0.3333333333333333,,,-0.009868421052631585,3,,,2,4,6938.71,0,0,SME-00008,2023-06-30
0.13721052640633674,0.7892694023329937,-0.0034001558404759915,3,0.25408626640234344,-3.0242071562066286,0.0490848534594568,0.3602640724384592,240,482,694.762207267833,528.5799999999999,625.6783685062745,455412.06,577004.5800000001,0.9376146788990826,0.06459635447142303,0.007617768362788927,1.0,,,0.005559196402341205,8,,,1,5,377.77,0,2,SME-00009,2023-06-30
0.38786997635344894,0.6421060152468812,0.001979721162660454,0,0.17035127969659147,-5.552234886648184,0.030989939125275326,1.2123679362673445,794,1342,270.72041684572406,206.67000000000002,226.80655165849691,492666.39,767266.4299999999,1.0,0.21240723758766172,-0.009666435746853495,1.3333333333333333,2.0,3.125,-0.0001803480717785076,6,,,1,2,1979.81,0,1,SME-00010,2023-06-30
0.1969391702844681,0.7263809469017302,0.006530462562677655,1,0.1725040518688954,-4.036439642919685,0.026163538630866737,1.2317353580120616,216,433,580.553257403189,447.59,460.5328043937152,321703.4,442885.24,0.9356617647058824,-0.3888723047443328,0.09890934943281023,0.6666666666666666,2.0,3.0,0.005147525084859598,5,,,2,6,5200.61,0,0,SME-00011,2023-06-30
0.335216121690391,0.735010608903894,0.0004953560371517149,1,0.23420633858036038,-4.1498328260168,0.02932633244606763,0.7354456995658154,315,482,1354.7400866666667,1036.2649999999999,1214.5246174584527,860872.26,1171237.8699999999,0.8988970588235294,0.6824794402786116,-0.03372628955392027,1.3333333333333333,1.0,3.0,0.0066342326404246,4,,,1,2,1313.39,2,0,SME-00012,2023-06-30
0.3178385870640808,0.676289229508991,0.001818365491463765,1,0.17158374217766778,-4.717568002810832,0.030592779469035002,1.588670301246475,322,504,1322.554472168906,1033.99,1158.5600403954807,833980.82,1233171.8199999998,0.9412844036697248,0.04472475755185309,0.028268044689040577,0.6666666666666666,1.0,3.75,-0.0016231326460067743,12,,,1,5,3064.19,0,1,SME-00013,2023-06-30
0.1922050834358034,0.8031184808147354,-0.00485157530504461,2,0.1876708573472109,-2.3457181472978617,0.03302719875261269,2.833334703600858,143,289,1806.302894117647,1418.08,1399.473985051912,683856.31,851501.1499999999,0.7779816513761468,-0.11715430863182416,0.035997235407072906,0.3333333333333333,,,0.0012383900928792705,2,,,3,4,626.76,0,0,SME-00014,2023-06-30
0.13684407117104624,0.6673062003615331,0.0037616462164471753,2,0.14551633513784687,-5.119667646961671,0.031851152767479365,1.1696080197562246,204,440,596.7101954652072,437.83,652.6267027062048,305452.58,457739.76,0.8917431192660551,0.13645581618363206,-0.050519720954665386,1.3333333333333333,0.0,4.166666666666667,-0.007599211933577247,2,,,3,2,4270.18,0,0,SME-00015,2023-06-30
0.41842238304677154,0.7382645210505568,0.012570346346896428,0,0.23186263485961567,-3.8491133563842146,0.031790530593261104,-15.83003648858447,468,902,423.70561331220284,334.51,379.2820908564179,567753.36,769037.85,1.0,0.4641601512605441,-0.03761438071445866,1.0,0.0,3.142857142857143,-0.009006473402758185,7,,,1,1,27832.3,0,0,SME-00016,2023-06-30
0.42987573127056133,0.7557906616298369,0.007473318105486006,1,0.20468318841167676,-3.4490431269185544,0.02991093221534369,1.611396491215991,441,894,426.1540392030848,335.59000000000003,342.8604842040696,570867.06,755324.3099999999,0.9963302752293578,0.566631520069283,0.010649157396347168,0.6666666666666666,0.0,3.125,-0.007984005242428883,22,,,1,2,932.63,0,0,SME-00017,2023-06-30
0.36125497936496004,0.7196212146097286,0.007481059605448084,0,0.1739462817623493,-4.004380069380953,0.02709308107531397,1.8557034529238803,824,1410,270.4611369453925,209.33499999999998,226.06968387155814,530595.5900000001,737326.22,1.0,0.3553829286406208,-0.05769054614229028,1.0,0.0,3.375,-0.010346043813927955,8,,,1,4,24356.27,2,0,SME-00018,2023-06-30
0.11817815732456947,0.7617801259798562,0.004033830220849062,1,0.30441899134773587,-3.2302157430783547,0.04805302954257921,1.176409757147205,243,492,695.2877739959156,548.03,576.9740770783816,441635.85000000003,579741.89,0.926605504587156,0.21482277293826701,0.04709512454553258,0.3333333333333333,,,0.0016390457111637403,13,,,1,2,7778.35,0,1,SME-00019,2023-06-30
0.16724433564399588,0.6675624343525622,0.0036584894560788258,2,0.2708989450246199,-4.656708730094724,0.045508920567453495,2.0011734735942683,224,483,710.1755686546463,551.99,611.9323382017948,409959.33,614113.8400000001,0.9247706422018349,0.5575479159812485,0.044077012935023835,0.3333333333333333,4.0,2.8333333333333335,-0.00650971918324358,74,,,1,1,921.39,0,0,SME-00020,2023-06-30
0.145812610727693,0.7121906684104353,-0.006499317100739379,3,0.1556521283924285,-4.369491558903179,0.027660910843973686,1.8801714750874818,193,394,530.2158526821457,414.56,418.1951540519444,275460.48,386779.12,0.908256880733945,0.4867524998667377,0.01647625787362831,1.6666666666666667,0.0,2.9,-0.0032434026242075613,3,,,1,1,202.35,0,0,SME-00021,2023-06-30
0.15480428141612992,0.7832051464644105,0.0033360712706135406,1,0.2927889366402024,-2.9530388673904358,0.05439662536916831,0.7909113159416901,251,500,693.3993333333334,532.59,598.4316906008709,447687.51,571609.51,0.9284403669724771,0.333194867986156,-0.07472618127606269,1.0,,,0.008943928448572443,3,,,2,4,1807.4,0,0,SME-00022,2023-06-30
0.4290331542753026,0.7173627643415561,0.02069453286708496,1,0.18856331995918524,-4.521956561482249,0.03239628260966713,0.9403059946967771,435,877,516.7389701442469,345.39,582.6450225056852,643442.85,896956.02,0.9908256880733946,0.7070360288869403,-0.009623972261991739,0.6666666666666666,,,-0.008327105796946704,1,,,2,1,11622.47,0,0,SME-00023,2023-06-30
0.2189172851953341,0.719002972979686,-0.00425951757221104,1,0.2786021757520647,-4.2344537868463155,0.04784053330301418,2.8593251970234475,213,432,686.5053846153846,530.72,628.555074547012,391949.99,545129.8600000001,0.9247706422018349,0.22682919336699706,0.004249504465788736,0.6666666666666666,0.0,2.5,-0.005183958528331754,11,,,1,1,35448.72,0,0,SME-00024,2023-06-30
0.39888195823209466,0.693243051898507,0.011039330138294598,0,0.19933148867885683,-4.448740583774523,0.030024147865180994,1.7568961517021011,466,933,418.0033954644299,332.57,325.5434781454186,550892.69,794660.24,0.998165137614679,0.26231748856514153,-0.018704222007221705,0.6666666666666666,1.0,2.8181818181818183,-0.017146939747558935,2,,,1,4,5810.42,0,0,SME-00025,2023-06-30
0.3108896817961223,0.7812441406989431,0.0042943287986025825,2,0.15095536677197574,-3.289329895948006,0.03147067023974516,-4.671548169082003,194,384,737.6242426926484,473.15,886.9151562198194,365251.87,467525.89999999997,0.8587155963302753,0.3880064683091598,0.011841386482162743,1.0,0.0,2.8,0.0004966805185344898,22,,,2,1,771.37,0,3,SME-00026,2023-06-30
0.48019233616380513,0.7363750356837364,0.004596918362135034,0,0.20213759602183093,-3.9976028866997897,0.03811230559239148,4.644708967561711,338,477,1651.5217800289436,1101.5300000000002,2083.2981477510707,967938.74,1314464.36,0.9045871559633027,0.4878773510120018,0.04355718575391122,0.0,1.0,3.25,-0.024981317390840148,1,,,1,1,17985.93,0,1,SME-00027,2023-06-30
0.46049925691562615,0.736664630637239,0.009029680399181918,1,0.19165544903673812,-3.9844516721839756,0.030410924048027612,1.5584854548483134,459,859,428.1006136145733,324.49,375.1992875849139,568205.29,771321.53,0.9944954128440368,0.19213655488469492,0.021833920458626,0.6666666666666666,1.0,3.066666666666667,-0.006444683136412432,3,,,1,4,14296.09,0,0,SME-00028,2023-06-30
0.4217389235846045,0.677757725969053,0.008837055517148112,0,0.17779583827638537,-4.8457287428102935,0.029045896013968675,1.041863204029194,459,900,414.72783275916066,319.96,348.554522093647,534942.78,789283.19,1.0,-0.06681546477207856,-0.10745106420436995,1.0,2.0,3.4,-0.0020639834881320596,19,,,2,5,1179.9,0,0,SME-00029,2023-06-30
0.14681994960503694,0.733354130770591,-0.001915555910288113,2,0.27904210978708077,-3.763471903109967,0.04399463870042978,1.0819239823605478,234,466,695.1791723202172,534.505,604.5079012030906,433531.51999999996,591162.5800000001,0.944954128440367,0.6574964934941467,-0.032317101010032184,0.6666666666666666,2.0,3.2,0.007843137254901978,3,,,1,5,68714.36,0,0,SME-00030,2023-06-30
0.29144232092245753,0.6792779009327807,0.006659716248518435,1,0.1821231755080004,-4.6313716127731945,0.028744918227520334,0.8737280114471677,336,532,1283.3823303457107,1012.365,1015.041037997687,810890.1000000001,1193753.1,0.9229357798165138,0.32135904641103696,0.022966187184979107,0.3333333333333333,,,-0.002857823291259778,5,,,1,6,3756.28,1,0,SME-00031,2023-06-30
0.6022294885714855,0.6003241995243792,0.003612533804200665,0,0.19362064619069702,-6.563864653525195,0.030265960379444203,0.6638895448519038,451,749,560.2830134496546,347.7,664.2337900098179,578197.12,963141.45,0.9871559633027523,0.07864733615884553,0.1047330592165799,0.6666666666666666,1.0,3.2,-0.002600619195046443,6,,,4,2,2004.72,2,0,SME-00032,2023-06-30
0.35922215237153166,0.710319803558659,0.0020950809578198695,0,0.16260108338402054,-4.299542436731826,0.029816703317809938,1.1112164912233116,795,1380,265.5581274214378,204.435,221.2519164661829,512407.41000000003,721375.6499999999,1.001834862385321,0.04353761420822236,-0.0008310194346038486,1.0,1.0,3.4615384615384617,0.007553531194787113,31,,,1,4,2232.53,0,0,SME-00033,2023-06-30
0.2465726175756059,0.6728455504014589,0.01209986650382026,2,0.16770472404223175,-5.249380794888076,0.028041237315317272,0.5491080724139735,213,416,779.3625045871559,482.03499999999997,985.2058126439666,341684.70999999996,507820.42000000004,0.8862385321100917,0.01527414288910693,0.012924568522586947,0.6666666666666666,0.0,3.2857142857142856,0.006001428911645667,4,,,1,3,399.51,0,2,SME-00034,2023-06-30
0.3933352986042239,0.7981351993290845,-0.0016705799239511844,1,0.174687969513658,-1.6578762269788339,0.030731644101478443,2.9334236708005914,312,479,1319.483134228188,1050.125,1067.6407820817099,872658.3200000001,1093371.55,0.9064220183486239,0.040330773521326455,-0.014628982271246174,0.6666666666666666,,,-0.01018675721561971,3,,,2,6,18267.96,0,0,SME-00035,2023-06-30
0.26909382082743594,0.6436065951118659,0.008175191322185835,3,0.19138973088865885,-5.195628755271419,0.029526654654987067,0.5988623848256254,136,288,1824.2200122249392,1376.9,1648.1993211514016,584323.2,907888.77,0.7743119266055046,0.3683237021167513,0.007231892583868818,0.6666666666666666,,,0.004953560371517023,2,,,1,3,5651.86,0,1,SME-00036,2023-06-30
0.3201515969626482,0.7443997832048683,0.0037102722294899667,1,0.19137591424356232,-3.9614396583135116,0.02960167560219911,0.22763405525141633,322,488,1303.851502966381,1003.88,1087.5539172407293,844061.1799999999,1133881.55,0.9229357798165138,0.0724980398205966,-0.008444868958812005,1.0,1.0,3.25,0.0014512383900929385,32,,,3,1,1137.19,0,0,SME-00037,2023-06-30
0.4069631429115007,0.7543760759199802,0.00951786807516885,0,0.21856140621819517,-3.641845962070029,0.029608146386381498,1.019548483206768,445,904,420.0914760263241,324.23,355.0458787401865,576415.81,764096.09,0.9963302752293578,-0.050687623632662514,0.0551982755927942,1.0,3.0,2.8181818181818183,0.0011609907120743378,2,,,5,2,7895.51,0,1,SME-00038,2023-06-30
0.12422813577326988,0.7768998243731797,-0.00023895814249868077,1,0.27860415547180367,-3.738633286145188,0.0490539694866601,1.2542134381693133,255,475,673.1785104942451,518.5,548.4279934262338,434723.2,559561.46,0.9376146788990826,0.3540374397152749,-0.005166776532591567,1.0,,,-0.0072927416580667575,6,,,3,1,2127.87,0,3,SME-00039,2023-06-30
0.39867703802691007,0.6849384234249386,0.009382495751511911,1,0.19816030008551716,-4.793236912978544,0.03042182437966492,3.7256670699442984,455,926,429.38601666152425,329.77,381.9781838206205,565710.74,825929.3400000001,0.9944954128440368,0.005447049412075801,0.005103149229066324,1.0,,,0.0017472335468841382,55,,,1,2,2658.25,0,1,SME-00040,2023-06-30
0.4502535154820402,0.6993577379464464,0.008416340279726,1,0.18866810967775838,-4.636586096568166,0.03401384452300985,0.6616302570476789,443,878,425.3892131570462,325.02,370.237354519468,542878.71,776253.24,0.9963302752293578,0.35981668801886935,0.011522359150160439,1.0,,,0.0024229371382420263,2,,,1,1,320.82,0,2,SME-00041,2023-06-30
0.1635547997160127,0.7231394229575944,0.006092160771174765,2,0.1895194381850284,-4.207687729200534,0.025028747952638982,0.9162712863005406,242,430,572.8494117647059,447.0,483.10536881508585,298341.64,412564.48,0.9100917431192661,0.45215639478367314,0.0,0.0,1.0,2.8333333333333335,0.0012383900928792705,2,,,2,5,2109.04,0,0,SME-00042,2023-06-30
0.2880945178722424,0.7981897574853791,-0.0004737465455980883,2,0.18837171690959856,-2.3213617500505332,0.030599948356009703,1.6702998639532454,299,484,1257.1321879194631,961.685,1010.2354007695153,831453.27,1041673.6900000001,0.9136029411764706,-0.058818437208649814,-0.025328597428912768,0.3333333333333333,0.0,3.2857142857142856,-0.006965944272445803,8,,,3,2,391.81,0,1,SME-00043,2023-06-30
0.15580718768403568,0.7460807953432513,-0.0017844518661173552,1,0.17057503509234334,-3.3283782136963147,0.025637457825878358,3.371757272379746,210,416,565.9005511811023,436.43,466.5053499877889,307089.78,411603.92000000004,0.9100917431192661,0.13456296517314006,0.02418170210119353,1.0,2.0,2.727272727272727,0.0,1,,,1,3,858.89,0,0,SME-00044,2023-06-30
0.20071542405966486,0.7383064230730707,0.015618501917656308,2,0.20009685230613636,-3.478562233844497,0.02700126296837706,1.2546540207359271,135,288,1924.7603482587062,1531.3049999999998,1465.815570250796,657268.8099999999,890238.51,0.7743119266055046,0.590998190220911,-0.0038595848612999212,0.6666666666666666,0.0,2.6666666666666665,-0.00720288115246096,2,,,3,1,11762.43,0,0,SME-00045,2023-06-30
0.4205327809061223,0.6499081663650933,0.015590143772000499,1,0.1855218657842633,-5.461541503304418,0.03046748929414408,0.8883123938559646,474,966,434.51855403348554,336.38,359.0474096210021,562258.36,865135.0900000001,0.9926605504587156,0.9520908030529106,-0.03321733962467836,0.3333333333333333,2.0,2.25,0.004225095610999844,35,,,1,1,1867.66,0,0,SME-00046,2023-06-30
0.3639776773639651,0.7164466103550549,0.005908369539766377,0,0.17807008114529727,-3.868582992048411,0.02816524719635678,2.5443268468264226,816,1424,270.21217016806725,211.85,224.29093867589089,536865.37,749344.5599999999,1.001834862385321,-0.26151493535420484,0.029504596966635238,0.3333333333333333,0.0,2.875,0.030464396284829713,1,,,5,5,45319.36,0,0,SME-00047,2023-06-30
0.34196427289845394,0.6381237544515347,-0.006250404480917895,1,0.19602528528418528,-5.511904793293361,0.03295952210410018,1.491280886342391,321,456,1587.7915239379636,1003.87,2195.984423359146,917260.8,1437434.03,0.8972477064220183,0.29967914884020025,0.02249009918317249,0.0,1.0,2.5714285714285716,0.0031233732431025607,14,,,1,1,562.2,0,0,SME-00048,2023-06-30
0.16564015780484806,0.6252599877429758,-0.004502797960468977,1,0.13414395032006723,-5.9040737712852,0.026136100789322093,0.6478646978512251,217,419,566.5448947778643,446.02,478.50929614179825,279639.67000000004,447237.43000000005,0.9009174311926605,-0.5716990166100501,0.012972544240929092,0.6666666666666666,,,0.005992210126835139,4,,,2,4,3029.97,1,3,SME-00049,2023-06-30
0.15863839049302234,0.745893057657074,-0.0005863047783839558,1,0.15719404811285909,-3.941917556797723,0.03165193547974863,0.5450842425850146,220,414,575.7559353348729,469.29,468.06735945334077,319526.22,428380.74,0.8990825688073395,0.14245953241561055,0.024223115721534284,0.0,,,0.0006063334282643306,21,,,1,2,1955.86,0,0,SME-00050,2023-06-30
0.3754874342704119,0.6826739830246968,0.006806754056605837,0,0.1703642596684553,-4.734796808995253,0.027713166314773288,1.6616694982479592,816,1419,280.0109133892113,217.17,248.71832360816558,528592.97,774297.81,0.998165137614679,-0.04255737887742405,0.00024223270436051346,0.3333333333333333,3.0,3.4285714285714284,0.0,1,,,2,6,9250.81,0,1,SME-00051,2023-06-30
0.11840567636930867,0.7292004469138557,0.005378767096445547,2,0.14871316325484027,-3.6935619542534366,0.026603875727047973,1.060572319600744,222,440,577.0989794303797,435.18,499.6065137882239,307608.95,421844.16000000003,0.8935779816513761,0.38184947229520283,-0.013266728338168604,0.3333333333333333,,,0.005352363960749334,3,,,1,5,239.47,0,1,SME-00052,2023-06-30
0.30914996452243965,0.6550675174769067,-0.0021986772282405137,1,0.190292855051143,-5.295112798111184,0.0301143939795055,1.1380840069374167,314,505,1319.449315419066,1044.14,1076.7277957617923,816247.8300000001,1246051.4500000002,0.926605504587156,-0.024535829785233117,-0.008064094727787694,0.6666666666666666,,,-0.007851648527017929,5,,,2,5,12746.49,0,1,SME-00053,2023-06-30
0.12113383971532735,0.6958298343074166,-0.007841445465157564,1,0.23760086326415994,-4.937654931665591,0.04489701936321415,0.4916576271863691,251,473,681.3843579234972,534.385,532.4647613017775,409311.56000000006,588235.14,0.9504587155963303,0.7096371835356335,0.019816882423619765,0.6666666666666666,3.0,3.1,-0.002476780185758493,3,,,2,3,14861.13,0,0,SME-00054,2023-06-30
0.2147052596788872,0.7122878069424781,-0.002301822153694256,2,0.16390395596657562,-4.277112141471221,0.02762058688519519,-5.588659456881162,203,392,593.6434254143646,461.56,483.3327035733766,312882.31999999995,439263.9,0.9211009174311927,0.4233419520600262,0.009680058986619599,0.6666666666666666,0.0,3.3333333333333335,0.004127966976264214,14,,,1,4,42793.66,0,1,SME-00055,2023-06-30
0.11244619680695012,0.727465897624863,-0.009721702446160635,1,0.3203021645072432,-4.184292206462723,0.04268341013377454,0.9856270452464749,244,470,697.8784615384616,554.215,578.8166762060885,427902.01,588209.03,0.9467889908256881,0.4338904599629091,-0.003088649297146993,0.3333333333333333,,,-0.005325943406438745,8,,,5,1,1235.62,0,0,SME-00056,2023-06-30
0.2577761278300089,0.6471096224970798,-0.010915249984317145,2,0.20694391363382839,-4.721078525368337,0.03547682511059531,3.2486796409278362,129,276,1862.014493444577,1389.26,1823.4452341526817,613762.53,948467.63,0.7908256880733945,0.1385802973005433,0.029518552573094232,1.0,0.0,3.142857142857143,-0.0025459288711476733,11,,,1,4,6225.31,0,0,SME-00057,2023-06-30
0.32026945416565067,0.671946820914388,0.008339681973643698,1,0.21095811260268127,-5.223788894520269,0.03381810679522531,0.8456427456537251,334,515,1295.063462041885,1006.225,1021.9968178722728,795292.4299999999,1183564.54,0.9137614678899083,0.4054428122309616,-0.026646236093480137,0.0,,,0.002043343653250771,12,,,4,5,17323.31,1,0,SME-00058,2023-06-30
0.14415837852927954,0.7408404443255915,-0.00804207542243274,2,0.16194857625226533,-4.337963022228282,0.0251809232498623,0.17445670174487748,201,415,555.9721847389558,430.61,443.47395296754144,294569.74,397615.63,0.8917431192660551,0.6460365687557428,0.025832295746102824,1.0,0.0,3.3333333333333335,0.004422821760283085,3,,,2,3,1212.22,0,0,SME-00059,2023-06-30
0.14851834361029115,0.6835528020073738,0.0007780461316519082,1,0.27544055821384844,-4.568769929033716,0.04391997620577755,0.8577076316914107,249,519,679.9621531413612,543.145,535.5564618183843,421845.5,617136.6699999999,0.9339449541284404,-0.1320509529018742,0.007309946587735528,0.0,2.0,3.1,0.003426613363792137,6,,,1,2,1818.48,0,0,SME-00060,2023-06-30
0.16796384480917428,0.751300899605182,-0.011217054692723383,2,0.26830836225148214,-3.894094379978835,0.04412467865185526,0.6459656538706432,207,439,651.9436451169189,517.9200000000001,519.8536206993459,406656.39,541269.6699999999,0.9247706422018349,0.08694518680234987,0.03238891293043279,0.3333333333333333,,,0.006461165701978759,15,,,1,5,4157.59,0,0,SME-00061,2023-06-30
0.1460759854692979,0.7429135042881364,0.0032537319319279967,2,0.14716683122838817,-3.574634343911129,0.026759846315330425,1.9674916309704376,218,426,608.9033598726114,460.37,508.6546281259625,325987.11,438795.51,0.8968692449355433,0.6901619678809522,-0.009557288751520164,0.3333333333333333,1.0,3.111111111111111,0.0029541111380003747,22,,,1,3,6573.76,0,0,SME-00062,2023-06-30
0.3656449081564597,0.6688720272807072,0.004092048757667678,0,0.17274153871364434,-4.877192230710165,0.02874791220622538,1.8467559810887695,836,1425,275.24283106960957,214.695,234.8457708434342,519806.01,777138.21,1.001834862385321,0.24336595818948717,-0.009537306171888516,0.0,2.0,2.5,0.004888381945576042,14,,,1,3,3667.67,0,0,SME-00063,2023-06-30
0.27201021012472754,0.7850505218931467,0.006761793070815677,2,0.21784740813140663,-2.949891454448391,0.02723938578301882,1.032756397643107,215,434,719.2094987674609,455.79,846.8799234414053,384940.04000000004,490337.92000000004,0.8825688073394495,0.10986111179304402,0.013487524990885711,0.6666666666666666,1.0,3.2857142857142856,0.0,1,,,1,3,808.74,0,2,SME-00064,2023-06-30
0.43184525255482015,0.7439118701288464,0.008109338988586765,0,0.18477653663021323,-3.7655122542881143,0.030234522413244133,0.7177742550388674,479,931,423.0837682020802,327.18,359.0537394130715,607307.14,816369.74,0.9944954128440368,-0.12517847247688055,0.011048388767825183,0.6666666666666666,2.0,3.111111111111111,0.003557077926355336,5,,,2,2,1201.42,0,0,SME-00065,2023-06-30
0.3839795618685195,0.6410306415359988,0.007119202081224307,0,0.18020977006842748,-5.057889168505595,0.031113671312876654,2.016198013334318,778,1396,277.8975871023588,214.79,226.56829412875658,501629.24,782535.51,1.001834862385321,0.2975075690069254,-0.04208217639147257,1.0,,,0.0021162362346670983,5,,,5,3,1123.3,0,0,SME-00066,2023-06-30
0.40292297604018157,0.7777475934496221,-0.0018777594140148863,2,0.21242800535828915,-3.248686080505558,0.026846608397856984,1.6605396253819018,200,410,758.0591979949876,460.89,961.5252618812524,396977.46,510419.4,0.8807339449541285,0.28068612013189326,-0.006191792239646551,0.6666666666666666,,,0.008414701913153919,6,,,2,2,69471.75,0,0,SME-00067,2023-06-30
0.45733251321853546,0.679512781295046,0.016727743729070557,1,0.19294202971934557,-4.896280958844127,0.031059888130557455,1.5473003505504725,469,939,421.66654974489796,331.095,345.99305889068376,535007.07,787339.23,0.9908256880733946,0.5519271027771703,0.021638861471970958,0.3333333333333333,3.0,2.4,0.014153029632905816,3,,,2,2,2772.31,0,0,SME-00068,2023-06-30
0.4792153355001579,0.6521874791869005,0.009836565837357987,0,0.19182482876738968,-5.480387362546642,0.031693927791819024,1.1769740939079105,493,943,574.78145403705,364.57,676.3163371459708,649133.0700000001,995316.6699999999,0.998165137614679,0.5871713246534302,-0.014861418470033635,1.3333333333333333,4.0,2.7857142857142856,-0.00270766647426138,19,,,1,6,2056.61,0,0,SME-00069,2023-06-30
0.42621505702776474,0.7224292803088418,0.0061972814591999105,1,0.1773675489147864,-4.201737784501216,0.02901435791874096,1.307988859916319,812,1404,273.2245931984503,212.70499999999998,229.48978401476484,532418.25,736983.21,1.0,0.4600666284862355,0.0037914521816078696,1.0,,,-0.01223287774673411,4,,,2,4,4382.97,1,1,SME-00070,2023-06-30
0.3464813724447704,0.7284940816132668,0.0029566130044295954,0,0.1733388042516105,-4.0759743860055275,0.02713649036584364,1.181646623328903,789,1393,274.09573120827054,215.28,228.04925452394178,536363.34,736263.14,1.0,0.9337462398527223,-0.02683618142548851,0.3333333333333333,2.0,3.8,-0.003473533187344232,6,,,1,2,3924.09,0,1,SME-00071,2023-06-30
0.17568025807672627,0.6820404222585144,-0.00421853438105519,1,0.17188643401020334,-5.010736268497805,0.025781928554729817,0.38130633376329176,214,418,589.3721247113164,456.39,459.3472100187729,310436.25,455158.14,0.9211009174311927,0.4816771522185887,-0.03791170481309213,0.0,1.0,3.3333333333333335,-0.0026536930561698153,11,,,2,5,730.73,0,1,SME-00072,2023-06-30
0.3093290698325616,0.6552493551031338,-0.0010453942342487149,1,0.16183959624833144,-5.357911544164894,0.028435912048826294,0.6603782403428715,224,400,718.6783290043289,465.12,795.7794717339517,328594.05999999994,501479.41000000003,0.8990825688073395,0.5972741565737794,0.04632916313263588,0.6666666666666666,3.0,3.0,0.0,1,,,3,5,17781.11,0,0,SME-00073,2023-06-30
0.14425958749964998,0.6460364850374017,-0.0027440161690414702,1,0.23545475505371874,-5.743139185334943,0.044126438715678985,0.8786993659107569,223,480,686.0775425459497,526.73,566.7254944732827,395560.2,612287.7100000001,0.9376146788990826,-0.1291996641072096,0.034914396873229184,2.0,1.0,2.3333333333333335,-0.02429149797570848,1,,,3,4,7594.63,0,0,SME-00074,2023-06-30
0.19091034744375954,0.6846358847756957,-0.004755230558407722,4,0.21202635434791411,-3.880341837880257,0.033211337102781846,1.6617582396086799,121,267,1881.4952963430012,1458.32,1838.4099134282062,606359.15,885666.62,0.7798165137614679,0.2627615111341362,0.0026191493684373057,1.6666666666666667,3.0,2.8333333333333335,-0.03095975232198142,1,,,2,5,819.08,0,1,SME-00075,2023-06-30
0.22246840734973858,0.6808530195430471,-0.00042884711600314437,2,0.16869165303490205,-4.671261665565169,0.03029233870430925,0.6180900049001089,129,266,1879.5154070473875,1459.86,1499.6726475168728,626569.6499999999,920271.53,0.7853211009174312,0.2748782320760432,0.0041950757422659,1.0,,,-0.0023968840507340126,3,,,3,2,2169.48,0,1,SME-00076,2023-06-30
0.16184022557412742,0.6157211916360275,0.0008450078891273402,1,0.16588082219877387,-5.365688153096724,0.026793024988248898,1.6866310924238477,212,448,569.0714417887432,442.77,469.37254558136186,281270.67,456814.99,0.9247706422018349,0.31446047719916065,0.014156484401047643,0.3333333333333333,,,-0.004181997957628896,18,,,1,5,1042.96,0,0,SME-00077,2023-06-30
0.2718080025350871,0.7408281607559466,-0.003446309271631091,1,0.24745438025792915,-3.7033281527462614,0.03208344247682175,1.9228876700980364,300,471,1304.7583684210529,1000.11,1074.2398803028202,843986.03,1139246.69,0.9229357798165138,0.7705202452135463,0.0013117298684163896,1.0,,,-0.0009892465238976107,10,,,3,2,2327.1,0,0,SME-00078,2023-06-30
0.45464808362812054,0.6582301704578556,0.010620735579861762,0,0.2149617356391649,-5.376931757629727,0.032132226414384284,0.7695860580325753,429,883,438.25082504012835,334.18,382.0669801732699,541893.28,823258.04,1.0,0.27957142858213835,0.012528405754996029,1.0,0.0,2.375,0.0,1,,,5,1,7613.09,1,1,SME-00079,2023-06-30
0.14169778893433113,0.766843100762367,0.0023219814241486406,1,0.155247559760255,-3.310499022026974,0.027126680446733314,1.2086113142337593,214,431,568.1708796296296,439.915,458.94740863083143,319589.5,416759.95999999996,0.9229357798165138,-0.37569503466499454,-0.03036607298498663,0.3333333333333333,0.0,4.0,-0.009691748552968098,2,,,1,3,62813.58,1,0,SME-00080,2023-06-30
0.41516569496181893,0.6967910279928458,-0.007741735140648705,1,0.18286028935959447,-4.669125973712813,0.030765135558348453,1.4590049911264817,705,1130,337.15923612723475,215.5,422.1931184219697,596326.52,855818.3099999999,1.0,-0.17600658634863586,-0.028583643025890323,0.3333333333333333,3.0,3.0,0.004690871563936618,5,,,3,3,541.7,1,0,SME-00081,2023-06-30
0.2024948876134687,0.6097756171747414,0.0021704258275684115,2,0.14669329858884428,-5.1322133180676435,0.026257861391307816,1.2974130782616822,208,417,568.7019580983077,433.69,496.19406595470565,267338.32,438420.80999999994,0.9100917431192661,0.25497584226380227,-0.12202191591819397,1.0,,,0.010235673216655125,3,,,2,5,561.28,0,1,SME-00082,2023-06-30
0.14306566418294558,0.6656118336856882,0.003151859261660218,6,0.151983700653504,-4.3095534083367575,0.030231782715254323,1.3908395999003629,139,283,1872.716955475331,1470.41,1753.7596337069674,621899.78,934328.01,0.7486238532110092,0.021696148443341844,-0.018283240824827948,1.0,4.0,3.2222222222222223,0.013213749960103407,6,,,3,2,912.45,0,1,SME-00083,2023-06-30
0.2118288460872129,0.6627340175426873,-8.916408668729416e-05,2,0.14202987028394715,-5.363951639738234,0.029343834501880658,0.9823012837653112,199,391,588.233328,476.99,486.87951049227183,293073.20999999996,442218.45,0.8899082568807339,-0.2221977615202468,0.008354972774562215,0.6666666666666666,1.0,2.727272727272727,-0.004221784407542914,2,,,2,4,4235.86,1,0,SME-00084,2023-06-30
0.3830676176942222,0.6820756201167638,0.007188081491487077,0,0.17305712687354005,-4.510955390138978,0.028131123790973156,1.7645810015001935,841,1415,274.63407764907765,211.56,235.537803654243,519174.92000000004,761169.1499999999,1.001834862385321,0.2888098576187437,-0.009480535825797665,0.3333333333333333,,,0.0,1,,,3,6,1096.04,0,0,SME-00085,2023-06-30
0.09616506126748121,0.6993108931339466,0.0060242004119744185,1,0.14528747926216906,-4.481935700695676,0.026289569014123645,0.6177038708295293,198,418,559.7378565737051,433.15,457.9316917649995,289085.2,413385.81,0.9137614678899083,0.53053238868919,0.035697674239364076,1.0,,,-0.0037151702786377694,2,,,1,3,10151.23,0,0,SME-00086,2023-06-30
0.45632808424976645,0.7288824774125404,-0.00633172361257677,1,0.1775352074690537,-4.117696868748515,0.028524869475205036,1.525282648002805,754,1178,335.0206726862303,212.935,412.7677410666874,625701.75,858439.8300000001,0.9944954128440368,0.03434033586505027,0.02249067410250084,0.0,0.0,3.3333333333333335,0.0016053204907694185,5,,,1,6,1666.25,0,0,SME-00087,2023-06-30
0.15511069670716113,0.679823062410716,0.002781410903792995,2,0.2827186116718025,-5.1956195305272646,0.048747368344846054,0.3375039170166286,262,517,688.9302807486631,520.185,609.6205864841994,417099.07,613540.63,0.9284403669724771,0.30865706974286683,0.04990776401157438,0.6666666666666666,,,0.0,1,,,4,2,1213.26,0,1,SME-00088,2023-06-30
0.277463330047928,0.688874576845248,0.018712942547382126,3,0.18545456955978012,-4.1840581142484625,0.02782829488624128,1.7255444270565625,167,286,1769.5883025830258,1370.03,1413.9119212931716,586820.8600000001,851854.43,0.7761467889908257,0.29246305831491215,-0.005359448928548979,1.3333333333333333,1.0,2.727272727272727,-0.0026990553306342796,13,,,4,6,1647.07,1,0,SME-00089,2023-06-30
0.12250142542701116,0.7301070344970819,-0.0011412614581436055,1,0.27671663170882427,-4.336492273266675,0.04868971150952069,0.32222252041045185,248,489,675.1380849673203,543.38,533.0450156634695,435910.76999999996,597050.5,0.9412844036697248,0.028362756963332906,-0.01773218446744647,0.3333333333333333,2.0,3.0,0.004165493948775684,11,,,3,3,2520.36,0,0,SME-00090,2023-06-30
0.1658262699810508,0.6999582338397021,-0.006394018777919678,1,0.1816357071526825,-4.8346788501574,0.026153202729068584,0.4954088426966528,222,422,560.1163325563325,440.74,479.46058162800193,296818.29000000004,424051.43000000005,0.9027522935779817,0.18119139693666156,0.02801297275301567,2.0,1.0,3.1666666666666665,-0.00023513735940743088,4,,,2,4,4007.61,0,0,SME-00091,2023-06-30
0.09215229916157741,0.7177626803482441,0.0021365999572680082,2,0.28493520835990727,-4.517611071958735,0.051664079467243315,0.3399773405064915,244,489,703.0128213802436,549.3050000000001,562.8304394031209,434165.57999999996,604887.37,0.9246323529411765,-0.20731741912696894,-0.08997151865252141,0.3333333333333333,,,2.3773957964461994e-17,23,,,1,3,345.65,1,0,SME-00092,2023-06-30
0.438748059846376,0.7072715779717923,0.01321471959869895,0,0.20725922481165454,-4.6200202636791365,0.033551633025904415,0.5014854002875587,478,916,422.2184778481013,327.475,347.711699626884,552723.48,781486.91,0.9926605504587156,0.2136239423694683,-0.025786973065619265,0.6666666666666666,1.0,3.7142857142857144,0.004467609828741637,5,,,1,2,17049.53,0,0,SME-00093,2023-06-30
0.4903460498304583,0.6707991767575656,0.011964307072117234,0,0.1645640050520858,-4.8926361384018415,0.02951693229219269,1.9445239907645135,432,881,416.9248036732109,323.905,332.5836481664326,528613.3500000001,788035.1799999999,1.0,0.5091071955252019,0.03945678330926304,0.3333333333333333,2.0,3.5714285714285716,-0.0039739383577468545,10,,,1,2,9602.77,1,1,SME-00094,2023-06-30
0.12786578683180247,0.6691790596053854,-0.005142152411167786,3,0.14171884146533356,-4.930145399796371,0.024150075494751986,1.245452402145933,219,434,583.898544636159,456.84,468.85791106779175,312037.62,466299.14,0.9119266055045872,0.7554488679140898,-0.07445725831817572,0.0,,,0.001326846528084917,1,,,2,5,1095.77,0,0,SME-00095,2023-06-30
0.3248351710720864,0.7276500315387949,0.025776751505702945,0,0.16846329813781522,-4.262617456006629,0.03075308400684577,1.1645887789324714,816,1428,334.5526247030878,218.16,395.8667205957016,593216.63,815249.9199999999,1.0,-0.07465353964620332,-0.06281537218567002,0.3333333333333333,0.0,3.0,0.0032305828509893797,3,,,1,4,60913.73,0,1,SME-00096,2023-06-30
0.4266850291113402,0.6932942376194884,0.009928269719952303,0,0.20170163098641597,-4.715272832956323,0.0315204504577,0.7731932905429416,446,884,437.02706514864013,336.835,350.17209155545635,565790.12,816089.46,0.998165137614679,0.5381872207834492,-0.00848068672108387,0.3333333333333333,4.0,3.2,0.0,1,,,4,4,1196.47,1,2,SME-00097,2023-06-30
0.4402037339664741,0.6689193745126017,0.004566055375276887,1,0.18874349249147987,-5.1361710014116975,0.029741714175527963,1.9261269487573491,301,478,1635.8166447848287,1046.43,1887.0984431217107,898898.17,1343806.4500000002,0.8972477064220183,0.3085501947454987,-0.009723651760178163,0.6666666666666666,,,0.0017691287041132315,9,,,1,3,4138.05,1,1,SME-00098,2023-06-30
0.39376608103525584,0.7165600014315894,0.004599365292760336,0,0.1726156673242907,-4.258332708155859,0.028183692825369793,0.924419310504311,817,1430,271.75330480167014,209.89499999999998,228.0307648006973,543380.3400000001,758317.99,1.001834862385321,0.9690192406537709,0.028097496827969404,0.3333333333333333,2.0,2.5454545454545454,0.0041030997053228485,14,,,2,3,1226.01,0,0,SME-00099,2023-06-30
0.1135843461287992,0.6438421358082578,0.0007461758487750271,1,0.2847271286385911,-4.86287921771204,0.04308050239461961,1.2847571294626452,246,481,683.8043974630021,520.28,579.1390100921798,380043.73,590274.71,0.9284403669724771,0.08215772315028237,-0.06056795904505847,0.0,2.0,3.0,0.0005992210126835139,14,,,2,3,7428.87,1,1,SME-00100,2023-06-30
0.1568345602000748,0.6789812704517525,0.008674470581060401,1,0.17130642739423854,-4.470818594279202,0.029183857937318272,1.0265423534250167,160,303,1814.9370220162227,1447.11,1360.4283114260452,633409.1000000001,932881.55,0.7886029411764706,0.3617804923599469,0.024186453909313704,1.3333333333333333,,,-0.004508701794463314,23,,,1,2,5065.66,0,0,SME-00101,2023-06-30
0.3289127661958098,0.6852116895943721,0.02023371928631506,0,0.18274588551779503,-5.130555312645955,0.029433239190630345,0.6025086838286259,781,1427,325.40369710982657,221.22,356.99007885600264,572240.9,835130.0900000001,1.0,0.2117132539854633,0.00366505305202864,0.0,1.0,2.888888888888889,-0.0043475396877675826,3,,,1,5,2898.83,1,1,SME-00102,2023-06-30
0.14921859624984424,0.8410121960220742,-0.003699202498070516,2,0.27831262237095566,-2.56270241366369,0.05172500113627744,-0.22722459096959702,223,421,682.3467335243553,543.17,521.835232609646,435147.17000000004,517408.87,0.908256880733945,0.21834715149105346,0.056075841627374334,1.0,2.0,3.3333333333333335,0.003189792663476899,5,,,1,1,4497.23,0,0,SME-00103,2023-06-30
0.17474367533634125,0.7402462709660552,-0.00030577533157510775,2,0.2677517426708603,-4.374690069072818,0.05121202273068642,0.17956030207072507,219,499,678.3093004115226,529.755,562.2997012940872,420678.98,568295.98,0.9284403669724771,0.05261950321444521,0.0916796512515488,0.6666666666666666,,,-0.0023909511694203463,5,,,1,5,428.82,0,0,SME-00104,2023-06-30
0.17459634207224922,0.6893305146496054,-0.0075344196272008135,3,0.1863941220022344,-3.835355082617233,0.03152012689023898,16.442063822538525,129,284,1784.596492082826,1302.88,1647.3910150171957,597855.28,867298.44,0.7683823529411765,0.33578489537467804,0.0035215563382294847,1.6666666666666667,,,0.0006405465997651552,2,,,4,1,21254.2,1,0,SME-00105,2023-06-30
0.6467661697941924,0.6987313307445532,-0.001072058579879726,0,0.1839835962022626,-4.374032941992628,0.03147865540929374,1.2708413723211218,478,756,571.1736271423575,356.3,657.675493083017,671688.36,961297.0399999999,0.9926605504587156,0.7881936338164793,-0.028041167224955803,0.6666666666666666,,,0.0,1,,,1,1,15150.78,0,2,SME-00106,2023-06-30
0.2557279444448999,0.6780701974696696,-0.0029017627637576543,3,0.19121783861866268,-4.596715683218017,0.029892875700754874,0.7258849354292052,128,265,1798.151992619926,1422.69,1384.3506333428193,590719.73,871177.8400000001,0.7867647058823529,0.4441048385363455,-0.039088654056426496,0.3333333333333333,,,0.01425588595291242,3,,,2,2,2866.81,1,2,SME-00107,2023-06-30
0.28062109192514517,0.7824493412152075,0.006362594768533222,0,0.22797405187611472,-3.2652587836030404,0.032020253464514065,2.451927155065385,336,511,1254.7368044619423,1004.8050000000001,993.0064421398679,839414.83,1072804.06,0.926605504587156,0.2634545147364909,-0.004500880912027301,0.3333333333333333,0.0,2.8333333333333335,-0.0011507164579850982,11,,,3,5,5774.92,0,0,SME-00108,2023-06-30
0.14700995033381611,0.7112304667130108,-0.006678251245621706,2,0.27315857176941066,-4.852080294982365,0.04793004641469813,0.703204489693769,246,485,706.5231956668923,536.77,623.9812039099178,433719.32,609815.44,0.9284403669724771,0.4991567669049355,0.029906259014588894,0.0,0.0,2.4444444444444446,0.0,1,,,4,2,11926.19,1,2,SME-00109,2023-06-30
0.23962279403863346,0.6520905310679463,0.006422229613898637,2,0.2378326675293985,-5.330221782875781,0.04381104002457619,0.978083417197808,250,527,850.9502685950414,568.2049999999999,1045.5129082921503,487691.12,747888.6699999999,0.9284403669724771,0.32213942754825814,-0.02604960238529932,0.6666666666666666,4.0,2.6666666666666665,0.010102656020857107,7,,,1,1,1377.68,0,0,SME-00110,2023-06-30
0.18046219875710254,0.6550035265952938,0.003284585907562364,3,0.1700681975561202,-5.366088714905693,0.02646431507557167,0.5418318234099252,228,461,577.9859435364041,447.94,486.99545349972874,307898.13,470070.95,0.9284403669724771,0.3906215069028424,0.010161299755787244,1.6666666666666667,,,0.0011958702613641056,12,,,3,1,8514.3,0,0,SME-00111,2023-06-30
0.27678154894495033,0.7543003083083926,0.006770187083639546,1,0.18249212312377874,-2.772826874858746,0.028059459529584066,1.8880563754054278,323,513,1233.6372762645915,997.275,935.4896559170568,817922.59,1084346.09,0.9229357798165138,-0.7090289420104966,0.03240044007391243,0.3333333333333333,0.0,2.5714285714285716,0.002549626661810268,9,,,2,2,8926.36,1,0,SME-00112,2023-06-30
0.17548516023208094,0.6596735054990197,0.0012267071674747373,2,0.1671871017247259,-5.988957584632105,0.033157049151214465,0.08320629603294637,151,273,1851.4957900943398,1470.065,1586.7636715265298,624058.01,946010.4199999999,0.8036697247706422,0.18912663921126402,-0.0033698186335208765,0.6666666666666666,0.0,3.2857142857142856,0.0019633013667597968,20,,,2,5,4079.55,1,1,SME-00113,2023-06-30
0.15592998181061604,0.6339092743262558,0.008071479341878691,1,0.16112477510662376,-5.522786699119554,0.026537791441624152,0.9540159347444553,244,455,562.4343836671803,435.645,498.47517314497196,283234.22000000003,446805.61,0.9100917431192661,0.562711364973022,-0.0017356705590889348,0.3333333333333333,3.0,2.9166666666666665,-0.008306275013214494,6,,,5,6,17386.4,0,1,SME-00114,2023-06-30
0.16371981672047922,0.7575054607059397,0.006430676265433264,2,0.15780487749940172,-3.3975410746115586,0.027866680430574508,1.1554746746559308,205,418,587.4138875502008,450.23,503.16683387269563,315211.93,416118.36,0.9117647058823529,0.7209192450909415,-0.03644560009707342,0.3333333333333333,,,0.006275625470671886,9,,,3,2,11543.58,1,1,SME-00115,2023-06-30
0.13773378089027888,0.6637989048693768,0.009023373540494378,1,0.16500379766232706,-3.980158484844825,0.02621807140365283,2.367723679569151,238,451,556.3053810623557,426.7,504.38044966419585,288308.93999999994,434331.75,0.9229357798165138,0.30010527667098913,0.0,0.3333333333333333,0.0,2.6666666666666665,-0.0016708437761069111,9,,,2,3,691.65,0,0,SME-00116,2023-06-30
0.3797973898375918,0.7192427008158746,0.0019684047784188645,0,0.1535857013119191,-4.222465761258529,0.02857526784265356,0.8378182183904145,804,1402,268.40037755527743,212.605,221.58612913708743,538293.8600000001,748417.5499999999,1.0,-0.041737715814401666,0.058569583470596605,0.6666666666666666,2.0,2.6153846153846154,-0.007591869699824985,5,,,3,3,31580.81,0,1,SME-00117,2023-06-30
0.3485936436100181,0.6968940179286212,0.002972136222910259,0,0.17361549934767634,-4.391787673382738,0.028701876329570157,3.4428092696275354,774,1397,269.47028297872345,209.495,223.43717401192902,520140.6,746369.73,1.001834862385321,-0.05015003779551987,-0.02666032660374776,0.3333333333333333,,,0.004458204334365344,5,,,1,4,641.86,0,0,SME-00118,2023-06-30
0.15402120843015848,0.6690970489575625,0.003891947375549162,2,0.16329476571572749,-5.0436543700940595,0.02600561394992298,0.5101492370948875,215,453,569.3721719109747,440.36,483.8923012903224,297404.94,444487.0,0.9060773480662984,0.2574437914356923,-0.016772012402143703,1.0,0.0,3.142857142857143,0.0017976630380505416,4,,,3,1,2507.38,0,1,SME-00119,2023-06-30
0.16424978873697546,0.7930579508280616,0.006670190540914708,1,0.2397392192199895,-3.2475207729309217,0.04831965606397172,1.6654753491264775,261,519,683.1853523035231,549.755,569.8241810041308,446000.6599999999,562380.92,0.9467889908256881,0.626894850948284,-0.007622372263055298,1.3333333333333333,1.0,3.111111111111111,0.0011466574934067102,4,,,1,1,4230.36,0,0,SME-00120,2023-06-30
0.44376739629712625,0.7057159361364842,0.009862257141917869,1,0.18048095086122837,-4.60571334023304,0.030548602454488014,0.6678107068162421,448,885,427.0403622735789,330.635,357.03057063218245,565735.55,801647.69,0.9944954128440368,0.4056699096282985,0.01923045216719979,1.0,,,0.002740699385880359,6,,,5,3,504.31,1,2,SME-00121,2023-06-30
0.15019335977594472,0.68583661781052,-0.008665713865519278,5,0.14770345244540764,-4.820398540643293,0.028242436252872514,-5.805409719731241,137,265,1776.687503045067,1391.08,1451.9964954798722,593416.19,865244.25,0.7925925925925926,0.1540454027949004,-0.0225806194073841,0.6666666666666666,1.0,2.8333333333333335,-0.012383900928792551,1,,,2,4,2794.57,1,0,SME-00122,2023-06-30
0.1637613282026206,0.8689827090287449,-0.0035827006738889016,1,0.159084637210873,-1.945378279831341,0.026684106327627518,0.14369343545035046,202,387,561.2854051863857,429.26,469.93483623935754,322036.25,370589.94,0.908256880733945,0.2575913110209593,-0.0054295484620008,1.0,2.0,3.5,-0.0030239758081935034,4,,,4,3,2029.12,0,0,SME-00123,2023-06-30
0.17537532276549567,0.7466382938931133,0.012570346346896431,2,0.17673539086852993,-3.2303241849986537,0.027402787242574275,-89.71072027330707,233,437,576.9243581616481,440.52,477.48227177376094,311232.91,416845.63,0.9009174311926605,0.44704781536160265,-0.0019209120567969485,1.6666666666666667,1.0,3.0,0.004115335498368646,94,,,1,3,11808.26,0,1,SME-00124,2023-06-30
0.36701382355550416,0.7055460045072677,0.010025438267831458,0,0.17007739471769043,-4.261659693049691,0.029716992354305943,2.292441644247821,840,1464,277.1166730360934,213.29500000000002,231.41525254526678,539939.95,765279.58,1.001834862385321,0.579370264859058,0.007830283053584028,2.3333333333333335,,,-0.0033171163202122688,7,,,3,2,1311.35,1,1,SME-00125,2023-06-30
0.1916872649492749,0.6361337778706306,0.00931052405595356,3,0.2029298392243646,-5.550337182520426,0.032777358934777096,0.6337672427741993,148,290,1859.5373357664232,1461.03,1543.0163943816049,594300.87,934238.82,0.7798165137614679,-0.03519637987024899,0.023691635701513315,1.3333333333333333,1.0,3.5,0.005138001449179933,3,,,3,2,432.54,0,0,SME-00126,2023-06-30
0.3180011459398804,0.6911606132521532,-0.008799087502036812,1,0.2755774938909979,-4.898306628486919,0.051290576673461215,0.7989432170005277,254,450,892.4173830409356,581.8199999999999,1038.4430212354553,498939.91,721887.07,0.9192660550458716,0.5516758989792582,0.10058428570767479,0.3333333333333333,,,0.003527060391111827,5,,,2,2,10978.91,0,0,SME-00127,2023-06-30
0.19300079352573765,0.751197915034972,-0.003993808049535581,3,0.16340544927527606,-4.4164013607273995,0.03182569408300368,-0.8638505228552271,132,257,1880.2637625,1439.495,1615.0115115110978,645249.84,858961.1699999999,0.7642725598526704,0.24820937403939589,0.0059598132447276336,0.0,1.0,2.2857142857142856,0.0,1,,,1,4,76076.13,0,0,SME-00128,2023-06-30
0.19829485294220994,0.744647167654951,0.007119267756545502,2,0.2672341402487113,-3.8616006842308717,0.05175446325920785,1.3657301400978707,265,489,700.8060381211709,543.01,612.4239119184276,439402.54000000004,590081.53,0.908256880733945,0.040736086808859366,-0.011910459822215743,0.6666666666666666,,,-0.0044639642882856505,15,,,4,4,2907.97,0,1,SME-00129,2023-06-30
0.15774947336613038,0.7232290457014511,0.001011695386013327,2,0.12994666704200783,-4.1988699366082995,0.026706255847173302,0.9483814680001666,213,437,581.3452269288956,444.395,468.9947775696138,322551.02,445987.37,0.8917431192660551,0.3056948252505657,0.033967186616277,1.3333333333333333,,,0.0,1,,,4,4,1209.38,0,0,SME-00130,2023-06-30
0.16886545739297815,0.7799430702971711,0.014428684570523466,1,0.1715817331067068,-2.8483720703481605,0.029015856973111823,4.225757092763782,254,461,579.6405581395348,441.135,502.8492371374153,327646.3,420090.02,0.9209558823529411,0.13831229193124703,-0.00423643798902523,0.3333333333333333,,,-0.00242821586839068,18,,,1,3,1647.88,0,0,SME-00131,2023-06-30
0.3726314177146756,0.7332886073749463,0.002895360374770265,0,0.17173716189705304,-3.9121947330839904,0.0283097193131914,1.2753749140185549,775,1366,276.44973949211914,213.92000000000002,229.87968910176943,534252.22,728570.19,1.001834862385321,0.36316872573497905,0.021994033960066297,0.3333333333333333,1.0,2.9,-0.006567220189511197,5,,,3,4,2777.69,2,0,SME-00132,2023-06-30
0.40383485151623166,0.6942986751653503,0.010769067196663417,1,0.1964193437783178,-4.85969684881769,0.03227206209726608,0.9499459884948359,429,894,493.0519755185311,332.7,525.587530883886,594215.6599999999,855850.2,0.9889908256880734,-0.05730581887680452,0.009173423918602538,1.6666666666666667,,,0.008207934336525325,3,,,1,5,2591.38,0,0,SME-00133,2023-06-30
0.4490194943579434,0.7379794894743151,0.013325367081273881,1,0.2162273941205744,-4.260332940286379,0.03182531552420025,0.47015877442345966,443,899,429.56792072774533,330.42,358.5826878817756,561435.8,760774.26,0.998165137614679,0.183499250798702,0.005314613613566657,1.3333333333333333,,,0.007195203197868097,20,,,1,2,1900.69,0,0,SME-00134,2023-06-30
0.35318706547497525,0.7305181535493759,0.0053610306601418346,0,0.15956664982752572,-3.9247292554902633,0.029899084550713554,1.5194835484689413,811,1412,276.2929913978495,212.95,231.4424727936496,542347.54,742414.8700000001,1.001834862385321,-0.05427609569781528,0.0026302549433234726,0.6666666666666666,4.0,2.857142857142857,0.003095975232198174,4,,,1,5,4116.31,0,0,SME-00135,2023-06-30
0.3752051328552883,0.6980169010156329,0.012359523171058743,0,0.15396200837223123,-4.501035197423029,0.028026063498022474,1.0092775646164154,827,1433,271.7606933508311,210.395,220.2107625312849,510759.9,731729.99,1.001834862385321,0.5711600321583595,0.04907949421944759,0.0,1.0,2.3333333333333335,-0.0021316550779068894,5,,,2,9,1801.57,0,0,SME-00136,2023-06-30
0.17516803819396787,0.7282714196076303,0.0003510397113673475,1,0.169324981864553,-3.909114608706182,0.029818389664674868,2.3067564076177627,220,428,604.637811023622,464.85,535.0131281290038,323579.01,444311.01,0.9211009174311927,0.13896459162615202,0.03352296211372581,0.6666666666666666,0.0,2.7777777777777777,0.0017598175004073925,5,,,1,2,2327.8,0,1,SME-00137,2023-06-30
0.10508159100228943,0.6450145855158955,-0.010750441603829113,1,0.29936558416211106,-5.069924138639935,0.04861649908794505,1.7086410547692261,219,443,699.2692365371506,540.77,615.6564929458426,402229.87000000005,623598.1000000001,0.9394495412844037,0.3744384260012941,0.04274430947648638,0.0,1.0,3.3333333333333335,0.0019553527782304437,9,,,3,5,1583.37,0,0,SME-00138,2023-06-30
0.37056504450970124,0.6604210486489193,0.005441491371709282,0,0.1593482242114209,-4.97078357192651,0.029809948542279193,1.2539561304559754,810,1421,272.71055032119915,212.56,230.47246542700327,506549.04000000004,767009.23,1.001834862385321,0.0801678778409871,0.0,0.6666666666666666,0.0,2.4285714285714284,0.011414077362079906,10,,,2,5,369.68,0,0,SME-00139,2023-06-30
0.13786642611175745,0.6716524921093382,0.013321214531201156,1,0.15071693860020688,-4.839660876664871,0.028131760825634376,0.6990650804640909,234,462,563.9385244648319,437.43,455.1262645152534,296372.66,441258.92999999993,0.9302752293577982,0.04475841277577637,0.04844855322639943,0.0,,,0.005214274075281104,6,,,4,3,7050.39,0,0,SME-00140,2023-06-30
0.31303963740429436,0.8433497294685388,0.006854191155775605,1,0.2018641198740131,-2.3383335862454273,0.03172264403764576,0.14330724089783461,326,493,1278.8166911764706,987.315,1062.9757730210254,875265.6000000001,1037844.17,0.9247706422018349,0.4064811378600573,-0.10038327983969547,0.0,,,0.007961079168509501,1,,,3,2,238.34,0,0,SME-00141,2023-06-30
0.46733367863162223,0.7930718225474582,0.01732599472537553,1,0.20688493370596792,-3.0474418312476614,0.028918519385180527,0.991026711530353,500,963,434.50511111111115,340.97,346.34225044477193,622665.4,785131.1599999999,0.9963302752293578,0.31098732863048717,-0.01289387162044189,0.0,1.0,3.625,0.0035512657075213966,9,,,1,3,986.79,1,0,SME-00142,2023-06-30
0.2889982821104626,0.7174342440448177,0.010941489084562083,1,0.2077686677850785,-4.719129191798174,0.028563551904542756,0.28868237620293075,203,402,717.1846589902568,463.57,944.0544348180094,338241.52,471459.95999999996,0.875,0.2768764058465421,-0.03258737002898984,0.3333333333333333,2.0,3.0,0.0063303180725392295,9,,,2,4,3430.05,0,0,SME-00143,2023-06-30
0.19894751369866653,0.6969248816233757,0.0029739295472603015,2,0.14849728846076182,-4.613491195614911,0.02497917896510858,1.1649521316119131,207,414,567.4968543845534,431.2,499.5802548260668,289706.3,415692.29,0.9100917431192661,0.40122277863338396,-0.004655480852060397,0.3333333333333333,2.0,3.1538461538461537,-0.0019216397992953675,1,,,1,3,169.97,0,0,SME-00144,2023-06-30
0.18521835000244735,0.7414826455381544,0.001410824156444729,1,0.13790364847675435,-3.903244346454703,0.02921693213429751,0.8172442959642958,195,437,554.3717642405063,425.23,528.2512037478923,298352.73,402373.18,0.9007352941176471,0.34433233316230055,-0.020721068899425307,1.0,0.0,3.0,0.0027953951125672793,25,,,3,1,586.4,0,0,SME-00145,2023-06-30
0.20468956725529927,0.6638838878002212,0.0010954391662232053,3,0.1613828265443052,-5.157843446912178,0.0340137931357801,0.3551333350002994,145,261,1828.4475784190715,1429.03,1562.5767798802358,581446.75,875825.97,0.7541284403669725,-0.057765676880836586,-0.021716987242505294,1.0,3.0,3.25,0.0033270181599741257,9,,,1,2,130.79,0,0,SME-00146,2023-06-30
0.20560395775303303,0.6798870931003141,0.013156073574940816,2,0.1549665534590456,-4.691202142465985,0.03040417282986037,1.6257569894079644,164,305,1715.951482352941,1371.99,1312.53016972598,590310.6699999999,868248.0900000001,0.7908256880733945,0.6247947503416689,-0.033521879051658605,0.6666666666666666,2.0,2.9,-0.0036678432687188224,8,,,3,2,3488.0,0,0,SME-00147,2023-06-30
0.286269704711934,0.6581789060376041,-0.003960842807184651,1,0.18197797434161606,-4.6931722812099474,0.030936843925192983,2.2343703190160102,286,466,1269.6442037786774,965.89,1079.086395112436,746866.21,1134746.5,0.9137614678899083,0.3509363925106632,-0.012400955686167406,0.6666666666666666,1.0,2.8,0.002653693056169829,4,,,3,4,975.77,1,2,SME-00148,2023-06-30
0.1509169302348619,0.7293779744479536,-0.002010242665007407,2,0.16096013561450476,-4.324108939550122,0.02777130726741744,0.5653677352555763,204,395,564.9838161106591,438.25,455.44622944067544,292853.63,401511.48,0.8954128440366973,0.030036217029960805,-0.02549499506267907,1.0,1.0,3.3333333333333335,0.002755269823870156,12,,,1,3,1311.94,1,0,SME-00149,2023-06-30
0.2789133478618729,0.676045353629804,0.013902681231380349,1,0.21537386387513296,-4.209615458201008,0.030464106706568447,1.3235988057472423,343,553,1314.5973396226416,1014.4,1132.8025942275929,843101.6499999999,1247108.12,0.9171270718232044,0.2132425444579161,-0.10498790957136125,0.6666666666666666,2.0,2.875,0.0,1,,,4,1,783.1,0,1,SME-00150,2023-06-30
0.41385343970888916,0.6587113842871561,0.014082440956432463,0,0.18075953506881884,-4.72874195251979,0.03252387168720931,3.649080300440918,454,938,427.7999438902743,336.02,362.63019236573996,545003.6699999999,827378.55,0.9963302752293578,0.6624871478597183,0.00044935615056874273,0.3333333333333333,1.0,3.0,0.004453859105969269,11,,,1,4,4629.04,0,0,SME-00151,2023-06-30
0.3112390452380491,0.7020094286800814,0.0032916316595118043,2,0.19927396551154342,-4.652938179711628,0.03569832959300223,1.6037181919787908,149,289,2180.8470879801735,1349.23,2539.229696351889,725904.9100000001,1034038.6900000001,0.7761467889908257,0.4250171075040903,0.0011465340935200496,0.3333333333333333,1.0,2.9,-0.0016887137630171498,2,,,2,3,14617.32,1,0,SME-00152,2023-06-30
0.36609960724793905,0.7567870513987585,0.008748162472728634,0,0.16557210878463738,-3.613079618422406,0.027491050542751864,1.5101770777233847,782,1435,277.4582953077917,216.43,229.758440096052,555304.88,733766.3600000001,1.001834862385321,0.47102864909055464,-0.0041099712074536806,1.0,,,-0.003915990293699261,10,,,1,1,620.38,0,2,SME-00153,2023-06-30
0.18036400638036107,0.7547373531144339,0.0002750905506396135,2,0.14025021519362543,-3.1317434408815092,0.028548292414100673,1.31818225192517,227,435,586.0548402182385,458.82,450.87774328530406,323406.42,428501.94,0.8935779816513761,0.0031592492167847033,-0.01702817778678873,0.6666666666666666,3.0,2.6,0.007144558228149568,2,,,1,1,956.42,1,1,SME-00154,2023-06-30
0.4375462696814776,0.6804980444173517,0.011378072355702842,0,0.2039621255093209,-4.776912971286897,0.02767954735412929,1.3192115756402298,455,899,427.6778685446009,326.81,364.65679465436676,553320.1799999999,813110.6100000001,1.001834862385321,-0.03693560837612516,0.030117580647818346,1.3333333333333333,,,0.0005875573433368882,20,,,2,2,36614.76,1,0,SME-00155,2023-06-30
0.33810464626450487,0.6851700254953541,-0.0023569861692362675,1,0.16361886177991178,-4.322025619461153,0.03103089174745739,3.4788337747860396,321,506,1301.885332914573,1006.8399999999999,1093.6832263231804,842695.02,1229906.43,0.926605504587156,0.41553395426894896,-0.02648466591330945,0.3333333333333333,1.0,2.8333333333333335,-0.0019122199963576712,19,,,1,4,17609.72,0,2,SME-00156,2023-06-30
0.14324665650473795,0.6232334048299112,-0.0016046865405311514,2,0.29086873916466455,-5.841952652847474,0.04648961320503351,1.527312501560988,223,470,716.658210089841,537.79,685.2174152351487,398153.33999999997,638851.0900000001,0.9394495412844037,-0.1924876424817702,-0.07092881710511466,0.6666666666666666,1.0,3.0,0.005325943406438787,9,,,1,2,15541.89,1,0,SME-00157,2023-06-30
0.219267042735352,0.912544456124734,0.005416987953207764,2,0.1679492168143731,-0.5822392634555913,0.03135600861787895,-8.936510843936915,136,271,1803.5211639549439,1460.5,1423.6275984951312,687559.86,753453.55,0.7716390423572744,-0.0026020015675373366,0.15502496789595327,0.3333333333333333,1.0,3.25,-0.00693796859263678,9,,,1,3,1219.66,0,0,SME-00158,2023-06-30
0.44651458528124177,0.6828596960241141,0.00936919504643964,0,0.1775956881858787,-5.064950187680968,0.030006637551796826,1.010429049828582,431,896,430.55076562500005,332.71000000000004,364.2254031699234,559059.35,818703.1000000001,1.001834862385321,0.7916011223842822,-0.00021098203115552873,0.0,,,-0.007518796992481189,4,,,1,1,2417.56,0,0,SME-00159,2023-06-30
0.39604046156308126,0.7156681496841698,0.0023379400593661163,1,0.18680324723040678,-4.018260280885252,0.03137960841995818,1.2425841548925773,765,1371,276.6871327319588,218.565,233.0518357768794,537378.56,750876.73,0.9944954128440368,0.13299864801987535,-0.04475428939092758,0.0,,,-0.005556878621894077,6,,,2,1,60412.13,0,0,SME-00160,2023-06-30
0.1410553214092863,0.7137587032633808,-0.0036481373659073006,1,0.2516345501695969,-3.6764106952052398,0.04874981356023567,11.286769696653257,251,476,703.9938792505204,540.68,597.063217277222,422507.68,591947.5,0.9284403669724771,0.2703877204993466,0.013080125566509183,0.3333333333333333,1.0,3.142857142857143,-0.0008076457127473367,3,,,3,2,3366.47,1,0,SME-00161,2023-06-30
0.33237919335999505,0.6184530286524488,0.020591835265317857,1,0.2316999774911283,-5.946062356268461,0.031768732216362304,2.228050277717536,323,487,1535.7464975334744,1032.57,1682.148365887137,832738.3200000001,1346485.96,0.8954128440366973,0.5583667595521976,0.039918891909129665,1.0,3.0,3.3333333333333335,0.002063983488132146,5,,,1,2,599.8,0,0,SME-00162,2023-06-30
0.31710426696527066,0.8358418226961981,-0.01197215997719587,3,0.22062644528163952,-2.2734608657171367,0.03866252205391754,3.8671114632045667,135,239,2222.1645907928387,1407.79,2662.2153235899236,791173.6499999999,946559.0599999999,0.7669724770642202,0.1906723727603773,-0.014260873449784947,0.0,,,0.0034218673619032343,8,,,2,1,4549.04,1,0,SME-00163,2023-06-30
0.3268807183124243,0.6450562728467352,-0.01912665499269036,2,0.2623477012823777,-5.956482602408782,0.046151595454499275,0.10174784067178214,181,379,865.4090585618976,537.61,1181.6581097572687,457773.06000000006,709663.76,0.9155963302752294,-0.10574832220538857,0.06631858360473035,0.3333333333333333,,,0.0021162362346670983,5,,,2,2,4490.36,0,0,SME-00164,2023-06-30
0.3702065311343302,0.7232296239902543,0.0016029922522041151,0,0.15896443836999233,-4.243806021880666,0.03429081816748319,1.2201702740370468,354,521,1287.2587944162435,1003.355,1070.6941730460367,851442.13,1177277.73,0.9411764705882353,0.47875780026272646,0.007934373649275114,0.3333333333333333,,,-0.0014742739200943415,3,,,1,4,2437.72,0,0,SME-00165,2023-06-30
0.14049296473109185,0.7325237479174439,0.006183085825220361,1,0.2521090165682988,-3.888513262648714,0.05094353857197249,1.0106060622443866,245,486,673.3980744452399,510.58,555.5807344933775,397750.55000000005,542986.56,0.9357798165137615,-0.06328968342076763,0.017146231902377868,0.6666666666666666,4.0,3.3636363636363638,0.0012180886159468152,7,,,1,1,2982.91,0,1,SME-00166,2023-06-30
0.17121475698892552,0.682855094337521,0.0016465486253638426,3,0.1780325519874232,-4.9347953361469585,0.03444431202406668,0.42342895761873617,140,279,1803.1935830212235,1460.56,1369.892939875146,586079.7300000001,858278.33,0.7886029411764706,-0.03735389234984175,-0.03375228509243637,0.0,2.0,3.2857142857142856,-0.00743034055727551,10,,,1,3,460.5,1,2,SME-00167,2023-06-30
0.42338983588175105,0.6930600235783825,0.01162954178984798,0,0.22547862198423596,-5.0355852383555035,0.03146107476439568,0.6085701219576445,462,922,427.1365299091763,331.01,384.65027264749443,558295.5,805551.44,0.9944954128440368,0.33824741948956605,-0.013554296652017492,1.3333333333333333,1.0,3.3636363636363638,-0.004793768101468075,4,,,5,5,48130.69,0,0,SME-00168,2023-06-30
0.25385348067613783,0.6453090009979697,0.009382700448600529,2,0.15109669231825407,-5.62540231957936,0.03243066575574317,0.6951467306607778,134,264,1760.5505357142858,1311.44,1501.9202735252884,541358.31,838913.31,0.7651376146788991,0.4182886582537134,-0.008704921710058919,1.0,1.0,3.0,0.008943928448572442,2,,,1,2,2777.38,0,0,SME-00169,2023-06-30
0.3555840511347437,0.7271719709450276,0.00531642765597229,0,0.16721953391131625,-4.236595441073428,0.030198051510170708,1.0970350754321176,815,1433,272.492402044293,210.89999999999998,245.54286255042706,538745.97,740878.3500000001,1.001834862385321,0.32406998737996545,-0.008638412547571746,0.6666666666666666,0.0,2.888888888888889,-0.002828982872724177,29,,,4,1,12115.65,1,0,SME-00170,2023-06-30
0.14069444312154938,0.7904679108288308,-0.010435444161497864,1,0.2673194860056071,-2.9172385870665574,0.04853007003255527,0.637211057284275,215,449,706.0840000000001,537.98,568.4996356686934,456679.69,577733.37,0.9522058823529411,0.2929239308664729,-0.015374090870596088,0.6666666666666666,1.0,2.6666666666666665,-0.000977676389115171,5,,,1,6,40097.2,0,0,SME-00171,2023-06-30
0.2976846360033887,0.72941470543102,0.00614404369097739,1,0.205252152540132,-4.005480018499127,0.029895057271162716,4.714514521870888,329,512,1263.1683365570598,1013.98,1041.9549120050372,826320.25,1132853.8399999999,0.9486238532110092,0.5607394857378961,-0.01308614205240367,1.0,2.0,3.2,-0.0007054120782223534,16,,,2,2,9487.83,0,0,SME-00172,2023-06-30
0.42567978757974556,0.649911084412077,0.0031038131441784135,0,0.19849506123298105,-4.981426530742957,0.03354063691678,1.9174354222823484,322,500,1273.7586329113924,977.84,1114.6909613872283,792752.52,1219786.12,0.9227941176470589,0.2550219647825872,0.01453572048797242,1.3333333333333333,,,0.005421659976002513,11,,,3,4,4647.35,0,0,SME-00173,2023-06-30
0.12844136056957886,0.7104969582000525,0.00085390123209084,2,0.1631636130151593,-3.8276603279521115,0.026349762304054843,1.3940581366735725,216,434,582.7346043707611,475.53,464.39638225681534,321204.52,452084.3,0.9007352941176471,0.24267855250147438,-0.0339965037412729,0.3333333333333333,2.0,3.25,0.0027818907883519588,37,,,1,2,16423.89,0,0,SME-00174,2023-06-30
0.41873075566975543,0.7505406113725607,0.013544151685027445,0,0.17053616147495362,-3.8971976653246174,0.029863209690530836,1.310364280056749,470,926,416.41211281070747,327.90999999999997,335.15687457665797,560245.4,746455.81,0.9944954128440368,0.38962497475223906,0.002433316486272872,2.0,0.0,2.4285714285714284,0.005307386112339696,11,,,1,2,1751.96,0,1,SME-00175,2023-06-30
0.2593604188882332,0.794845094297944,-0.003640057971293565,1,0.31804482075914586,-2.9503981634148198,0.05429227188193148,0.8237006096045073,254,423,798.8165629860032,545.25,843.9092475552494,454928.93,572349.17,0.8917431192660551,0.12670045234920788,-0.029080750135238847,0.0,4.0,3.3333333333333335,0.0007430340557275623,8,,,1,2,7465.52,0,0,SME-00176,2023-06-30
0.369547958085236,0.6912485531361038,0.0023229758487414106,0,0.19672102277820538,-4.646607103998196,0.028615094334030058,1.9417744229052905,809,1365,273.69807066381156,212.735,233.66066325108136,522414.73,755755.26,1.0,0.2008335668083337,-0.027735697168072906,0.3333333333333333,,,0.0,1,,,3,3,2292.44,0,0,SME-00177,2023-06-30
0.3639736378250112,0.7299379967739675,-0.004883892042526105,0,0.16772452707458257,-3.94693548867353,0.030250092888537645,2.631878346360634,824,1262,330.18051435132037,224.53,366.433483630392,606729.39,831206.75,0.998165137614679,0.26273984644688936,0.05062130259041676,1.3333333333333333,,,0.009079676241513847,11,,,2,1,23137.28,0,1,SME-00178,2023-06-30
0.16630121328761382,0.6924708773946718,-0.008491459414712228,2,0.2524277164453461,-4.38253675917529,0.05192539276049194,1.1993510178592208,226,479,673.4485955435516,535.18,541.4726064194022,408074.84,589302.53,0.9302752293577982,0.6038930203848039,-0.005608074380938046,1.0,,,-0.002572040962133794,4,,,2,1,2201.87,0,1,SME-00179,2023-06-30
0.09344927346450439,0.7423709123084383,0.002196518058239255,2,0.1510152012446071,-3.625832044183531,0.026311516168115435,1.1449702287684111,227,442,580.9157948316366,461.12,463.38368249886133,316070.83,425758.64,0.8990825688073395,0.43734007465171415,-0.02921589430217454,2.0,,,0.007961079168509536,11,,,3,3,2333.13,0,0,SME-00180,2023-06-30
0.37668505350337284,0.6529754193751938,0.006250310035220038,0,0.1796934117237237,-5.274803589221537,0.030638854043407715,1.0327190465418092,457,902,419.62816211121583,323.96,349.64730955275803,527632.7,808043.74,0.9963302752293578,0.22859433069419938,-0.049268354215184634,1.3333333333333333,2.0,2.5,-0.0027076664742614206,15,,,1,5,1388.99,0,0,SME-00181,2023-06-30
0.3760377681455941,0.6723422970028735,0.004746586356852156,0,0.17698664862587246,-4.8756417021391,0.027454172234999265,1.0168978586284956,765,1370,274.38522634627765,213.1,230.9086970503599,514168.05,764741.49,1.001834862385321,-0.25693561430996165,-0.0742656630812253,1.0,5.0,2.5384615384615383,0.0020437978305464645,27,,,1,2,8491.62,0,0,SME-00182,2023-06-30
0.2365671486377588,0.852966666478365,0.0044761087694431346,2,0.19098803450974364,-1.7566932129257025,0.029475441113114804,0.6605631660298266,144,285,1782.3386987951808,1371.415,1624.8122211441068,680977.53,798363.5900000001,0.7944954128440367,0.26026115700176666,0.0006804414416411989,0.6666666666666666,,,0.003400204012240748,29,,,1,6,395.25,1,2,SME-00183,2023-06-30
0.40667532648060484,0.6984602681019738,-0.002158014626543566,2,0.34955369100583755,-4.728032417572096,0.05241738987001056,1.0181199278142194,218,441,908.4765679574792,585.03,1219.1051083605405,492023.47000000003,704440.17,0.9155963302752294,0.3760463349950024,0.008067985124938332,0.6666666666666666,0.0,2.9166666666666665,-0.0036385688295936807,5,,,3,4,1040.96,0,1,SME-00184,2023-06-30
0.2931102290578317,0.7597729782319907,0.022625818993448055,1,0.18040190509962567,-3.020741493790993,0.033428636286912755,1.3804972746829798,314,511,1568.6499563953487,1106.71,1643.509253075481,931905.0700000001,1226557.27,0.9119266055045872,-0.0838741578501939,0.018497953426105353,0.3333333333333333,,,0.007028700527152539,5,,,3,1,3247.14,0,0,SME-00185,2023-06-30
0.19278179672109172,0.7058861414282358,-0.002467105263157884,2,0.16027170896025378,-4.54305880422542,0.02768092645652265,1.0511136341123308,209,414,598.44415625,464.625,500.3002498233733,316970.04000000004,449038.48000000004,0.9339449541284404,0.1557987771213058,-0.03745187831294734,0.6666666666666666,1.0,4.0,-0.0034266133637920926,5,,,2,1,2810.04,0,0,SME-00186,2023-06-30
0.3208742320683882,0.720966019708176,0.013468413072259227,1,0.2351510417175959,-2.809880643550239,0.02731731715487236,7.410706000225034,351,523,1282.6771844018506,999.73,1108.650485639098,813015.45,1127675.13,0.9211009174311927,0.07144370305027428,-0.0294178675715975,1.3333333333333333,1.0,3.0,-0.027543503789900683,1,,,3,5,683.49,0,0,SME-00187,2023-06-30
0.1443372034558118,0.7567379825299396,0.004402718025009086,2,0.16904789090863792,-4.355790505067315,0.02726788681552545,-0.31204635686872073,200,421,586.8353571428572,457.92499999999995,505.93045406137077,311433.64,411547.52,0.9100917431192661,0.6514612251677239,-0.010054645482630582,0.6666666666666666,,,0.0,1,,,1,2,38556.58,0,1,SME-00188,2023-06-30
0.49563827131167043,0.6580877645647049,0.017729063541771905,0,0.1885754453425226,-5.381580655716912,0.028758312189266947,1.2919426977125164,841,1442,354.38304222648753,223.03,439.3479973379561,586242.02,890826.5,1.0,0.4015113094994176,-0.07408670587414315,0.3333333333333333,2.0,3.1,-0.004604270858140818,6,,,3,3,3949.01,0,0,SME-00189,2023-06-30
0.207648424386092,0.6431921151623018,0.005229634596044252,2,0.18457754362472278,-5.580319924003262,0.03222128540487754,0.35934545047509325,130,287,1783.2071337579619,1408.74,1535.22805884579,547928.41,851889.19,0.7779816513761468,0.33530326987543635,0.039304302876757596,1.0,,,1.7200098375803942e-17,2,,,2,3,3005.61,0,0,SME-00190,2023-06-30
0.1652071423691249,0.7690864220404655,-0.0025599229835136465,2,0.192858118660929,-3.5185683054511867,0.02748098331891964,0.28165837897568935,144,280,1842.630011778563,1403.91,1567.568175788288,680098.6699999999,884294.2100000001,0.7853211009174312,0.4583536095505904,-0.01196666308655948,1.0,0.0,3.25,-0.0014815096203156933,10,,,3,2,2183.2,1,0,SME-00191,2023-06-30
0.40412660427775343,0.6414083180619613,0.015047413385725327,1,0.2355617890255685,-5.809009324882296,0.03272631274298943,0.6009431697583425,475,949,427.8124175146469,327.93,366.6044352054279,542148.54,845247.13,0.9944954128440368,0.46126463411992435,-0.05686845313810158,0.6666666666666666,1.0,3.0,0.002476780185758537,3,,,2,4,362.69,0,1,SME-00192,2023-06-30
0.3427486538724881,0.6425015657738852,0.004572325594433507,1,0.23440477420144545,-4.283886584432339,0.03144419289498353,4.295263028245849,316,500,1269.339409792086,1014.97,975.1410484350491,740327.37,1152257.69,0.9137614678899083,0.1042456704216995,0.014712055458228667,0.6666666666666666,1.0,2.8,-0.03783969728242169,1,,,1,4,2340.16,0,1,SME-00193,2023-06-30
0.13344530708326838,0.6795240757621724,-0.00038364516534898283,2,0.28154882573246964,-4.7537290813717545,0.04521044126663849,0.5302984418457065,229,502,695.4772351765489,530.0,647.4682184051075,422359.46,621551.87,0.9394495412844037,0.40318090482024804,-0.06959310049232353,0.0,,,0.002622473137861976,10,,,1,3,4264.37,0,1,SME-00194,2023-06-30
0.20911187112833043,0.741157913782292,0.007700700454903325,1,0.18630139386734748,-3.2563101815018323,0.026005943908053247,1.9350599346301456,217,416,574.4069991823385,428.98,488.36779196611485,299032.76,403467.0,0.8733944954128441,0.08851091355395294,0.025545758446709074,0.3333333333333333,2.0,3.0,0.003023975808193556,10,,,1,2,1710.99,2,0,SME-00195,2023-06-30
0.12204355438631334,0.7359345415912595,-0.0034562733951089748,1,0.28585431346732726,-4.266413710127222,0.0467974241820477,0.45883579006090497,231,474,701.7526271777003,540.69,617.6212406942958,426915.37,580099.65,0.9319852941176471,0.1564975668007208,-0.030064049254909,0.0,1.0,2.888888888888889,0.003370907395675239,15,,,2,1,1790.59,0,1,SME-00196,2023-06-30
0.16181342106491003,0.7121769333695275,0.003386757436327288,1,0.20251382770731302,-3.896716266149264,0.026048156755607437,1.117111713629079,207,424,573.2926756116811,450.66,476.0764304762416,302128.9,424232.92000000004,0.8972477064220183,0.19350750854149673,-0.09104286076538802,0.3333333333333333,0.0,3.3333333333333335,0.0009424736386070011,32,,,3,2,2170.37,0,1,SME-00197,2023-06-30
0.14634371064770627,0.7039488236971521,0.0009883467999104777,1,0.30414174078199546,-4.55466954293948,0.047982025599710904,0.4973194178774437,243,484,676.415204638472,511.71500000000003,573.7272349307545,409667.83999999997,581956.85,0.926605504587156,0.5571778112073026,-0.026439370780078224,1.0,1.0,2.8333333333333335,0.0015363486114667564,14,,,4,2,514.41,0,1,SME-00198,2023-06-30
0.16419155809751615,0.7434263860267457,0.007286659938764703,1,0.1536097272927632,-4.325325020574232,0.027829014506871974,0.24367389567391542,231,439,586.5304262036307,443.9,501.7794773955619,316884.88,426249.17,0.9137614678899083,0.1545408871425311,-0.07968743270039695,1.3333333333333333,,,-0.0030699586336082074,19,,,1,2,64234.05,1,0,SME-00199,2023-06-30
0.28410996479022577,0.7000558507298801,0.004315601838821675,1,0.19348896331655416,-4.331153597515947,0.030795460163224334,1.9051077850559641,333,521,1329.3931565656565,1024.225,1095.9613320418873,867117.8300000001,1238640.93,0.9209558823529411,0.09335675084915306,-0.012804402106608838,0.6666666666666666,,,0.011393188854489176,9,,,3,1,1772.01,0,1,SME-00200,2023-06-30
0.3801664392549068,0.6961234038169081,0.009319303823947807,0,0.16665673905467857,-4.452330435216584,0.030521821753705634,0.8204272142322545,886,1508,278.7163450168919,215.34,236.90980574311436,541754.99,778245.62,1.001834862385321,0.06552535851453448,0.07581516180312767,0.6666666666666666,0.0,3.0,0.0009526077637532786,4,,,2,5,71403.41,0,1,SME-00201,2023-06-30
0.4393807081852247,0.470036106598532,0.0024468191351243334,2,0.23561675882387123,-8.399750065067328,0.03361189892850826,1.606409267909381,128,275,2358.9312365591395,1451.925,3044.2596518897954,561166.11,1193878.73,0.744954128440367,0.6506195260433364,0.023696721067691443,0.6666666666666666,,,-0.004751961984304102,2,,,4,4,583.1,0,0,SME-00202,2023-06-30
0.26908850144380175,0.8085178662599287,0.014079576409325147,1,0.17181320289749497,-2.8681433508058642,0.027362300059551103,0.7917813008766645,218,404,713.8951413427562,466.20500000000004,794.9872446941629,361283.12,446846.18,0.8678899082568807,0.11122371397525686,0.008457220333194435,0.6666666666666666,,,-0.0018873859704309022,10,,,1,4,13911.93,0,2,SME-00203,2023-06-30
0.3579767301948582,0.6926080296057449,0.004923911014868354,1,0.17668446126036189,-4.768675446070468,0.028041907113241168,0.9105393280267892,804,1429,271.81127404873877,211.0,225.50390159212458,520305.97000000003,751227.17,1.0,0.1358205643714116,-0.019064062524713994,0.0,,,-0.0017976630380505051,3,,,1,3,51299.77,0,0,SME-00204,2023-06-30
0.45334566088384426,0.7438858215829516,0.008749453037907527,0,0.1956054662926346,-3.7814580618757763,0.032325407086654,1.348198449432084,445,886,427.42148542776556,330.21,362.45997231974604,581796.88,782105.08,0.9926605504587156,0.2751275738786623,-0.07479196650598864,0.6666666666666666,,,0.004056795131845863,5,,,3,4,49507.58,0,1,SME-00205,2023-06-30
0.4151437299146329,0.7083316798281588,0.009229713065256377,0,0.18413167389138013,-4.241513517324723,0.027081668381686488,1.5496628411426483,805,1399,270.8308299113897,211.71,230.112477763653,519591.54,733542.7100000001,1.001834862385321,0.02076596491546199,-0.00014144596248613848,0.6666666666666666,1.0,3.25,0.011119800314953864,15,,,2,3,3110.26,1,1,SME-00206,2023-06-30
0.5713101228719285,0.659759129332872,-0.014126359350934231,3,0.16266391166474595,-5.295218163775328,0.030971534326862032,1.6789988420408155,157,336,767.7724623115579,473.6,1270.7547896243375,364399.02,552321.2999999999,0.8990825688073395,0.8372241258767802,0.05708564431112532,0.3333333333333333,,,0.0006587181345102378,8,,,1,2,419.55,0,0,SME-00207,2023-06-30
0.34446493810045514,0.5983842703961499,0.0053336603010146425,0,0.20049794742991897,-5.504090427172063,0.031128275209757292,1.1428587877385603,341,503,1317.4785742574259,1022.0,1047.6786867735252,747231.49,1248748.5499999998,0.9284403669724771,0.8292900856120408,0.17986666271823049,0.0,1.0,2.6153846153846154,-0.010499394265715419,2,,,4,1,9200.23,0,1,SME-00208,2023-06-30
0.3084142520552504,0.729921157896529,-0.022157742020575032,1,0.2616427362024469,-3.8044323012747228,0.05069392457503543,0.8000078302116486,221,361,836.1369506726458,563.515,928.7994565791796,472044.75,646706.49,0.908256880733945,0.4047254287368345,0.008397224882690015,1.0,,,-0.011145510835913296,2,,,3,1,779.62,0,0,SME-00209,2023-06-30
0.312968062310894,0.7636998332852074,-0.009115470842811483,4,0.24350000966653687,-3.3789231706739797,0.03378035854812088,0.47313385112488393,121,220,2229.0705835543768,1488.665,2556.846282522331,727768.39,952950.8300000001,0.728440366972477,0.5173464165936195,-0.0009870216024728093,1.0,2.0,2.8,0.007054120782223644,9,,,1,3,8392.84,0,0,SME-00210,2023-06-30
0.1915304108219006,0.7459317395631071,-0.0005809608695544008,1,0.18123710985234753,-3.7071863890071657,0.02649810794608769,0.7482382292231872,209,425,561.4793825180433,429.75,484.76698839369806,299138.35,401026.44,0.9064220183486239,0.2547868491242315,0.01687186108479026,0.6666666666666666,0.0,2.8333333333333335,0.0016887137630172023,5,,,1,5,23479.52,0,0,SME-00211,2023-06-30
0.28597284690249697,0.7015586284055152,0.004524273084165855,1,0.19725171235672537,-4.863907174858589,0.02754638454719268,0.5585174656632581,322,511,1296.9018492268042,997.0350000000001,1085.6151164909106,829881.1099999999,1182910.56,0.9357798165137615,0.018425124232400822,-0.005002780020565975,2.3333333333333335,3.0,3.0,0.0015783403144539443,9,,,2,3,1072.33,0,0,SME-00212,2023-06-30
0.3350095237868031,0.7320349958638531,0.003382978853328938,1,0.2093061283958585,-4.663984120820107,0.02967325452353897,0.004126983612963413,309,489,1276.943267587114,999.07,1061.9214583073422,820873.05,1121357.6600000001,0.9119266055045872,0.3533169048451069,-0.036276298973196675,0.0,,,-0.010614772224679303,1,,,3,3,2190.19,1,0,SME-00213,2023-06-30
0.18823101505408732,0.7883170436394601,0.002218661407617402,2,0.20399483602841353,-3.365877719364832,0.031974421841893065,0.15145781529865762,133,278,1903.6955737704918,1476.6399999999999,1676.1531908590007,716657.7000000001,909098.3200000001,0.8073394495412844,0.20686212093516476,-0.006285727960866494,1.0,0.0,3.0,0.0,1,,,1,1,977.9,0,1,SME-00214,2023-06-30
0.1734894765971467,0.7588569672469567,-0.007336680802351883,1,0.1783135258574357,-3.7815433060148553,0.02733720576887924,0.5186288982200521,215,435,581.2444232238349,439.21,514.2139131129246,328267.47,432581.48,0.9155963302752294,0.33689628177172315,0.019753795062676726,0.3333333333333333,0.0,2.888888888888889,-0.0033570815770822965,9,,,3,1,2638.39,0,0,SME-00215,2023-06-30
0.3741767123343778,0.6794706903278186,0.006489206551842656,0,0.1611713920202193,-4.556314383553743,0.028706565692721907,1.5475444859605636,797,1393,270.8474067723961,207.975,223.86933072455795,511290.49,752483.51,1.0,0.3999492620591106,-0.03234611846049673,1.3333333333333333,3.0,2.6666666666666665,-0.007567939456484338,2,,,4,2,44303.58,0,1,SME-00216,2023-06-30
0.11813083901589153,0.7190882003767999,0.002609403325051556,1,0.2656309596861964,-4.486942847263037,0.04833215566852,0.19819243130272912,244,492,695.8612726008345,533.675,568.6336492658198,418567.55000000005,582080.96,0.9247706422018349,0.4689644422698153,-0.007624401771273637,1.0,0.0,3.25,-0.0006879944960440205,5,,,1,3,2313.69,1,0,SME-00217,2023-06-30
0.2021492946117699,0.717341806787194,0.004327707313825398,3,0.1816052247590553,-2.636677092681051,0.032666427330458096,2.194220165896913,144,283,1866.123560334528,1445.14,1629.158127205197,652432.0,909513.4199999999,0.7944954128440367,0.0427523937299912,-0.03813928383638442,1.0,0.0,3.090909090909091,-0.005992210126835103,3,,,2,3,1565.86,0,0,SME-00218,2023-06-30
0.38520507731028003,0.7208680638118993,0.024338156315157643,2,0.16978162933691465,-4.254409877823685,0.03505583318195319,1.8519348232472725,141,294,2413.760394557823,1543.74,3005.578981749311,743172.63,1030941.26,0.7192660550458716,0.026069321913367385,0.040755451213509306,0.3333333333333333,2.0,2.8333333333333335,-0.000576889794819525,32,,,1,4,205.21,1,0,SME-00219,2023-06-30
0.3638088922394389,0.7083948911461322,0.009021541594397655,1,0.20768551614052735,-4.538695211557487,0.029485738590017126,0.7043572947177659,442,906,421.95423836838756,330.915,359.12133937433526,549041.85,775050.55,0.9944954128440368,0.15379071165499075,0.08567031076255209,0.0,2.0,3.142857142857143,0.005016835777722567,7,,,1,4,1842.38,0,0,SME-00220,2023-06-30
0.1996662189409139,0.6505390520519282,0.013405873335537593,2,0.14867585873849862,-5.411532435412653,0.025732681475565705,2.4513063365946097,240,455,699.2407605177995,447.5,825.7767065382272,340637.75,523623.82999999996,0.8823529411764706,0.5663066084668014,0.00041363443532098365,0.0,1.0,2.888888888888889,-0.001092697140775775,6,,,1,4,624.23,0,1,SME-00221,2023-06-30
0.15683049521077497,0.6661304113528428,-0.001411008289067542,1,0.16966627464664474,-3.978967268379354,0.024963076111158576,1.889129261477998,208,419,572.3122474549726,447.44,511.42956209913257,292195.96,438646.78,0.9192660550458716,-0.09253696777093315,-0.018787100366717876,0.0,2.0,2.6666666666666665,-0.005374738727978479,11,,,2,3,2776.32,0,0,SME-00222,2023-06-30
0.23342579671392205,0.7659319097645703,-0.015623698971288416,2,0.17682286582206055,-3.5990148600692518,0.030859610493567415,2.8523546069677312,119,242,1889.27195599022,1482.26,1588.6230776406878,670291.93,875132.53,0.7651376146788991,0.16931524263465886,0.024478092670056805,0.0,2.0,3.0,-0.0010364208931821714,14,,,2,2,849.09,0,1,SME-00223,2023-06-30
0.1284833937242986,0.711598953999067,-0.0031135232699514926,1,0.18975451114178263,-3.872591616489723,0.02684140584280835,1.6038074128301072,200,413,568.5671174089068,454.94,451.6852034329594,291932.19,410248.19999999995,0.9009174311926605,0.7599103640461188,-0.027903417544512345,0.6666666666666666,,,0.00619195046439627,6,,,2,3,44.99,0,1,SME-00224,2023-06-30
0.1856549820442533,0.7101804654775444,0.0018598258934073336,2,0.1969022380257974,-4.644127027102005,0.030313167574760207,0.19177727887027657,138,276,1859.1765862484924,1464.99,1602.1538406178631,640032.39,901225.0,0.8073394495412844,0.6569753403821792,0.007967634081759309,1.0,,,0.011019572860366297,4,,,4,6,2762.19,0,1,SME-00225,2023-06-30
0.15166371059055977,0.6878071521719937,-0.0010738807078473117,2,0.20628650670801796,-4.575990478945675,0.031766523690445844,0.6828716158468129,133,261,1847.4214760147604,1437.62,1595.6255676233184,612069.02,889884.64,0.7743119266055046,0.5004356468015848,0.05933072124542781,0.6666666666666666,0.0,3.4,-0.0020639834881320614,5,,,3,3,1746.21,0,0,SME-00226,2023-06-30
0.17062931555788882,0.7485459080894286,-0.007573124041985792,2,0.14886548655600287,-3.48699972530028,0.028577174203686377,1.2437714931614279,198,444,593.6948605877919,441.38,591.6904069230446,337268.37,450564.71,0.9027522935779817,0.6774540713698273,0.024853097022182094,0.6666666666666666,,,0.0006879944960440344,1,,,2,4,224.85,0,2,SME-00227,2023-06-30
0.4842932686730041,0.6730637502903268,0.008957478530768958,0,0.20974145108811967,-5.003823566163313,0.029671542985513312,1.413430552570271,414,874,421.5843011435832,324.185,343.68278495090766,533903.62,793243.76,0.9963302752293578,0.34817073634512685,-0.043144284441417824,1.6666666666666667,,,0.003590290605406255,7,,,1,5,2395.59,0,1,SME-00228,2023-06-30
0.17388020301343168,0.662397751828932,-0.0024653136108244416,1,0.16357626156201727,-4.643306145393913,0.026138955573299063,35.91530210783119,203,410,568.3498302469137,443.88,470.86421146568244,293497.66000000003,443083.72,0.9119266055045872,0.38155140159970663,0.028880514994291437,0.0,1.0,3.0,0.002335885504532751,17,,,1,1,41403.37,0,0,SME-00229,2023-06-30
0.3525160727307361,0.7029006715086984,0.010266237766066697,0,0.16660104632355016,-4.290220663321363,0.029457816896963883,1.228344164340545,821,1403,276.096755526658,216.24,236.64725871147047,525827.79,748082.64,1.001834862385321,0.35007334852005295,-0.011871767965305353,1.6666666666666667,1.0,3.090909090909091,0.0009252339774385306,18,,,2,2,5612.52,1,0,SME-00230,2023-06-30
0.41799732157118075,0.6998972185685928,0.014236128385385778,1,0.1758559337184048,-4.56061013493052,0.03029486861573134,0.7957427031254991,457,951,421.39063658838074,326.95500000000004,373.45490543343976,561442.13,802177.97,0.9963302752293578,-0.013919335193056865,0.04025433721518064,0.6666666666666666,0.0,3.2,-0.002037351443123901,9,,,1,3,11.62,0,0,SME-00231,2023-06-30
0.20025778285059198,0.6642010245001918,-0.0066706299267311345,2,0.18455903973326301,-4.906351406504837,0.026607412507981158,1.0226137988322181,146,265,1942.9964463840397,1500.955,1762.9911368448434,621928.03,936355.12,0.7889908256880734,0.3028406667089124,0.011754414858183229,0.0,3.0,3.0714285714285716,0.00011984420253668572,17,,,1,2,549.72,0,0,SME-00232,2023-06-30
0.1822449541675356,0.7591205409879114,-0.00758731958313348,4,0.1749511709914315,-3.903314354677788,0.030929420463334096,0.1864270031251644,126,254,1880.7327784891165,1397.74,1562.579493783732,633859.89,834992.4099999999,0.7610294117647058,0.3078453329540709,0.014049959360449504,0.3333333333333333,1.0,4.0,0.006065584128388184,5,,,4,3,2122.66,0,0,SME-00233,2023-06-30
0.40060459464741566,0.8036387966820532,0.006797971148145713,1,0.18890217054369224,-2.3347345019291126,0.03193634029710357,1.7072806258032656,327,505,1728.4210851063829,1115.665,1959.6769863576103,1085875.4,1351198.33,0.8972477064220183,0.42122871048469557,0.016894109073767597,1.0,,,0.0018099547511312274,11,,,2,1,206899.71,2,2,SME-00234,2023-06-30
0.4463985202663827,0.6609998407962618,0.011351909184726524,0,0.1732100687124426,-5.199387035430007,0.03051704702685145,1.1349360719669983,444,921,436.817384004884,339.515,365.89319198942184,569476.1900000001,861537.56,0.998165137614679,0.21994056487351463,-0.05117232601177713,1.3333333333333333,,,0.0025844662807915034,14,,,3,2,834.07,0,1,SME-00235,2023-06-30
0.47195810866349314,0.6999972172253331,0.007461280476316085,0,0.20191416346019384,-4.654054696333155,0.02812441895040084,0.7871915855063696,445,868,440.07502882767454,342.03499999999997,363.1679585864029,565728.0700000001,808186.1699999999,1.001834862385321,-0.6754882570283529,-0.023697205363303636,0.0,,,0.01197110423116615,3,,,3,1,895.37,0,1,SME-00236,2023-06-30
0.5410787690256229,0.8443756460492271,0.010450586898901947,1,0.20631526759450752,-1.5503181789359024,0.03922080725001927,2.198731014134582,340,504,1680.5252014388489,1100.475,2024.456189276481,1069414.7,1266515.3299999998,0.8862385321100917,0.44762482745735394,0.03329508852561751,0.6666666666666666,0.0,2.5,-0.006085192697768755,5,,,1,3,29217.8,0,0,SME-00237,2023-06-30
0.3718411155953477,0.6936283457981017,0.010088963074230855,0,0.1560317632008645,-4.682029691599406,0.02817897648885717,1.1378630412606985,824,1426,272.8612118531623,215.37,215.19495102281306,505336.98,728541.4199999999,0.998165137614679,0.496089480829094,0.03337047368664276,1.3333333333333333,,,0.010614772224679355,2,,,2,3,5750.43,1,0,SME-00238,2023-06-30
0.47026490008672095,0.7536156501634045,-0.0020256523662096613,0,0.18107109830191975,-3.5770559509997724,0.028234003683978205,2.7144329689558426,779,1259,340.2182666666667,223.35000000000002,372.059491392847,614076.4099999999,814840.31,1.0,0.056547286819601,0.005454413514521843,0.6666666666666666,2.0,2.5714285714285716,-0.0023424094132173316,17,,,2,1,1836.86,0,1,SME-00239,2023-06-30
0.4235316609277553,0.6593738300482662,0.010064734027582315,1,0.23390336895532302,-5.312094852915009,0.032995283873684285,4.297091068557232,333,517,1651.4158472727272,1031.12,1947.2261252867909,902290.9800000001,1368405.81,0.8844036697247707,0.34732316196943525,-0.04738930409910432,0.3333333333333333,3.0,2.727272727272727,0.012383900928792583,13,,,1,2,271503.15,0,0,SME-00240,2023-06-30
0.3613902428325507,0.705269208071738,0.02632490294156706,1,0.1681065720971671,-4.653857962610786,0.02571705155072112,0.9807003822405174,234,464,734.4609251471826,479.88,831.5817038918234,361170.70999999996,512103.32999999996,0.8715596330275229,0.3723910660549443,0.0015787804975150495,2.0,2.0,2.8,0.0012383900928792685,4,,,3,5,5335.28,0,1,SME-00241,2023-06-30
0.1457433836989258,0.7281698551133337,0.006330576221061878,2,0.18766168522733853,-3.3759050896835983,0.034268497343329735,1.7276845440479958,145,288,1857.6750995024877,1461.79,1496.9410104572114,629320.79,864249.99,0.78125,0.3839473246572498,0.02158614764595039,0.0,1.0,3.1666666666666665,-0.010384924794617337,7,,,4,3,2227.76,1,0,SME-00242,2023-06-30
0.39886207369541454,0.6850149038583457,0.015596324094809802,1,0.19286192734910756,-4.669752811846189,0.03319329860043274,1.3704394015172625,485,964,423.6232172831831,328.89,350.0766582221179,554022.1000000001,808773.79,0.9926605504587156,0.8306307788538324,-0.0541414226277575,0.3333333333333333,,,-0.0013931888544891414,4,,,1,4,1600.4,1,1,SME-00243,2023-06-30
0.43490015618801237,0.697863028859751,0.020952559652250062,0,0.20716181842515052,-4.7642210478051386,0.029852917929652573,0.7949241081312683,468,914,512.8068282828284,343.55,560.0992521379079,626004.98,897031.3,0.9889908256880734,0.16043945436663148,0.0021602872636806983,0.3333333333333333,3.0,2.8,-0.0005804953560371304,3,,,2,2,77.08,0,0,SME-00244,2023-06-30
0.26699670523167573,0.6770253747537759,-0.014272355029370895,2,0.31430192998388934,-4.895977092936945,0.04970804197176549,0.5757338165262194,230,418,845.3110703812317,536.845,1005.4161751810315,465474.87,687529.4299999999,0.9283088235294118,0.07460288386779793,0.0644876009528284,0.3333333333333333,2.0,3.3333333333333335,-0.011145510835913332,1,,,1,1,23167.43,0,1,SME-00245,2023-06-30
0.3415680779142815,0.7474910928888266,0.005139472531862435,1,0.1729731523686831,-3.012791395714234,0.030958097659869035,-6.992344062492227,343,533,1300.8851736972704,988.77,1137.9273933433535,897005.3899999999,1200021.51,0.9376146788990826,0.7160658162929492,0.0,0.0,1.0,3.2857142857142856,0.0,1,,,3,4,3200.37,0,0,SME-00246,2023-06-30
0.10391939983881335,0.7456023423344784,-0.004773753221017176,1,0.2575592201097427,-3.4380620528050714,0.0439650540244787,2.0271014226122155,234,468,695.7690593047034,533.04,559.4934128201648,435970.57,584722.64,0.9394495412844037,0.31191271520375463,0.005316167308386063,0.6666666666666666,,,0.010724202866170908,35,,,1,5,900.36,1,0,SME-00247,2023-06-30
0.15894981378584777,0.7201913034844147,0.004638306377105628,2,0.16200918550214075,-3.609481979681322,0.03251212704971738,1.329395858882317,143,283,1715.9925700365407,1310.38,1380.5407978297974,589833.8400000001,818996.06,0.763302752293578,0.2604773728741158,0.054488918557755166,0.0,,,0.004689049866241837,13,,,2,3,757.81,1,3,SME-00248,2023-06-30
0.2598768516167527,0.7408419645833006,0.009032541343142513,2,0.25615326707062575,-3.734716713463797,0.05191580248865526,1.5114187164134412,240,506,808.6730028943559,521.29,962.5347443036914,475605.88,641980.21,0.9100917431192661,0.4708648259408032,0.013932591633583201,0.6666666666666666,3.0,2.4545454545454546,0.02000476303881878,1,,,4,3,254.06,0,0,SME-00249,2023-06-30
0.14072023540390027,0.7266636623388235,-0.003336071270613467,1,0.2715665573744993,-4.417004811505278,0.04709011650398904,0.5468970001509836,253,491,669.261918367347,527.25,512.3635015589435,414036.99,569778.0299999999,0.944954128440367,0.20187497128602533,0.006120090727809551,0.3333333333333333,2.0,3.0,0.006461165701978775,3,,,2,3,943.04,0,0,SME-00250,2023-06-30
0.3359541763220271,0.7073703799359912,0.006061002871493662,0,0.1849081149497175,-4.198480648286103,0.028484371033327047,1.6453917783088592,799,1407,275.0295101424255,214.485,223.73232791195042,528024.96,746461.79,1.001834862385321,0.12371753117003412,-0.028029490134701674,1.3333333333333333,,,-0.008943928448572442,2,,,4,1,11003.48,0,0,SME-00251,2023-06-30
0.23734529403776722,0.6820906248716118,0.011239565779676296,2,0.1818878057692899,-5.349237773061119,0.03315026414377072,0.03672014046458984,132,281,1820.6454303797468,1375.085,1489.2434412361522,583237.1199999999,855072.77,0.7642725598526704,0.4077936644461492,0.008444276025953575,0.3333333333333333,0.0,3.0,0.007759532860446028,4,,,3,5,4001.37,0,0,SME-00252,2023-06-30
0.4149675480482471,0.745850241114275,0.007078377057194074,0,0.2033053681993529,-3.8094471634496965,0.02880062108867716,1.074289099942479,506,959,568.9381543859648,352.1,689.5155337213695,692714.96,928758.78,0.9963302752293578,0.06693601399002583,0.02872415289261827,1.3333333333333333,0.0,3.5,0.00303526983548838,9,,,3,5,3127.84,0,0,SME-00253,2023-06-30
0.3394641267094597,0.6910314347938508,0.009021138251735691,0,0.19942556492383762,-4.505236452042148,0.028494309549791933,1.232635362366759,459,865,429.88481629926525,331.75,364.6575898735303,525956.74,761118.3999999999,0.9944954128440368,0.535295950408135,0.004319678005570443,0.0,,,0.010747900638868463,17,,,1,2,12101.24,0,0,SME-00254,2023-06-30
0.39052052850487523,0.6738901899181119,0.005187070367843852,0,0.14868767652060877,-4.85199772519114,0.029126289474829054,1.0004062350321867,837,1416,277.44200423728813,216.305,231.1603504163897,527201.19,782325.0700000001,1.001834862385321,0.045245889612951125,0.044376441295480656,0.6666666666666666,1.0,3.2222222222222223,0.015198423867154516,3,,,1,5,1290.04,0,0,SME-00255,2023-06-30
0.33256516432954764,0.6001223654078134,0.005463485703879074,1,0.2602674573413148,-5.662480801968761,0.030189500494757444,1.7479488232920461,301,481,1259.1354256055363,966.93,1076.913549703993,682380.97,1137069.72,0.9211009174311927,-0.0992443146604119,0.030617034489613858,0.3333333333333333,,,0.008076457127473409,3,,,1,3,753.24,1,1,SME-00256,2023-06-30
0.29414910970904473,0.7155675335901095,0.00842858656370291,1,0.18056359347166265,-3.6742181904950812,0.028812408217325645,7.002658994934948,335,530,1282.8914321926488,1017.075,1022.8517058964469,844383.45,1180019.23,0.9247706422018349,0.9504707184649543,-0.06597522982375449,0.3333333333333333,,,0.005445932336155793,29,,,5,3,7123.69,0,1,SME-00257,2023-06-30
0.3598775796973011,0.700559177991951,0.004409337547599278,0,0.1873818910940799,-4.470623687258797,0.029552868795157613,1.6955136300132037,809,1416,268.9289133275262,212.635,214.7581683068535,508735.98,726185.5900000001,1.001834862385321,0.17496211704570544,0.07170401645053796,0.3333333333333333,0.0,3.6666666666666665,-0.0011372970240727655,13,,,3,1,4008.5,0,0,SME-00258,2023-06-30
0.395908589757482,0.6814135386875638,0.0067271712198880744,0,0.16760476064757782,-4.853755904804427,0.027946873878690267,1.1610546477563435,816,1450,275.1793378752395,214.83,234.8648650531251,523808.57,768708.78,1.001834862385321,0.2133140297460767,-0.00942739019694385,1.0,2.0,3.076923076923077,-0.02749226006191949,1,,,2,2,7457.06,2,1,SME-00259,2023-06-30
0.4439607959265818,0.7205387827743588,0.010031431819701751,0,0.19165951287501054,-4.154511916154676,0.03145216407972146,2.204989373545188,470,893,424.31271601016516,330.54999999999995,346.87305896766384,559388.6699999999,776347.76,0.998165137614679,0.5028343189375162,-0.059255400352251464,0.3333333333333333,,,0.0,1,,,3,2,11584.28,0,1,SME-00260,2023-06-30
0.13835127169857706,0.6212234555002665,-0.003818369453044352,1,0.2713591360842058,-5.350129546107032,0.04665569401170313,0.6423830907456451,226,467,665.444486111111,527.49,517.1978848803267,367180.23,591059.8300000001,0.9321100917431193,0.41735816062959313,0.001252024140569823,0.6666666666666666,0.0,2.75,0.007542921474810049,9,,,1,4,3490.23,1,0,SME-00261,2023-06-30
0.3856046289420888,0.6953586457236492,0.0025868072828574376,0,0.18660941568945855,-4.721507282488736,0.02921466493084569,0.8098495314209265,787,1373,274.9709451795841,212.73,222.94707953715937,536948.04,772188.63,1.001834862385321,0.6343168159920208,-0.04819176493848222,1.3333333333333333,1.0,3.6,0.004214688971563866,7,,,2,8,8291.35,0,0,SME-00262,2023-06-30
0.1523938365929127,0.7185635513451617,-0.005139920045688152,1,0.14158995266151955,-4.562864800945747,0.02754336824855424,0.54582094654706,206,392,607.9395064724919,461.69500000000005,518.7141872275062,314179.92000000004,437233.31,0.9027522935779817,0.18156816950250634,-0.010798252909257266,0.6666666666666666,0.0,3.25,0.0049769262223260955,15,,,6,4,64064.71,0,0,SME-00263,2023-06-30
0.38337326411887535,0.716829174654363,0.00337633779893412,0,0.17194756559655058,-3.9408980548786543,0.028080771022818234,1.5203255626288295,812,1409,270.5921789632179,213.32,223.8189285592646,525246.75,732736.29,1.001834862385321,0.20588093917218503,0.0327529862279942,1.3333333333333333,1.0,3.0,0.003557077926355336,3,,,1,3,2498.31,0,1,SME-00264,2023-06-30
0.4795242326391035,0.6998569043086411,0.01163463296359458,0,0.19833240327265264,-4.7719851440125804,0.029655311452173486,0.7794398633018161,463,877,422.1759890287189,322.12,348.0991913168292,538656.61,769666.78,0.9871559633027523,0.9258640938980979,0.06795037057209341,0.3333333333333333,1.0,3.0,0.005976578274330335,8,,,1,1,98232.18,0,0,SME-00265,2023-06-30
0.40540134418518425,0.7280272601050269,0.0104883271802714,1,0.17844621617192946,-3.7514194989308525,0.02931907442586463,1.3231634614227634,461,928,419.5820460915603,332.3,330.5234368971973,567615.51,779662.4400000001,0.9944954128440368,-0.002041532065723062,0.026763657197903915,0.3333333333333333,1.0,3.0,0.0017279861761106054,24,,,2,3,79713.65,0,0,SME-00266,2023-06-30
0.14537240109836513,0.8109495416157843,-0.0011483253588516478,3,0.25284453151222713,-2.58583295799898,0.030423629967865077,1.278215692583236,129,269,1877.2260363636362,1405.24,1505.9898850028014,693518.4199999999,855193.06,0.781651376146789,0.09460144753167232,0.04221775389304109,0.6666666666666666,2.0,2.727272727272727,0.0,1,,,1,2,1663.27,0,0,SME-00267,2023-06-30
0.3567125475584963,0.7841907606021746,0.0020169490118610097,1,0.21156007303640478,-2.687743934718357,0.03266436509204892,20.923063053691838,325,493,1253.9808310991957,1017.29,946.2315063237633,822318.68,1048620.7200000002,0.9211009174311927,-0.04449378194794832,0.018695158009252442,1.0,2.0,3.076923076923077,0.007430340557275591,5,,,1,1,9924.52,0,0,SME-00268,2023-06-30
0.11101714050481465,0.6898047802395296,-0.005912285799808152,2,0.26801944142891543,-5.0603735111708,0.046909025894186246,0.3470551782867586,227,457,691.5192872265349,538.17,569.1162231454155,400003.52,579879.3099999999,0.9319852941176471,0.6010968637892858,-0.06954562088419733,1.0,,,0.0026536930561698404,2,,,2,4,1249.81,1,0,SME-00269,2023-06-30
0.33028790609722225,0.8248372113738253,0.0013134440379022876,3,0.21010175414358687,-2.4552996376050484,0.03250759635331127,0.29834289253180873,121,256,2156.862207792208,1466.74,2298.0857259820214,675615.73,819089.78,0.7169117647058824,0.7409754978157905,-0.014200397204131304,0.6666666666666666,0.0,3.5,0.013213749960103433,6,,,5,2,14840.8,0,0,SME-00270,2023-06-30
0.14039065680278462,0.6534221085877803,0.00030502219036435645,2,0.16016171669042856,-5.878662450439641,0.02480131587677991,0.09467291553662237,211,400,574.7511904761905,444.485,526.4680787728561,276654.19,423392.76,0.8952205882352942,-0.1744059297010569,-0.007766083019730203,0.6666666666666666,1.0,3.5,0.017146939747558942,2,,,3,3,17191.67,2,1,SME-00271,2023-06-30
0.32544234446021486,0.7046406998728402,0.014571656522371816,2,0.1673018255549135,-4.082386584011051,0.02735189081292255,1.299689178762492,198,435,722.2894732576984,493.885,775.8691277088404,368435.37,522869.84,0.8844036697247707,0.2684605575469049,0.001582500090559369,0.3333333333333333,2.0,2.2857142857142856,-0.0047910566941708685,14,,,2,3,449.17,0,0,SME-00272,2023-06-30
0.2090520704525303,0.7136503706915028,-0.00743935796086446,2,0.21112965695008176,-4.544402185825274,0.03366136225826602,1.0307269746285648,117,246,1933.2227427184466,1472.53,1672.3392004288153,663395.29,929580.25,0.7596330275229358,0.02097916804447064,0.011247101236061548,0.6666666666666666,,,-0.001092697140775775,7,,,3,4,1184.01,0,1,SME-00273,2023-06-30
0.32929202648404743,0.7055041199148405,0.030605147229306757,1,0.2076446108007002,-4.69261095833363,0.030788482402527503,0.5342688892147607,337,512,1637.651402349486,1061.915,1921.047170271719,922667.77,1307813.44,0.9027522935779817,0.13904118566093604,0.1013023306968195,0.6666666666666666,0.0,3.5,0.0006879944960440485,3,,,2,5,47102.05,1,1,SME-00274,2023-06-30
0.4582783458328936,0.6703497177293968,0.005340405213889934,1,0.18453470090858928,-4.9829165313657295,0.029066882686624183,0.9885733927184704,433,813,437.0827734119187,332.59000000000003,392.2570286103303,535706.29,799144.5,0.9871559633027523,0.2938326849274837,-0.01299369151388415,0.6666666666666666,0.0,3.25,0.0016887137630171906,15,,,1,6,2447.97,0,2,SME-00275,2023-06-30
0.25970384085293086,0.5780919948466019,0.017098774186470315,2,0.15743576170134518,-7.0689364932155945,0.029741813362173818,0.3504747996594945,222,416,743.70246326707,468.46,924.1934828341113,315207.99,545255.76,0.8715596330275229,0.16695442171533387,-0.011118667205960314,2.0,,,0.009176022977358384,5,,,2,2,2469.15,0,2,SME-00276,2023-06-30
0.13215971001156696,0.7743768211156974,0.0028326394078502983,2,0.16569833278718807,-3.822674454959029,0.02586469202866525,2.2586240935875974,213,440,594.7130114942529,461.09,482.6764645755074,338707.20999999996,437393.27,0.9009174311926605,-0.3711525721076928,0.12046505897107863,0.6666666666666666,,,0.0,1,,,3,1,1029.66,1,2,SME-00277,2023-06-30
0.20226615541145546,0.6824991472466866,-0.008492457995197324,4,0.1780906080803059,-4.844631865570306,0.028306109319086815,0.8574903392131749,131,258,1735.8527985524731,1424.38,1273.4182457635857,583733.5900000001,855288.38,0.7743119266055046,0.1834452233862824,0.014300984249727122,0.3333333333333333,,,0.0,1,,,1,1,1303.7,0,0,SME-00278,2023-06-30
0.3670410291691573,0.8349612456512951,0.020483641536273127,5,0.19614382423624352,-2.794441147534727,0.03087999711567791,-0.0720346777510077,136,258,2208.981445945946,1517.6399999999999,2530.735235972576,743812.05,890834.22,0.708256880733945,0.7601830600436305,-0.024292684328595264,0.3333333333333333,1.0,3.1,-0.0025593395252837864,11,,,2,3,46939.78,0,0,SME-00279,2023-06-30
0.41596511267381553,0.6870079077634574,0.008796023646226381,1,0.21646158015393954,-4.7439206141768135,0.030457808544534677,0.7839221750237548,457,880,422.4768035098715,330.72,353.45011589280625,549002.46,799121.02,0.9963302752293578,-0.09934733421124714,-0.004420376832636405,0.6666666666666666,2.0,2.5,-0.002063983488132068,6,,,1,2,42.86,0,1,SME-00280,2023-06-30
0.18597880889486426,0.7586336391289539,-0.006191950464396231,2,0.16845006986645672,-3.5649963539372314,0.0256253521731973,0.7745021190028973,200,379,569.7664427860697,459.84000000000003,450.30276917776274,296415.49,390722.84,0.8899082568807339,-0.13973855620930267,-0.019898494657396407,0.3333333333333333,2.0,3.3333333333333335,0.0,1,,,1,2,727.84,1,0,SME-00281,2023-06-30
0.10654642644700472,0.6893196112841468,-0.003047600619195035,1,0.2911301357441627,-4.595515057086663,0.047550805902514134,1.4385362771381687,258,504,697.2303645833334,530.435,597.4361087959843,436994.85,633950.99,0.9412844036697248,0.6664599200287626,0.0036945958574665866,0.0,2.0,3.0,0.003349743693853748,7,,,5,1,2298.74,1,0,SME-00282,2023-06-30
0.4381496133726335,0.6982422052927895,0.00856054056403746,1,0.1946134422690999,-4.741957212463509,0.029948778596997884,0.8922764059414293,450,911,426.3453853354134,335.86,347.9234262855191,561818.54,804618.4199999999,0.998165137614679,0.4055513678236919,0.013441431654515312,0.3333333333333333,3.0,2.6666666666666665,-0.010614772224679303,2,,,1,2,1814.48,0,0,SME-00283,2023-06-30
0.3736681067291583,0.7062896100401419,0.00032157383262412277,0,0.1631245980835498,-4.582695494474547,0.029062893794454845,1.9921927902285976,793,1366,270.5369437914084,213.28,222.33961251401146,523973.95,741868.41,1.0,0.09865293172537555,-0.009572060767978643,0.6666666666666666,,,-0.010186757215619669,3,,,2,7,549.03,0,1,SME-00284,2023-06-30
0.15564710440729027,0.7036515417660295,0.0046406386086062425,3,0.31391366260717934,-4.6076760093132485,0.046215545268521445,1.4313083032102036,224,496,692.857179670723,541.9,564.4878352544067,399776.26,568145.2200000001,0.9119266055045872,0.6259849430132971,-0.010534882712967193,0.6666666666666666,,,0.006650613461758987,5,,,1,2,18495.39,0,0,SME-00285,2023-06-30
0.15707424697783426,0.6005557232426276,-0.007002750318452268,2,0.24734246445188052,-6.5998419490807,0.04146953834000511,0.5296737416408177,199,448,680.473121984838,514.32,554.885632792397,370476.69999999995,616889.8,0.926605504587156,0.458710491502439,0.058076665913765695,0.6666666666666666,2.0,3.066666666666667,0.005217935784603637,26,,,1,5,13072.3,0,0,SME-00286,2023-06-30
0.12654582121998564,0.6149229022384617,-0.001452984766013535,2,0.20596705945805718,-5.691748885105619,0.02944392324956439,1.2064766418566784,139,281,1853.47678700361,1412.1,1450.3702674476924,586485.1900000001,953754.02,0.8029465930018416,0.5207742076124094,0.042137482084281905,0.6666666666666666,2.0,2.9,0.00045306954617533056,4,,,2,2,536.69,0,0,SME-00287,2023-06-30
0.36792667753868186,0.7232995633103315,0.008789471698338047,0,0.16628270536848752,-4.029689355345148,0.030069184548705205,1.5567760098602597,827,1472,272.0536690186016,213.33,221.80451452409096,534046.88,738348.13,1.0,0.46763586265250223,-0.0035663314294154245,1.3333333333333333,0.0,3.4444444444444446,0.0027725151333117867,8,,,4,3,1992.32,1,1,SME-00288,2023-06-30
0.3560690445147817,0.6991334486690984,0.005842660951020098,0,0.16834236758364235,-4.466065930074448,0.02653135599179379,1.526160050002733,824,1400,277.07605769230776,218.155,227.27601320670257,533552.85,763163.0999999999,1.001834862385321,0.5443858085370655,-0.0027410067882372045,1.0,1.0,3.090909090909091,0.005575127812770618,46,,,2,3,261.4,0,0,SME-00289,2023-06-30
0.15280666276474691,0.7614025913554185,-0.0018052587973662214,2,0.28720450948332366,-3.3282796051943517,0.04944407886651453,2.4690951639223284,228,453,681.9722887323944,538.49,547.5071111304864,418611.15,549789.5,0.9152854511970534,0.5702543796720679,0.012391593639915066,0.3333333333333333,0.0,3.1818181818181817,-0.005533232329886,4,,,3,5,3292.86,0,0,SME-00290,2023-06-30
0.22128102595664367,0.6513858531006458,0.0027113124470155214,3,0.21822941464198334,-4.823401336887107,0.03262658767161072,1.4806653994623276,126,290,1878.3771652593484,1443.33,1580.2887324766189,614224.44,942950.23,0.7981651376146789,0.4171665081513564,-0.03198345016503488,1.3333333333333333,1.0,3.6,0.0032027329988256713,6,,,3,5,10152.64,0,0,SME-00291,2023-06-30
0.14851945429932734,0.6331420545701024,-0.00015951160446918414,1,0.179076125529622,-5.411707058608994,0.0274209909896498,1.5388355937810114,204,406,586.4240593286495,440.81,515.7933384979119,291231.33999999997,459977.88,0.8917431192660551,0.6966113596176943,0.054503974336879854,0.3333333333333333,,,0.0006191950464396374,6,,,3,3,17063.0,0,1,SME-00292,2023-06-30
0.1629928595518383,0.7714187126907915,0.0053333602694963424,2,0.16210790555235524,-3.0473558791164836,0.02653570855419745,1.3447069141904169,234,418,568.1843148450245,443.325,469.42179192659023,303353.25,393240.72,0.8862385321100917,0.7372117501242402,-0.05183129872699581,1.0,0.0,3.0,0.0,1,,,1,3,810.48,0,0,SME-00293,2023-06-30
0.16411345370627056,0.6544784385541194,0.0008138903960933538,3,0.16383608553472767,-5.554873742367661,0.0334192135608975,0.9643520815565094,124,263,1758.5036211340207,1336.88,1438.5928821139996,539807.88,824790.9299999999,0.7798165137614679,0.18562957606843145,0.011244253210449074,0.3333333333333333,,,-0.003004917137133482,7,,,1,4,931.53,0,0,SME-00294,2023-06-30
0.3798571012746244,0.7398145361543426,0.009865307003703642,1,0.20991701801178242,-4.111608587134136,0.030267927494988092,1.2006340023081878,445,899,426.2697854212685,335.38,348.94516362025865,574416.22,776432.73,0.998165137614679,0.2837155098510855,0.06015537880788885,0.0,,,-0.0008930697785186805,13,,,1,2,512.32,0,1,SME-00295,2023-06-30
0.34758849626078,0.6455559357769968,0.009915726106913828,1,0.186208976979219,-4.801978064677486,0.03307942692497518,3.9840920878120283,343,533,1318.9624699936828,981.86,1185.9725627161772,819095.5800000001,1268822.0099999998,0.9321100917431193,-0.09570016040515317,-0.1571371325551793,0.6666666666666666,1.0,3.0,-0.00013966805558788953,7,,,1,2,3650.03,0,0,SME-00296,2023-06-30
0.19006434880439393,0.7048003243099887,0.0003369259623916093,3,0.18195774056917577,-4.252291806512891,0.03483765911775208,1.9810203637647301,124,277,1742.9615477629986,1357.85,1491.8591539426382,595917.16,845512.04,0.7724770642201835,0.6193294837685087,0.06908297612637151,1.3333333333333333,2.0,3.375,0.005392989114151632,7,,,3,3,8404.95,0,0,SME-00297,2023-06-30
0.3871974638232841,0.6523940108717718,-0.0009856574208630775,0,0.17805716306849415,-5.223924986014725,0.029636070989267974,1.684280620541167,339,482,1638.5407891156462,1064.375,1873.0576132857932,950979.04,1457675.92,0.9009174311926605,0.5294965018035204,-0.006430822063430193,0.3333333333333333,0.0,3.0,0.0087649162884367,30,,,4,6,305.22,0,1,SME-00298,2023-06-30
0.13888136381332386,0.6874675599728763,-0.0026271561256081205,1,0.2828323698771345,-4.6220820770452695,0.05096598832384618,1.6152521889210834,220,448,685.3845,545.71,562.8719714779891,390912.07999999996,568626.22,0.9229357798165138,0.47801543759677945,-0.023839818769637037,0.6666666666666666,1.0,3.7777777777777777,0.010298529010731647,11,,,1,4,878.12,0,0,SME-00299,2023-06-30
0.47965736275706317,0.7419128873490337,0.011915048609523526,0,0.19848035554340085,-3.36864633146356,0.03301563725016373,1.5539956892610023,459,907,424.63723404255325,337.37,350.0738875158854,578031.26,779109.34,0.9944954128440368,0.6183939448232283,-0.029350031391989603,0.6666666666666666,1.0,3.142857142857143,0.011145510835913332,4,,,1,3,254.36,0,0,SME-00300,2023-06-30
