company_id,scrape_date,headcount_estimate
SME-00001,2022-01-01,7
SME-00001,2022-02-01,9
SME-00001,2022-03-01,7
SME-00001,2022-04-01,7
SME-00001,2022-05-01,8
SME-00001,2022-06-01,6
SME-00001,2022-07-01,7
SME-00001,2022-08-01,7
SME-00001,2022-09-01,8
SME-00001,2022-10-01,7
SME-00001,2022-11-01,9
SME-00001,2022-12-01,7
SME-00001,2023-01-01,8
SME-00001,2023-02-01,8
SME-00001,2023-03-01,7
SME-00001,2023-04-01,9
SME-00001,2023-05-01,8
SME-00001,2023-06-01,6
SME-00002,2022-01-01,20
SME-00002,2022-02-01,16
SME-00002,2022-03-01,15
SME-00002,2022-04-01,17
SME-00002,2022-05-01,18
SME-00002,2022-06-01,16
SME-00002,2022-07-01,17
SME-00002,2022-08-01,18
SME-00002,2022-09-01,20
SME-00002,2022-10-01,20
SME-00002,2022-11-01,18
SME-00002,2022-12-01,16
SME-00002,2023-01-01,17
SME-00002,2023-02-01,17
SME-00002,2023-03-01,20
SME-00002,2023-04-01,19
SME-00002,2023-05-01,20
SME-00002,2023-06-01,18
SME-00003,2022-01-01,6
SME-00003,2022-02-01,5
SME-00003,2022-03-01,6
SME-00003,2022-04-01,6
SME-00003,2022-05-01,6
SME-00003,2022-06-01,5
SME-00003,2022-07-01,6
SME-00003,2022-08-01,6
SME-00003,2022-09-01,5
SME-00003,2022-10-01,6
SME-00003,2022-11-01,5
SME-00003,2022-12-01,5
SME-00003,2023-01-01,6
SME-00003,2023-02-01,4
SME-00003,2023-03-01,7
SME-00003,2023-04-01,6
SME-00003,2023-05-01,5
SME-00003,2023-06-01,5
SME-00004,2022-01-01,9
SME-00004,2022-02-01,8
SME-00004,2022-03-01,8
SME-00004,2022-04-01,10
SME-00004,2022-05-01,8
SME-00004,2022-06-01,9
SME-00004,2022-07-01,9
SME-00004,2022-08-01,7
SME-00004,2022-09-01,9
SME-00004,2022-10-01,8
SME-00004,2022-11-01,9
SME-00004,2022-12-01,8
SME-00004,2023-01-01,8
SME-00004,2023-02-01,7
SME-00004,2023-03-01,8
SME-00004,2023-04-01,10
SME-00004,2023-05-01,10
SME-00004,2023-06-01,7
SME-00005,2022-01-01,11
SME-00005,2022-02-01,9
SME-00005,2022-03-01,11
SME-00005,2022-04-01,9
SME-00005,2022-05-01,11
SME-00005,2022-06-01,11
SME-00005,2022-07-01,12
SME-00005,2022-08-01,14
SME-00005,2022-09-01,11
SME-00005,2022-10-01,12
SME-00005,2022-11-01,11
SME-00005,2022-12-01,12
SME-00005,2023-01-01,10
SME-00005,2023-02-01,11
SME-00005,2023-03-01,10
SME-00005,2023-04-01,12
SME-00005,2023-05-01,13
SME-00005,2023-06-01,13
SME-00006,2022-01-01,11
SME-00006,2022-02-01,10
SME-00006,2022-03-01,10
SME-00006,2022-04-01,12
SME-00006,2022-05-01,10
SME-00006,2022-06-01,10
SME-00006,2022-07-01,9
SME-00006,2022-08-01,11
SME-00006,2022-09-01,12
SME-00006,2022-10-01,11
SME-00006,2022-11-01,11
SME-00006,2022-12-01,11
SME-00006,2023-01-01,9
SME-00006,2023-02-01,10
SME-00006,2023-03-01,11
SME-00006,2023-04-01,10
SME-00006,2023-05-01,11
SME-00006,2023-06-01,11
SME-00007,2022-01-01,10
SME-00007,2022-02-01,12
SME-00007,2022-03-01,12
SME-00007,2022-04-01,12
SME-00007,2022-05-01,11
SME-00007,2022-06-01,10
SME-00007,2022-07-01,11
SME-00007,2022-08-01,12
SME-00007,2022-09-01,11
SME-00007,2022-10-01,11
SME-00007,2022-11-01,13
SME-00007,2022-12-01,12
SME-00007,2023-01-01,11
SME-00007,2023-02-01,12
SME-00007,2023-03-01,11
SME-00007,2023-04-01,12
SME-00007,2023-05-01,11
SME-00007,2023-06-01,12
SME-00008,2022-01-01,4
SME-00008,2022-02-01,4
SME-00008,2022-03-01,3
SME-00008,2022-04-01,4
SME-00008,2022-05-01,4
SME-00008,2022-06-01,3
SME-00008,2022-07-01,4
SME-00008,2022-08-01,4
SME-00008,2022-09-01,4
SME-00008,2022-10-01,3
SME-00008,2022-11-01,3
SME-00008,2022-12-01,4
SME-00008,2023-01-01,4
SME-00008,2023-02-01,3
SME-00008,2023-03-01,3
SME-00008,2023-04-01,3
SME-00008,2023-05-01,4
SME-00008,2023-06-01,3
SME-00009,2022-01-01,7
SME-00009,2022-02-01,7
SME-00009,2022-03-01,7
SME-00009,2022-04-01,6
SME-00009,2022-05-01,9
SME-00009,2022-06-01,8
SME-00009,2022-07-01,8
SME-00009,2022-08-01,8
SME-00009,2022-09-01,7
SME-00009,2022-10-01,9
SME-00009,2022-11-01,7
SME-00009,2022-12-01,7
SME-00009,2023-01-01,8
SME-00009,2023-02-01,8
SME-00009,2023-03-01,7
SME-00009,2023-04-01,8
SME-00009,2023-05-01,8
SME-00009,2023-06-01,8
SME-00010,2022-01-01,6
SME-00010,2022-02-01,6
SME-00010,2022-03-01,6
SME-00010,2022-04-01,4
SME-00010,2022-05-01,6
SME-00010,2022-06-01,6
SME-00010,2022-07-01,6
SME-00010,2022-08-01,5
SME-00010,2022-09-01,6
SME-00010,2022-10-01,6
SME-00010,2022-11-01,6
SME-00010,2022-12-01,6
SME-00010,2023-01-01,6
SME-00010,2023-02-01,6
SME-00010,2023-03-01,5
SME-00010,2023-04-01,6
SME-00010,2023-05-01,5
SME-00010,2023-06-01,6
SME-00011,2022-01-01,5
SME-00011,2022-02-01,4
SME-00011,2022-03-01,4
SME-00011,2022-04-01,4
SME-00011,2022-05-01,5
SME-00011,2022-06-01,5
SME-00011,2022-07-01,5
SME-00011,2022-08-01,5
SME-00011,2022-09-01,4
SME-00011,2022-10-01,4
SME-00011,2022-11-01,4
SME-00011,2022-12-01,5
SME-00011,2023-01-01,5
SME-00011,2023-02-01,5
SME-00011,2023-03-01,5
SME-00011,2023-04-01,4
SME-00011,2023-05-01,5
SME-00011,2023-06-01,5
SME-00012,2022-01-01,4
SME-00012,2022-02-01,5
SME-00012,2022-03-01,4
SME-00012,2022-04-01,4
SME-00012,2022-05-01,4
SME-00012,2022-06-01,5
SME-00012,2022-07-01,5
SME-00012,2022-08-01,5
SME-00012,2022-09-01,5
SME-00012,2022-10-01,5
SME-00012,2022-11-01,5
SME-00012,2022-12-01,4
SME-00012,2023-01-01,5
SME-00012,2023-02-01,5
SME-00012,2023-03-01,4
SME-00012,2023-04-01,6
SME-00012,2023-05-01,5
SME-00012,2023-06-01,4
SME-00013,2022-01-01,11
SME-00013,2022-02-01,10
SME-00013,2022-03-01,12
SME-00013,2022-04-01,12
SME-00013,2022-05-01,14
SME-00013,2022-06-01,12
SME-00013,2022-07-01,11
SME-00013,2022-08-01,10
SME-00013,2022-09-01,11
SME-00013,2022-10-01,13
SME-00013,2022-11-01,13
SME-00013,2022-12-01,11
SME-00013,2023-01-01,9
SME-00013,2023-02-01,12
SME-00013,2023-03-01,10
SME-00013,2023-04-01,12
SME-00013,2023-05-01,11
SME-00013,2023-06-01,12
SME-00014,2022-01-01,3
SME-00014,2022-02-01,2
SME-00014,2022-03-01,2
SME-00014,2022-04-01,2
SME-00014,2022-05-01,3
SME-00014,2022-06-01,3
SME-00014,2022-07-01,3
SME-00014,2022-08-01,2
SME-00014,2022-09-01,3
SME-00014,2022-10-01,2
SME-00014,2022-11-01,3
SME-00014,2022-12-01,2
SME-00014,2023-01-01,2
SME-00014,2023-02-01,2
SME-00014,2023-03-01,3
SME-00014,2023-04-01,3
SME-00014,2023-05-01,3
SME-00014,2023-06-01,2
SME-00015,2022-01-01,3
SME-00015,2022-02-01,3
SME-00015,2022-03-01,2
SME-00015,2022-04-01,2
SME-00015,2022-05-01,2
SME-00015,2022-06-01,3
SME-00015,2022-07-01,2
SME-00015,2022-08-01,2
SME-00015,2022-09-01,3
SME-00015,2022-10-01,3
SME-00015,2022-11-01,2
SME-00015,2022-12-01,3
SME-00015,2023-01-01,3
SME-00015,2023-02-01,3
SME-00015,2023-03-01,2
SME-00015,2023-04-01,2
SME-00015,2023-05-01,2
SME-00015,2023-06-01,2
SME-00016,2022-01-01,8
SME-00016,2022-02-01,7
SME-00016,2022-03-01,7
SME-00016,2022-04-01,8
SME-00016,2022-05-01,8
SME-00016,2022-06-01,7
SME-00016,2022-07-01,8
SME-00016,2022-08-01,9
SME-00016,2022-09-01,7
SME-00016,2022-10-01,8
SME-00016,2022-11-01,7
SME-00016,2022-12-01,8
SME-00016,2023-01-01,6
SME-00016,2023-02-01,7
SME-00016,2023-03-01,7
SME-00016,2023-04-01,7
SME-00016,2023-05-01,6
SME-00016,2023-06-01,7
SME-00017,2022-01-01,27
SME-00017,2022-02-01,24
SME-00017,2022-03-01,25
SME-00017,2022-04-01,29
SME-00017,2022-05-01,30
SME-00017,2022-06-01,29
SME-00017,2022-07-01,25
SME-00017,2022-08-01,23
SME-00017,2022-09-01,29
SME-00017,2022-10-01,23
SME-00017,2022-11-01,27
SME-00017,2022-12-01,27
SME-00017,2023-01-01,26
SME-00017,2023-02-01,24
SME-00017,2023-03-01,24
SME-00017,2023-04-01,25
SME-00017,2023-05-01,24
SME-00017,2023-06-01,22
SME-00018,2022-01-01,12
SME-00018,2022-02-01,10
SME-00018,2022-03-01,8
SME-00018,2022-04-01,7
SME-00018,2022-05-01,9
SME-00018,2022-06-01,9
SME-00018,2022-07-01,11
SME-00018,2022-08-01,9
SME-00018,2022-09-01,7
SME-00018,2022-10-01,9
SME-00018,2022-11-01,8
SME-00018,2022-12-01,8
SME-00018,2023-01-01,9
SME-00018,2023-02-01,8
SME-00018,2023-03-01,9
SME-00018,2023-04-01,9
SME-00018,2023-05-01,8
SME-00018,2023-06-01,8
SME-00019,2022-01-01,12
SME-00019,2022-02-01,10
SME-00019,2022-03-01,12
SME-00019,2022-04-01,12
SME-00019,2022-05-01,12
SME-00019,2022-06-01,11
SME-00019,2022-07-01,9
SME-00019,2022-08-01,11
SME-00019,2022-09-01,11
SME-00019,2022-10-01,13
SME-00019,2022-11-01,11
SME-00019,2022-12-01,12
SME-00019,2023-01-01,11
SME-00019,2023-02-01,10
SME-00019,2023-03-01,12
SME-00019,2023-04-01,11
SME-00019,2023-05-01,11
SME-00019,2023-06-01,13
SME-00020,2022-01-01,77
SME-00020,2022-02-01,87
SME-00020,2022-03-01,73
SME-00020,2022-04-01,72
SME-00020,2022-05-01,82
SME-00020,2022-06-01,79
SME-00020,2022-07-01,78
SME-00020,2022-08-01,79
SME-00020,2022-09-01,83
SME-00020,2022-10-01,77
SME-00020,2022-11-01,80
SME-00020,2022-12-01,70
SME-00020,2023-01-01,61
SME-00020,2023-02-01,71
SME-00020,2023-03-01,76
SME-00020,2023-04-01,62
SME-00020,2023-05-01,83
SME-00020,2023-06-01,74
SME-00021,2022-01-01,3
SME-00021,2022-02-01,3
SME-00021,2022-03-01,4
SME-00021,2022-04-01,4
SME-00021,2022-05-01,4
SME-00021,2022-06-01,4
SME-00021,2022-07-01,4
SME-00021,2022-08-01,3
SME-00021,2022-09-01,3
SME-00021,2022-10-01,4
SME-00021,2022-11-01,3
SME-00021,2022-12-01,4
SME-00021,2023-01-01,3
SME-00021,2023-02-01,3
SME-00021,2023-03-01,3
SME-00021,2023-04-01,4
SME-00021,2023-05-01,4
SME-00021,2023-06-01,3
SME-00022,2022-01-01,4
SME-00022,2022-02-01,4
SME-00022,2022-03-01,4
SME-00022,2022-04-01,4
SME-00022,2022-05-01,4
SME-00022,2022-06-01,4
SME-00022,2022-07-01,4
SME-00022,2022-08-01,5
SME-00022,2022-09-01,5
SME-00022,2022-10-01,5
SME-00022,2022-11-01,5
SME-00022,2022-12-01,5
SME-00022,2023-01-01,5
SME-00022,2023-02-01,5
SME-00022,2023-03-01,6
SME-00022,2023-04-01,5
SME-00022,2023-05-01,4
SME-00022,2023-06-01,3
SME-00023,2022-01-01,2
SME-00023,2022-02-01,2
SME-00023,2022-03-01,1
SME-00023,2022-04-01,1
SME-00023,2022-05-01,2
SME-00023,2022-06-01,1
SME-00023,2022-07-01,2
SME-00023,2022-08-01,2
SME-00023,2022-09-01,2
SME-00023,2022-10-01,2
SME-00023,2022-11-01,1
SME-00023,2022-12-01,2
SME-00023,2023-01-01,2
SME-00023,2023-02-01,2
SME-00023,2023-03-01,1
SME-00023,2023-04-01,1
SME-00023,2023-05-01,2
SME-00023,2023-06-01,1
SME-00024,2022-01-01,11
SME-00024,2022-02-01,15
SME-00024,2022-03-01,17
SME-00024,2022-04-01,17
SME-00024,2022-05-01,15
SME-00024,2022-06-01,16
SME-00024,2022-07-01,12
SME-00024,2022-08-01,16
SME-00024,2022-09-01,13
SME-00024,2022-10-01,15
SME-00024,2022-11-01,13
SME-00024,2022-12-01,15
SME-00024,2023-01-01,14
SME-00024,2023-02-01,14
SME-00024,2023-03-01,13
SME-00024,2023-04-01,16
SME-00024,2023-05-01,15
SME-00024,2023-06-01,11
SME-00025,2022-01-01,2
SME-00025,2022-02-01,2
SME-00025,2022-03-01,2
SME-00025,2022-04-01,1
SME-00025,2022-05-01,1
SME-00025,2022-06-01,2
SME-00025,2022-07-01,1
SME-00025,2022-08-01,2
SME-00025,2022-09-01,1
SME-00025,2022-10-01,1
SME-00025,2022-11-01,1
SME-00025,2022-12-01,2
SME-00025,2023-01-01,1
SME-00025,2023-02-01,2
SME-00025,2023-03-01,1
SME-00025,2023-04-01,1
SME-00025,2023-05-01,1
SME-00025,2023-06-01,2
SME-00026,2022-01-01,22
SME-00026,2022-02-01,21
SME-00026,2022-03-01,22
SME-00026,2022-04-01,20
SME-00026,2022-05-01,18
SME-00026,2022-06-01,21
SME-00026,2022-07-01,18
SME-00026,2022-08-01,20
SME-00026,2022-09-01,21
SME-00026,2022-10-01,25
SME-00026,2022-11-01,21
SME-00026,2022-12-01,23
SME-00026,2023-01-01,19
SME-00026,2023-02-01,19
SME-00026,2023-03-01,21
SME-00026,2023-04-01,21
SME-00026,2023-05-01,20
SME-00026,2023-06-01,22
SME-00027,2022-01-01,2
SME-00027,2022-02-01,2
SME-00027,2022-03-01,2
SME-00027,2022-04-01,2
SME-00027,2022-05-01,1
SME-00027,2022-06-01,2
SME-00027,2022-07-01,2
SME-00027,2022-08-01,2
SME-00027,2022-09-01,1
SME-00027,2022-10-01,2
SME-00027,2022-11-01,1
SME-00027,2022-12-01,2
SME-00027,2023-01-01,1
SME-00027,2023-02-01,1
SME-00027,2023-03-01,2
SME-00027,2023-04-01,1
SME-00027,2023-05-01,2
SME-00027,2023-06-01,1
SME-00028,2022-01-01,3
SME-00028,2022-02-01,2
SME-00028,2022-03-01,3
SME-00028,2022-04-01,3
SME-00028,2022-05-01,3
SME-00028,2022-06-01,3
SME-00028,2022-07-01,3
SME-00028,2022-08-01,3
SME-00028,2022-09-01,2
SME-00028,2022-10-01,3
SME-00028,2022-11-01,3
SME-00028,2022-12-01,3
SME-00028,2023-01-01,2
SME-00028,2023-02-01,3
SME-00028,2023-03-01,2
SME-00028,2023-04-01,3
SME-00028,2023-05-01,2
SME-00028,2023-06-01,3
SME-00029,2022-01-01,22
SME-00029,2022-02-01,23
SME-00029,2022-03-01,22
SME-00029,2022-04-01,26
SME-00029,2022-05-01,20
SME-00029,2022-06-01,19
SME-00029,2022-07-01,20
SME-00029,2022-08-01,22
SME-00029,2022-09-01,18
SME-00029,2022-10-01,23
SME-00029,2022-11-01,22
SME-00029,2022-12-01,22
SME-00029,2023-01-01,18
SME-00029,2023-02-01,21
SME-00029,2023-03-01,23
SME-00029,2023-04-01,25
SME-00029,2023-05-01,22
SME-00029,2023-06-01,19
SME-00030,2022-01-01,2
SME-00030,2022-02-01,2
SME-00030,2022-03-01,3
SME-00030,2022-04-01,2
SME-00030,2022-05-01,3
SME-00030,2022-06-01,2
SME-00030,2022-07-01,3
SME-00030,2022-08-01,3
SME-00030,2022-09-01,2
SME-00030,2022-10-01,3
SME-00030,2022-11-01,3
SME-00030,2022-12-01,2
SME-00030,2023-01-01,2
SME-00030,2023-02-01,2
SME-00030,2023-03-01,2
SME-00030,2023-04-01,3
SME-00030,2023-05-01,3
SME-00030,2023-06-01,3
SME-00031,2022-01-01,5
SME-00031,2022-02-01,5
SME-00031,2022-03-01,4
SME-00031,2022-04-01,5
SME-00031,2022-05-01,3
SME-00031,2022-06-01,4
SME-00031,2022-07-01,4
SME-00031,2022-08-01,4
SME-00031,2022-09-01,5
SME-00031,2022-10-01,5
SME-00031,2022-11-01,4
SME-00031,2022-12-01,5
SME-00031,2023-01-01,4
SME-00031,2023-02-01,4
SME-00031,2023-03-01,4
SME-00031,2023-04-01,4
SME-00031,2023-05-01,4
SME-00031,2023-06-01,5
SME-00032,2022-01-01,6
SME-00032,2022-02-01,6
SME-00032,2022-03-01,6
SME-00032,2022-04-01,6
SME-00032,2022-05-01,5
SME-00032,2022-06-01,5
SME-00032,2022-07-01,5
SME-00032,2022-08-01,5
SME-00032,2022-09-01,5
SME-00032,2022-10-01,6
SME-00032,2022-11-01,7
SME-00032,2022-12-01,5
SME-00032,2023-01-01,6
SME-00032,2023-02-01,5
SME-00032,2023-03-01,6
SME-00032,2023-04-01,5
SME-00032,2023-05-01,5
SME-00032,2023-06-01,6
SME-00033,2022-01-01,28
SME-00033,2022-02-01,30
SME-00033,2022-03-01,31
SME-00033,2022-04-01,33
SME-00033,2022-05-01,32
SME-00033,2022-06-01,24
SME-00033,2022-07-01,39
SME-00033,2022-08-01,36
SME-00033,2022-09-01,28
SME-00033,2022-10-01,25
SME-00033,2022-11-01,31
SME-00033,2022-12-01,31
SME-00033,2023-01-01,30
SME-00033,2023-02-01,41
SME-00033,2023-03-01,33
SME-00033,2023-04-01,40
SME-00033,2023-05-01,30
SME-00033,2023-06-01,31
SME-00034,2022-01-01,4
SME-00034,2022-02-01,4
SME-00034,2022-03-01,3
SME-00034,2022-04-01,3
SME-00034,2022-05-01,3
SME-00034,2022-06-01,4
SME-00034,2022-07-01,3
SME-00034,2022-08-01,4
SME-00034,2022-09-01,3
SME-00034,2022-10-01,4
SME-00034,2022-11-01,4
SME-00034,2022-12-01,3
SME-00034,2023-01-01,4
SME-00034,2023-02-01,4
SME-00034,2023-03-01,4
SME-00034,2023-04-01,3
SME-00034,2023-05-01,4
SME-00034,2023-06-01,4
SME-00035,2022-01-01,3
SME-00035,2022-02-01,3
SME-00035,2022-03-01,4
SME-00035,2022-04-01,4
SME-00035,2022-05-01,4
SME-00035,2022-06-01,3
SME-00035,2022-07-01,4
SME-00035,2022-08-01,4
SME-00035,2022-09-01,4
SME-00035,2022-10-01,4
SME-00035,2022-11-01,3
SME-00035,2022-12-01,3
SME-00035,2023-01-01,4
SME-00035,2023-02-01,3
SME-00035,2023-03-01,3
SME-00035,2023-04-01,3
SME-00035,2023-05-01,3
SME-00035,2023-06-01,3
SME-00036,2022-01-01,2
SME-00036,2022-02-01,1
SME-00036,2022-03-01,2
SME-00036,2022-04-01,1
SME-00036,2022-05-01,2
SME-00036,2022-06-01,2
SME-00036,2022-07-01,2
SME-00036,2022-08-01,1
SME-00036,2022-09-01,2
SME-00036,2022-10-01,2
SME-00036,2022-11-01,2
SME-00036,2022-12-01,1
SME-00036,2023-01-01,1
SME-00036,2023-02-01,1
SME-00036,2023-03-01,2
SME-00036,2023-04-01,2
SME-00036,2023-05-01,2
SME-00036,2023-06-01,2
SME-00037,2022-01-01,23
SME-00037,2022-02-01,31
SME-00037,2022-03-01,29
SME-00037,2022-04-01,30
SME-00037,2022-05-01,28
SME-00037,2022-06-01,28
SME-00037,2022-07-01,32
SME-00037,2022-08-01,30
SME-00037,2022-09-01,30
SME-00037,2022-10-01,28
SME-00037,2022-11-01,28
SME-00037,2022-12-01,22
SME-00037,2023-01-01,28
SME-00037,2023-02-01,27
SME-00037,2023-03-01,27
SME-00037,2023-04-01,28
SME-00037,2023-05-01,31
SME-00037,2023-06-01,32
SME-00038,2022-01-01,1
SME-00038,2022-02-01,2
SME-00038,2022-03-01,2
SME-00038,2022-04-01,1
SME-00038,2022-05-01,2
SME-00038,2022-06-01,2
SME-00038,2022-07-01,2
SME-00038,2022-08-01,2
SME-00038,2022-09-01,2
SME-00038,2022-10-01,2
SME-00038,2022-11-01,2
SME-00038,2022-12-01,2
SME-00038,2023-01-01,2
SME-00038,2023-02-01,2
SME-00038,2023-03-01,1
SME-00038,2023-04-01,2
SME-00038,2023-05-01,1
SME-00038,2023-06-01,2
SME-00039,2022-01-01,8
SME-00039,2022-02-01,10
SME-00039,2022-03-01,8
SME-00039,2022-04-01,8
SME-00039,2022-05-01,6
SME-00039,2022-06-01,7
SME-00039,2022-07-01,8
SME-00039,2022-08-01,6
SME-00039,2022-09-01,8
SME-00039,2022-10-01,8
SME-00039,2022-11-01,6
SME-00039,2022-12-01,7
SME-00039,2023-01-01,8
SME-00039,2023-02-01,8
SME-00039,2023-03-01,8
SME-00039,2023-04-01,5
SME-00039,2023-05-01,10
SME-00039,2023-06-01,6
SME-00040,2022-01-01,60
SME-00040,2022-02-01,74
SME-00040,2022-03-01,64
SME-00040,2022-04-01,69
SME-00040,2022-05-01,65
SME-00040,2022-06-01,58
SME-00040,2022-07-01,73
SME-00040,2022-08-01,62
SME-00040,2022-09-01,82
SME-00040,2022-10-01,68
SME-00040,2022-11-01,69
SME-00040,2022-12-01,61
SME-00040,2023-01-01,62
SME-00040,2023-02-01,68
SME-00040,2023-03-01,67
SME-00040,2023-04-01,82
SME-00040,2023-05-01,73
SME-00040,2023-06-01,55
SME-00041,2022-01-01,3
SME-00041,2022-02-01,2
SME-00041,2022-03-01,3
SME-00041,2022-04-01,2
SME-00041,2022-05-01,2
SME-00041,2022-06-01,2
SME-00041,2022-07-01,3
SME-00041,2022-08-01,3
SME-00041,2022-09-01,3
SME-00041,2022-10-01,2
SME-00041,2022-11-01,3
SME-00041,2022-12-01,2
SME-00041,2023-01-01,3
SME-00041,2023-02-01,3
SME-00041,2023-03-01,3
SME-00041,2023-04-01,2
SME-00041,2023-05-01,3
SME-00041,2023-06-01,2
SME-00042,2022-01-01,3
SME-00042,2022-02-01,2
SME-00042,2022-03-01,3
SME-00042,2022-04-01,2
SME-00042,2022-05-01,2
SME-00042,2022-06-01,3
SME-00042,2022-07-01,3
SME-00042,2022-08-01,2
SME-00042,2022-09-01,2
SME-00042,2022-10-01,2
SME-00042,2022-11-01,2
SME-00042,2022-12-01,3
SME-00042,2023-01-01,3
SME-00042,2023-02-01,3
SME-00042,2023-03-01,3
SME-00042,2023-04-01,3
SME-00042,2023-05-01,2
SME-00042,2023-06-01,2
SME-00043,2022-01-01,7
SME-00043,2022-02-01,7
SME-00043,2022-03-01,7
SME-00043,2022-04-01,8
SME-00043,2022-05-01,8
SME-00043,2022-06-01,8
SME-00043,2022-07-01,7
SME-00043,2022-08-01,8
SME-00043,2022-09-01,9
SME-00043,2022-10-01,6
SME-00043,2022-11-01,6
SME-00043,2022-12-01,6
SME-00043,2023-01-01,7
SME-00043,2023-02-01,7
SME-00043,2023-03-01,6
SME-00043,2023-04-01,6
SME-00043,2023-05-01,7
SME-00043,2023-06-01,8
SME-00044,2022-01-01,1
SME-00044,2022-02-01,1
SME-00044,2022-03-01,1
SME-00044,2022-04-01,1
SME-00044,2022-05-01,1
SME-00044,2022-06-01,1
SME-00044,2022-07-01,1
SME-00044,2022-08-01,1
SME-00044,2022-09-01,1
SME-00044,2022-10-01,1
SME-00044,2022-11-01,1
SME-00044,2022-12-01,1
SME-00044,2023-01-01,1
SME-00044,2023-02-01,1
SME-00044,2023-03-01,1
SME-00044,2023-04-01,1
SME-00044,2023-05-01,1
SME-00044,2023-06-01,1
SME-00045,2022-01-01,3
SME-00045,2022-02-01,3
SME-00045,2022-03-01,3
SME-00045,2022-04-01,3
SME-00045,2022-05-01,2
SME-00045,2022-06-01,3
SME-00045,2022-07-01,3
SME-00045,2022-08-01,2
SME-00045,2022-09-01,3
SME-00045,2022-10-01,2
SME-00045,2022-11-01,3
SME-00045,2022-12-01,3
SME-00045,2023-01-01,3
SME-00045,2023-02-01,3
SME-00045,2023-03-01,3
SME-00045,2023-04-01,2
SME-00045,2023-05-01,3
SME-00045,2023-06-01,2
SME-00046,2022-01-01,29
SME-00046,2022-02-01,29
SME-00046,2022-03-01,26
SME-00046,2022-04-01,28
SME-00046,2022-05-01,31
SME-00046,2022-06-01,25
SME-00046,2022-07-01,29
SME-00046,2022-08-01,27
SME-00046,2022-09-01,29
SME-00046,2022-10-01,26
SME-00046,2022-11-01,27
SME-00046,2022-12-01,25
SME-00046,2023-01-01,32
SME-00046,2023-02-01,28
SME-00046,2023-03-01,28
SME-00046,2023-04-01,26
SME-00046,2023-05-01,30
SME-00046,2023-06-01,35
SME-00047,2022-01-01,1
SME-00047,2022-02-01,1
SME-00047,2022-03-01,1
SME-00047,2022-04-01,1
SME-00047,2022-05-01,1
SME-00047,2022-06-01,2
SME-00047,2022-07-01,1
SME-00047,2022-08-01,1
SME-00047,2022-09-01,2
SME-00047,2022-10-01,2
SME-00047,2022-11-01,1
SME-00047,2022-12-01,1
SME-00047,2023-01-01,1
SME-00047,2023-02-01,2
SME-00047,2023-03-01,2
SME-00047,2023-04-01,2
SME-00047,2023-05-01,2
SME-00047,2023-06-01,1
SME-00048,2022-01-01,13
SME-00048,2022-02-01,15
SME-00048,2022-03-01,10
SME-00048,2022-04-01,12
SME-00048,2022-05-01,12
SME-00048,2022-06-01,11
SME-00048,2022-07-01,13
SME-00048,2022-08-01,13
SME-00048,2022-09-01,12
SME-00048,2022-10-01,13
SME-00048,2022-11-01,12
SME-00048,2022-12-01,13
SME-00048,2023-01-01,12
SME-00048,2023-02-01,12
SME-00048,2023-03-01,14
SME-00048,2023-04-01,13
SME-00048,2023-05-01,12
SME-00048,2023-06-01,14
SME-00049,2022-01-01,4
SME-00049,2022-02-01,3
SME-00049,2022-03-01,3
SME-00049,2022-04-01,4
SME-00049,2022-05-01,2
SME-00049,2022-06-01,3
SME-00049,2022-07-01,4
SME-00049,2022-08-01,3
SME-00049,2022-09-01,4
SME-00049,2022-10-01,3
SME-00049,2022-11-01,4
SME-00049,2022-12-01,4
SME-00049,2023-01-01,4
SME-00049,2023-02-01,3
SME-00049,2023-03-01,3
SME-00049,2023-04-01,4
SME-00049,2023-05-01,3
SME-00049,2023-06-01,4
SME-00050,2022-01-01,20
SME-00050,2022-02-01,18
SME-00050,2022-03-01,18
SME-00050,2022-04-01,19
SME-00050,2022-05-01,19
SME-00050,2022-06-01,19
SME-00050,2022-07-01,17
SME-00050,2022-08-01,19
SME-00050,2022-09-01,21
SME-00050,2022-10-01,18
SME-00050,2022-11-01,17
SME-00050,2022-12-01,19
SME-00050,2023-01-01,19
SME-00050,2023-02-01,17
SME-00050,2023-03-01,20
SME-00050,2023-04-01,18
SME-00050,2023-05-01,18
SME-00050,2023-06-01,21
SME-00051,2022-01-01,1
SME-00051,2022-02-01,1
SME-00051,2022-03-01,1
SME-00051,2022-04-01,1
SME-00051,2022-05-01,1
SME-00051,2022-06-01,1
SME-00051,2022-07-01,1
SME-00051,2022-08-01,1
SME-00051,2022-09-01,1
SME-00051,2022-10-01,1
SME-00051,2022-11-01,1
SME-00051,2022-12-01,1
SME-00051,2023-01-01,1
SME-00051,2023-02-01,1
SME-00051,2023-03-01,1
SME-00051,2023-04-01,1
SME-00051,2023-05-01,1
SME-00051,2023-06-01,1
SME-00052,2022-01-01,4
SME-00052,2022-02-01,3
SME-00052,2022-03-01,3
SME-00052,2022-04-01,3
SME-00052,2022-05-01,3
SME-00052,2022-06-01,3
SME-00052,2022-07-01,3
SME-00052,2022-08-01,3
SME-00052,2022-09-01,4
SME-00052,2022-10-01,3
SME-00052,2022-11-01,3
SME-00052,2022-12-01,3
SME-00052,2023-01-01,4
SME-00052,2023-02-01,3
SME-00052,2023-03-01,3
SME-00052,2023-04-01,4
SME-00052,2023-05-01,4
SME-00052,2023-06-01,3
SME-00053,2022-01-01,6
SME-00053,2022-02-01,6
SME-00053,2022-03-01,5
SME-00053,2022-04-01,5
SME-00053,2022-05-01,6
SME-00053,2022-06-01,6
SME-00053,2022-07-01,5
SME-00053,2022-08-01,5
SME-00053,2022-09-01,6
SME-00053,2022-10-01,5
SME-00053,2022-11-01,5
SME-00053,2022-12-01,6
SME-00053,2023-01-01,5
SME-00053,2023-02-01,7
SME-00053,2023-03-01,5
SME-00053,2023-04-01,5
SME-00053,2023-05-01,4
SME-00053,2023-06-01,5
SME-00054,2022-01-01,3
SME-00054,2022-02-01,3
SME-00054,2022-03-01,4
SME-00054,2022-04-01,3
SME-00054,2022-05-01,4
SME-00054,2022-06-01,3
SME-00054,2022-07-01,3
SME-00054,2022-08-01,4
SME-00054,2022-09-01,3
SME-00054,2022-10-01,4
SME-00054,2022-11-01,3
SME-00054,2022-12-01,4
SME-00054,2023-01-01,3
SME-00054,2023-02-01,3
SME-00054,2023-03-01,4
SME-00054,2023-04-01,3
SME-00054,2023-05-01,3
SME-00054,2023-06-01,3
SME-00055,2022-01-01,12
SME-00055,2022-02-01,14
SME-00055,2022-03-01,13
SME-00055,2022-04-01,11
SME-00055,2022-05-01,13
SME-00055,2022-06-01,16
SME-00055,2022-07-01,11
SME-00055,2022-08-01,13
SME-00055,2022-09-01,12
SME-00055,2022-10-01,14
SME-00055,2022-11-01,13
SME-00055,2022-12-01,10
SME-00055,2023-01-01,14
SME-00055,2023-02-01,12
SME-00055,2023-03-01,15
SME-00055,2023-04-01,13
SME-00055,2023-05-01,14
SME-00055,2023-06-01,14
SME-00056,2022-01-01,8
SME-00056,2022-02-01,7
SME-00056,2022-03-01,9
SME-00056,2022-04-01,8
SME-00056,2022-05-01,9
SME-00056,2022-06-01,8
SME-00056,2022-07-01,9
SME-00056,2022-08-01,8
SME-00056,2022-09-01,8
SME-00056,2022-10-01,6
SME-00056,2022-11-01,9
SME-00056,2022-12-01,9
SME-00056,2023-01-01,8
SME-00056,2023-02-01,7
SME-00056,2023-03-01,7
SME-00056,2023-04-01,8
SME-00056,2023-05-01,7
SME-00056,2023-06-01,8
SME-00057,2022-01-01,10
SME-00057,2022-02-01,11
SME-00057,2022-03-01,13
SME-00057,2022-04-01,10
SME-00057,2022-05-01,12
SME-00057,2022-06-01,10
SME-00057,2022-07-01,11
SME-00057,2022-08-01,11
SME-00057,2022-09-01,11
SME-00057,2022-10-01,12
SME-00057,2022-11-01,13
SME-00057,2022-12-01,9
SME-00057,2023-01-01,10
SME-00057,2023-02-01,11
SME-00057,2023-03-01,12
SME-00057,2023-04-01,10
SME-00057,2023-05-01,10
SME-00057,2023-06-01,11
SME-00058,2022-01-01,11
SME-00058,2022-02-01,12
SME-00058,2022-03-01,11
SME-00058,2022-04-01,10
SME-00058,2022-05-01,11
SME-00058,2022-06-01,12
SME-00058,2022-07-01,11
SME-00058,2022-08-01,10
SME-00058,2022-09-01,12
SME-00058,2022-10-01,10
SME-00058,2022-11-01,12
SME-00058,2022-12-01,9
SME-00058,2023-01-01,12
SME-00058,2023-02-01,11
SME-00058,2023-03-01,11
SME-00058,2023-04-01,11
SME-00058,2023-05-01,12
SME-00058,2023-06-01,12
SME-00059,2022-01-01,4
SME-00059,2022-02-01,4
SME-00059,2022-03-01,3
SME-00059,2022-04-01,3
SME-00059,2022-05-01,3
SME-00059,2022-06-01,3
SME-00059,2022-07-01,3
SME-00059,2022-08-01,4
SME-00059,2022-09-01,4
SME-00059,2022-10-01,3
SME-00059,2022-11-01,3
SME-00059,2022-12-01,4
SME-00059,2023-01-01,4
SME-00059,2023-02-01,3
SME-00059,2023-03-01,4
SME-00059,2023-04-01,4
SME-00059,2023-05-01,4
SME-00059,2023-06-01,3
SME-00060,2022-01-01,6
SME-00060,2022-02-01,5
SME-00060,2022-03-01,5
SME-00060,2022-04-01,6
SME-00060,2022-05-01,5
SME-00060,2022-06-01,6
SME-00060,2022-07-01,6
SME-00060,2022-08-01,6
SME-00060,2022-09-01,5
SME-00060,2022-10-01,6
SME-00060,2022-11-01,7
SME-00060,2022-12-01,6
SME-00060,2023-01-01,5
SME-00060,2023-02-01,6
SME-00060,2023-03-01,6
SME-00060,2023-04-01,6
SME-00060,2023-05-01,5
SME-00060,2023-06-01,6
SME-00061,2022-01-01,10
SME-00061,2022-02-01,15
SME-00061,2022-03-01,13
SME-00061,2022-04-01,11
SME-00061,2022-05-01,13
SME-00061,2022-06-01,14
SME-00061,2022-07-01,10
SME-00061,2022-08-01,12
SME-00061,2022-09-01,15
SME-00061,2022-10-01,12
SME-00061,2022-11-01,13
SME-00061,2022-12-01,12
SME-00061,2023-01-01,14
SME-00061,2023-02-01,12
SME-00061,2023-03-01,12
SME-00061,2023-04-01,14
SME-00061,2023-05-01,13
SME-00061,2023-06-01,15
SME-00062,2022-01-01,18
SME-00062,2022-02-01,19
SME-00062,2022-03-01,23
SME-00062,2022-04-01,18
SME-00062,2022-05-01,21
SME-00062,2022-06-01,19
SME-00062,2022-07-01,21
SME-00062,2022-08-01,22
SME-00062,2022-09-01,22
SME-00062,2022-10-01,24
SME-00062,2022-11-01,21
SME-00062,2022-12-01,20
SME-00062,2023-01-01,22
SME-00062,2023-02-01,20
SME-00062,2023-03-01,20
SME-00062,2023-04-01,19
SME-00062,2023-05-01,20
SME-00062,2023-06-01,22
SME-00063,2022-01-01,15
SME-00063,2022-02-01,10
SME-00063,2022-03-01,11
SME-00063,2022-04-01,15
SME-00063,2022-05-01,13
SME-00063,2022-06-01,13
SME-00063,2022-07-01,11
SME-00063,2022-08-01,11
SME-00063,2022-09-01,10
SME-00063,2022-10-01,13
SME-00063,2022-11-01,14
SME-00063,2022-12-01,13
SME-00063,2023-01-01,14
SME-00063,2023-02-01,11
SME-00063,2023-03-01,12
SME-00063,2023-04-01,14
SME-00063,2023-05-01,14
SME-00063,2023-06-01,14
SME-00064,2022-01-01,1
SME-00064,2022-02-01,1
SME-00064,2022-03-01,1
SME-00064,2022-04-01,1
SME-00064,2022-05-01,1
SME-00064,2022-06-01,1
SME-00064,2022-07-01,1
SME-00064,2022-08-01,1
SME-00064,2022-09-01,1
SME-00064,2022-10-01,1
SME-00064,2022-11-01,1
SME-00064,2022-12-01,1
SME-00064,2023-01-01,1
SME-00064,2023-02-01,1
SME-00064,2023-03-01,1
SME-00064,2023-04-01,1
SME-00064,2023-05-01,1
SME-00064,2023-06-01,1
SME-00065,2022-01-01,5
SME-00065,2022-02-01,5
SME-00065,2022-03-01,4
SME-00065,2022-04-01,6
SME-00065,2022-05-01,6
SME-00065,2022-06-01,5
SME-00065,2022-07-01,5
SME-00065,2022-08-01,4
SME-00065,2022-09-01,6
SME-00065,2022-10-01,6
SME-00065,2022-11-01,5
SME-00065,2022-12-01,5
SME-00065,2023-01-01,5
SME-00065,2023-02-01,6
SME-00065,2023-03-01,5
SME-00065,2023-04-01,6
SME-00065,2023-05-01,5
SME-00065,2023-06-01,5
SME-00066,2022-01-01,5
SME-00066,2022-02-01,4
SME-00066,2022-03-01,4
SME-00066,2022-04-01,4
SME-00066,2022-05-01,5
SME-00066,2022-06-01,5
SME-00066,2022-07-01,4
SME-00066,2022-08-01,4
SME-00066,2022-09-01,4
SME-00066,2022-10-01,4
SME-00066,2022-11-01,4
SME-00066,2022-12-01,5
SME-00066,2023-01-01,5
SME-00066,2023-02-01,4
SME-00066,2023-03-01,4
SME-00066,2023-04-01,5
SME-00066,2023-05-01,4
SME-00066,2023-06-01,5
SME-00067,2022-01-01,5
SME-00067,2022-02-01,6
SME-00067,2022-03-01,5
SME-00067,2022-04-01,6
SME-00067,2022-05-01,7
SME-00067,2022-06-01,7
SME-00067,2022-07-01,8
SME-00067,2022-08-01,6
SME-00067,2022-09-01,6
SME-00067,2022-10-01,8
SME-00067,2022-11-01,6
SME-00067,2022-12-01,7
SME-00067,2023-01-01,7
SME-00067,2023-02-01,7
SME-00067,2023-03-01,6
SME-00067,2023-04-01,8
SME-00067,2023-05-01,6
SME-00067,2023-06-01,6
SME-00068,2022-01-01,2
SME-00068,2022-02-01,2
SME-00068,2022-03-01,3
SME-00068,2022-04-01,2
SME-00068,2022-05-01,2
SME-00068,2022-06-01,2
SME-00068,2022-07-01,3
SME-00068,2022-08-01,2
SME-00068,2022-09-01,2
SME-00068,2022-10-01,2
SME-00068,2022-11-01,2
SME-00068,2022-12-01,3
SME-00068,2023-01-01,2
SME-00068,2023-02-01,2
SME-00068,2023-03-01,2
SME-00068,2023-04-01,3
SME-00068,2023-05-01,3
SME-00068,2023-06-01,3
SME-00069,2022-01-01,16
SME-00069,2022-02-01,15
SME-00069,2022-03-01,19
SME-00069,2022-04-01,16
SME-00069,2022-05-01,17
SME-00069,2022-06-01,15
SME-00069,2022-07-01,20
SME-00069,2022-08-01,19
SME-00069,2022-09-01,15
SME-00069,2022-10-01,17
SME-00069,2022-11-01,15
SME-00069,2022-12-01,15
SME-00069,2023-01-01,16
SME-00069,2023-02-01,15
SME-00069,2023-03-01,15
SME-00069,2023-04-01,15
SME-00069,2023-05-01,16
SME-00069,2023-06-01,19
SME-00070,2022-01-01,5
SME-00070,2022-02-01,4
SME-00070,2022-03-01,5
SME-00070,2022-04-01,5
SME-00070,2022-05-01,5
SME-00070,2022-06-01,5
SME-00070,2022-07-01,5
SME-00070,2022-08-01,5
SME-00070,2022-09-01,4
SME-00070,2022-10-01,5
SME-00070,2022-11-01,5
SME-00070,2022-12-01,4
SME-00070,2023-01-01,5
SME-00070,2023-02-01,4
SME-00070,2023-03-01,4
SME-00070,2023-04-01,4
SME-00070,2023-05-01,4
SME-00070,2023-06-01,4
SME-00071,2022-01-01,6
SME-00071,2022-02-01,8
SME-00071,2022-03-01,6
SME-00071,2022-04-01,8
SME-00071,2022-05-01,8
SME-00071,2022-06-01,7
SME-00071,2022-07-01,8
SME-00071,2022-08-01,6
SME-00071,2022-09-01,6
SME-00071,2022-10-01,6
SME-00071,2022-11-01,7
SME-00071,2022-12-01,6
SME-00071,2023-01-01,7
SME-00071,2023-02-01,6
SME-00071,2023-03-01,7
SME-00071,2023-04-01,7
SME-00071,2023-05-01,8
SME-00071,2023-06-01,6
SME-00072,2022-01-01,14
SME-00072,2022-02-01,11
SME-00072,2022-03-01,13
SME-00072,2022-04-01,12
SME-00072,2022-05-01,11
SME-00072,2022-06-01,12
SME-00072,2022-07-01,10
SME-00072,2022-08-01,12
SME-00072,2022-09-01,9
SME-00072,2022-10-01,11
SME-00072,2022-11-01,11
SME-00072,2022-12-01,13
SME-00072,2023-01-01,12
SME-00072,2023-02-01,13
SME-00072,2023-03-01,11
SME-00072,2023-04-01,13
SME-00072,2023-05-01,11
SME-00072,2023-06-01,11
SME-00073,2022-01-01,1
SME-00073,2022-02-01,1
SME-00073,2022-03-01,1
SME-00073,2022-04-01,1
SME-00073,2022-05-01,1
SME-00073,2022-06-01,1
SME-00073,2022-07-01,1
SME-00073,2022-08-01,1
SME-00073,2022-09-01,1
SME-00073,2022-10-01,1
SME-00073,2022-11-01,1
SME-00073,2022-12-01,1
SME-00073,2023-01-01,1
SME-00073,2023-02-01,1
SME-00073,2023-03-01,1
SME-00073,2023-04-01,1
SME-00073,2023-05-01,1
SME-00073,2023-06-01,1
SME-00074,2022-01-01,2
SME-00074,2022-02-01,2
SME-00074,2022-03-01,2
SME-00074,2022-04-01,2
SME-00074,2022-05-01,1
SME-00074,2022-06-01,1
SME-00074,2022-07-01,1
SME-00074,2022-08-01,1
SME-00074,2022-09-01,2
SME-00074,2022-10-01,2
SME-00074,2022-11-01,1
SME-00074,2022-12-01,1
SME-00074,2023-01-01,1
SME-00074,2023-02-01,2
SME-00074,2023-03-01,1
SME-00074,2023-04-01,2
SME-00074,2023-05-01,1
SME-00074,2023-06-01,1
SME-00075,2022-01-01,2
SME-00075,2022-02-01,2
SME-00075,2022-03-01,1
SME-00075,2022-04-01,2
SME-00075,2022-05-01,2
SME-00075,2022-06-01,2
SME-00075,2022-07-01,1
SME-00075,2022-08-01,2
SME-00075,2022-09-01,1
SME-00075,2022-10-01,2
SME-00075,2022-11-01,2
SME-00075,2022-12-01,1
SME-00075,2023-01-01,1
SME-00075,2023-02-01,1
SME-00075,2023-03-01,1
SME-00075,2023-04-01,2
SME-00075,2023-05-01,1
SME-00075,2023-06-01,1
SME-00076,2022-01-01,4
SME-00076,2022-02-01,4
SME-00076,2022-03-01,3
SME-00076,2022-04-01,3
SME-00076,2022-05-01,4
SME-00076,2022-06-01,3
SME-00076,2022-07-01,3
SME-00076,2022-08-01,4
SME-00076,2022-09-01,3
SME-00076,2022-10-01,4
SME-00076,2022-11-01,3
SME-00076,2022-12-01,3
SME-00076,2023-01-01,4
SME-00076,2023-02-01,3
SME-00076,2023-03-01,3
SME-00076,2023-04-01,4
SME-00076,2023-05-01,4
SME-00076,2023-06-01,3
SME-00077,2022-01-01,20
SME-00077,2022-02-01,19
SME-00077,2022-03-01,23
SME-00077,2022-04-01,22
SME-00077,2022-05-01,21
SME-00077,2022-06-01,22
SME-00077,2022-07-01,22
SME-00077,2022-08-01,23
SME-00077,2022-09-01,23
SME-00077,2022-10-01,22
SME-00077,2022-11-01,22
SME-00077,2022-12-01,22
SME-00077,2023-01-01,23
SME-00077,2023-02-01,20
SME-00077,2023-03-01,20
SME-00077,2023-04-01,20
SME-00077,2023-05-01,20
SME-00077,2023-06-01,18
SME-00078,2022-01-01,10
SME-00078,2022-02-01,9
SME-00078,2022-03-01,8
SME-00078,2022-04-01,10
SME-00078,2022-05-01,10
SME-00078,2022-06-01,9
SME-00078,2022-07-01,10
SME-00078,2022-08-01,9
SME-00078,2022-09-01,10
SME-00078,2022-10-01,8
SME-00078,2022-11-01,11
SME-00078,2022-12-01,10
SME-00078,2023-01-01,10
SME-00078,2023-02-01,9
SME-00078,2023-03-01,8
SME-00078,2023-04-01,10
SME-00078,2023-05-01,8
SME-00078,2023-06-01,10
SME-00079,2022-01-01,1
SME-00079,2022-02-01,1
SME-00079,2022-03-01,1
SME-00079,2022-04-01,1
SME-00079,2022-05-01,1
SME-00079,2022-06-01,1
SME-00079,2022-07-01,1
SME-00079,2022-08-01,1
SME-00079,2022-09-01,1
SME-00079,2022-10-01,1
SME-00079,2022-11-01,1
SME-00079,2022-12-01,1
SME-00079,2023-01-01,1
SME-00079,2023-02-01,1
SME-00079,2023-03-01,1
SME-00079,2023-04-01,1
SME-00079,2023-05-01,1
SME-00079,2023-06-01,1
SME-00080,2022-01-01,3
SME-00080,2022-02-01,2
SME-00080,2022-03-01,3
SME-00080,2022-04-01,3
SME-00080,2022-05-01,2
SME-00080,2022-06-01,2
SME-00080,2022-07-01,3
SME-00080,2022-08-01,3
SME-00080,2022-09-01,3
SME-00080,2022-10-01,3
SME-00080,2022-11-01,2
SME-00080,2022-12-01,3
SME-00080,2023-01-01,3
SME-00080,2023-02-01,2
SME-00080,2023-03-01,2
SME-00080,2023-04-01,3
SME-00080,2023-05-01,2
SME-00080,2023-06-01,2
SME-00081,2022-01-01,6
SME-00081,2022-02-01,5
SME-00081,2022-03-01,5
SME-00081,2022-04-01,5
SME-00081,2022-05-01,5
SME-00081,2022-06-01,6
SME-00081,2022-07-01,5
SME-00081,2022-08-01,5
SME-00081,2022-09-01,5
SME-00081,2022-10-01,7
SME-00081,2022-11-01,6
SME-00081,2022-12-01,5
SME-00081,2023-01-01,6
SME-00081,2023-02-01,6
SME-00081,2023-03-01,5
SME-00081,2023-04-01,6
SME-00081,2023-05-01,6
SME-00081,2023-06-01,5
SME-00082,2022-01-01,3
SME-00082,2022-02-01,3
SME-00082,2022-03-01,2
SME-00082,2022-04-01,2
SME-00082,2022-05-01,2
SME-00082,2022-06-01,3
SME-00082,2022-07-01,2
SME-00082,2022-08-01,3
SME-00082,2022-09-01,3
SME-00082,2022-10-01,3
SME-00082,2022-11-01,3
SME-00082,2022-12-01,3
SME-00082,2023-01-01,3
SME-00082,2023-02-01,3
SME-00082,2023-03-01,2
SME-00082,2023-04-01,3
SME-00082,2023-05-01,3
SME-00082,2023-06-01,3
SME-00083,2022-01-01,5
SME-00083,2022-02-01,5
SME-00083,2022-03-01,5
SME-00083,2022-04-01,6
SME-00083,2022-05-01,5
SME-00083,2022-06-01,5
SME-00083,2022-07-01,4
SME-00083,2022-08-01,5
SME-00083,2022-09-01,6
SME-00083,2022-10-01,5
SME-00083,2022-11-01,5
SME-00083,2022-12-01,5
SME-00083,2023-01-01,5
SME-00083,2023-02-01,6
SME-00083,2023-03-01,7
SME-00083,2023-04-01,6
SME-00083,2023-05-01,6
SME-00083,2023-06-01,6
SME-00084,2022-01-01,2
SME-00084,2022-02-01,3
SME-00084,2022-03-01,2
SME-00084,2022-04-01,3
SME-00084,2022-05-01,3
SME-00084,2022-06-01,2
SME-00084,2022-07-01,3
SME-00084,2022-08-01,2
SME-00084,2022-09-01,2
SME-00084,2022-10-01,3
SME-00084,2022-11-01,2
SME-00084,2022-12-01,3
SME-00084,2023-01-01,2
SME-00084,2023-02-01,3
SME-00084,2023-03-01,2
SME-00084,2023-04-01,2
SME-00084,2023-05-01,3
SME-00084,2023-06-01,2
SME-00085,2022-01-01,1
SME-00085,2022-02-01,1
SME-00085,2022-03-01,1
SME-00085,2022-04-01,1
SME-00085,2022-05-01,1
SME-00085,2022-06-01,1
SME-00085,2022-07-01,1
SME-00085,2022-08-01,1
SME-00085,2022-09-01,1
SME-00085,2022-10-01,1
SME-00085,2022-11-01,1
SME-00085,2022-12-01,1
SME-00085,2023-01-01,1
SME-00085,2023-02-01,1
SME-00085,2023-03-01,1
SME-00085,2023-04-01,1
SME-00085,2023-05-01,1
SME-00085,2023-06-01,1
SME-00086,2022-01-01,2
SME-00086,2022-02-01,2
SME-00086,2022-03-01,3
SME-00086,2022-04-01,2
SME-00086,2022-05-01,3
SME-00086,2022-06-01,3
SME-00086,2022-07-01,2
SME-00086,2022-08-01,3
SME-00086,2022-09-01,3
SME-00086,2022-10-01,3
SME-00086,2022-11-01,2
SME-00086,2022-12-01,3
SME-00086,2023-01-01,3
SME-00086,2023-02-01,2
SME-00086,2023-03-01,3
SME-00086,2023-04-01,2
SME-00086,2023-05-01,2
SME-00086,2023-06-01,2
SME-00087,2022-01-01,4
SME-00087,2022-02-01,5
SME-00087,2022-03-01,5
SME-00087,2022-04-01,4
SME-00087,2022-05-01,4
SME-00087,2022-06-01,5
SME-00087,2022-07-01,4
SME-00087,2022-08-01,5
SME-00087,2022-09-01,4
SME-00087,2022-10-01,5
SME-00087,2022-11-01,4
SME-00087,2022-12-01,5
SME-00087,2023-01-01,4
SME-00087,2023-02-01,5
SME-00087,2023-03-01,4
SME-00087,2023-04-01,5
SME-00087,2023-05-01,4
SME-00087,2023-06-01,5
SME-00088,2022-01-01,1
SME-00088,2022-02-01,1
SME-00088,2022-03-01,1
SME-00088,2022-04-01,1
SME-00088,2022-05-01,1
SME-00088,2022-06-01,1
SME-00088,2022-07-01,1
SME-00088,2022-08-01,1
SME-00088,2022-09-01,1
SME-00088,2022-10-01,1
SME-00088,2022-11-01,1
SME-00088,2022-12-01,1
SME-00088,2023-01-01,1
SME-00088,2023-02-01,1
SME-00088,2023-03-01,1
SME-00088,2023-04-01,1
SME-00088,2023-05-01,1
SME-00088,2023-06-01,1
SME-00089,2022-01-01,15
SME-00089,2022-02-01,12
SME-00089,2022-03-01,11
SME-00089,2022-04-01,13
SME-00089,2022-05-01,14
SME-00089,2022-06-01,12
SME-00089,2022-07-01,13
SME-00089,2022-08-01,13
SME-00089,2022-09-01,16
SME-00089,2022-10-01,15
SME-00089,2022-11-01,13
SME-00089,2022-12-01,12
SME-00089,2023-01-01,11
SME-00089,2023-02-01,14
SME-00089,2023-03-01,13
SME-00089,2023-04-01,12
SME-00089,2023-05-01,12
SME-00089,2023-06-01,13
SME-00090,2022-01-01,10
SME-00090,2022-02-01,9
SME-00090,2022-03-01,9
SME-00090,2022-04-01,10
SME-00090,2022-05-01,7
SME-00090,2022-06-01,10
SME-00090,2022-07-01,8
SME-00090,2022-08-01,10
SME-00090,2022-09-01,9
SME-00090,2022-10-01,8
SME-00090,2022-11-01,10
SME-00090,2022-12-01,8
SME-00090,2023-01-01,9
SME-00090,2023-02-01,7
SME-00090,2023-03-01,10
SME-00090,2023-04-01,10
SME-00090,2023-05-01,10
SME-00090,2023-06-01,11
SME-00091,2022-01-01,5
SME-00091,2022-02-01,4
SME-00091,2022-03-01,4
SME-00091,2022-04-01,4
SME-00091,2022-05-01,5
SME-00091,2022-06-01,4
SME-00091,2022-07-01,4
SME-00091,2022-08-01,4
SME-00091,2022-09-01,4
SME-00091,2022-10-01,6
SME-00091,2022-11-01,4
SME-00091,2022-12-01,5
SME-00091,2023-01-01,5
SME-00091,2023-02-01,4
SME-00091,2023-03-01,5
SME-00091,2023-04-01,4
SME-00091,2023-05-01,4
SME-00091,2023-06-01,4
SME-00092,2022-01-01,21
SME-00092,2022-02-01,22
SME-00092,2022-03-01,21
SME-00092,2022-04-01,21
SME-00092,2022-05-01,22
SME-00092,2022-06-01,22
SME-00092,2022-07-01,19
SME-00092,2022-08-01,22
SME-00092,2022-09-01,20
SME-00092,2022-10-01,22
SME-00092,2022-11-01,21
SME-00092,2022-12-01,20
SME-00092,2023-01-01,24
SME-00092,2023-02-01,22
SME-00092,2023-03-01,19
SME-00092,2023-04-01,21
SME-00092,2023-05-01,20
SME-00092,2023-06-01,23
SME-00093,2022-01-01,4
SME-00093,2022-02-01,5
SME-00093,2022-03-01,4
SME-00093,2022-04-01,4
SME-00093,2022-05-01,5
SME-00093,2022-06-01,4
SME-00093,2022-07-01,4
SME-00093,2022-08-01,4
SME-00093,2022-09-01,5
SME-00093,2022-10-01,4
SME-00093,2022-11-01,4
SME-00093,2022-12-01,4
SME-00093,2023-01-01,5
SME-00093,2023-02-01,5
SME-00093,2023-03-01,5
SME-00093,2023-04-01,4
SME-00093,2023-05-01,4
SME-00093,2023-06-01,5
SME-00094,2022-01-01,11
SME-00094,2022-02-01,13
SME-00094,2022-03-01,12
SME-00094,2022-04-01,10
SME-00094,2022-05-01,11
SME-00094,2022-06-01,10
SME-00094,2022-07-01,12
SME-00094,2022-08-01,9
SME-00094,2022-09-01,12
SME-00094,2022-10-01,12
SME-00094,2022-11-01,12
SME-00094,2022-12-01,13
SME-00094,2023-01-01,11
SME-00094,2023-02-01,11
SME-00094,2023-03-01,11
SME-00094,2023-04-01,11
SME-00094,2023-05-01,10
SME-00094,2023-06-01,10
SME-00095,2022-01-01,1
SME-00095,2022-02-01,2
SME-00095,2022-03-01,2
SME-00095,2022-04-01,1
SME-00095,2022-05-01,1
SME-00095,2022-06-01,2
SME-00095,2022-07-01,1
SME-00095,2022-08-01,2
SME-00095,2022-09-01,2
SME-00095,2022-10-01,2
SME-00095,2022-11-01,1
SME-00095,2022-12-01,2
SME-00095,2023-01-01,1
SME-00095,2023-02-01,2
SME-00095,2023-03-01,2
SME-00095,2023-04-01,1
SME-00095,2023-05-01,2
SME-00095,2023-06-01,1
SME-00096,2022-01-01,3
SME-00096,2022-02-01,3
SME-00096,2022-03-01,3
SME-00096,2022-04-01,2
SME-00096,2022-05-01,3
SME-00096,2022-06-01,2
SME-00096,2022-07-01,2
SME-00096,2022-08-01,3
SME-00096,2022-09-01,2
SME-00096,2022-10-01,2
SME-00096,2022-11-01,2
SME-00096,2022-12-01,2
SME-00096,2023-01-01,2
SME-00096,2023-02-01,3
SME-00096,2023-03-01,3
SME-00096,2023-04-01,3
SME-00096,2023-05-01,3
SME-00096,2023-06-01,3
SME-00097,2022-01-01,1
SME-00097,2022-02-01,1
SME-00097,2022-03-01,1
SME-00097,2022-04-01,1
SME-00097,2022-05-01,1
SME-00097,2022-06-01,1
SME-00097,2022-07-01,1
SME-00097,2022-08-01,1
SME-00097,2022-09-01,1
SME-00097,2022-10-01,1
SME-00097,2022-11-01,1
SME-00097,2022-12-01,1
SME-00097,2023-01-01,1
SME-00097,2023-02-01,1
SME-00097,2023-03-01,1
SME-00097,2023-04-01,1
SME-00097,2023-05-01,1
SME-00097,2023-06-01,1
SME-00098,2022-01-01,9
SME-00098,2022-02-01,11
SME-00098,2022-03-01,9
SME-00098,2022-04-01,9
SME-00098,2022-05-01,8
SME-00098,2022-06-01,8
SME-00098,2022-07-01,9
SME-00098,2022-08-01,10
SME-00098,2022-09-01,10
SME-00098,2022-10-01,10
SME-00098,2022-11-01,9
SME-00098,2022-12-01,9
SME-00098,2023-01-01,9
SME-00098,2023-02-01,10
SME-00098,2023-03-01,10
SME-00098,2023-04-01,10
SME-00098,2023-05-01,9
SME-00098,2023-06-01,9
SME-00099,2022-01-01,12
SME-00099,2022-02-01,15
SME-00099,2022-03-01,12
SME-00099,2022-04-01,14
SME-00099,2022-05-01,15
SME-00099,2022-06-01,13
SME-00099,2022-07-01,15
SME-00099,2022-08-01,13
SME-00099,2022-09-01,15
SME-00099,2022-10-01,14
SME-00099,2022-11-01,13
SME-00099,2022-12-01,13
SME-00099,2023-01-01,13
SME-00099,2023-02-01,12
SME-00099,2023-03-01,16
SME-00099,2023-04-01,16
SME-00099,2023-05-01,14
SME-00099,2023-06-01,14
SME-00100,2022-01-01,13
SME-00100,2022-02-01,15
SME-00100,2022-03-01,15
SME-00100,2022-04-01,13
SME-00100,2022-05-01,13
SME-00100,2022-06-01,13
SME-00100,2022-07-01,13
SME-00100,2022-08-01,16
SME-00100,2022-09-01,15
SME-00100,2022-10-01,12
SME-00100,2022-11-01,14
SME-00100,2022-12-01,13
SME-00100,2023-01-01,12
SME-00100,2023-02-01,13
SME-00100,2023-03-01,15
SME-00100,2023-04-01,15
SME-00100,2023-05-01,14
SME-00100,2023-06-01,14
SME-00101,2022-01-01,23
SME-00101,2022-02-01,24
SME-00101,2022-03-01,25
SME-00101,2022-04-01,19
SME-00101,2022-05-01,24
SME-00101,2022-06-01,24
SME-00101,2022-07-01,26
SME-00101,2022-08-01,23
SME-00101,2022-09-01,25
SME-00101,2022-10-01,25
SME-00101,2022-11-01,18
SME-00101,2022-12-01,25
SME-00101,2023-01-01,18
SME-00101,2023-02-01,24
SME-00101,2023-03-01,22
SME-00101,2023-04-01,23
SME-00101,2023-05-01,21
SME-00101,2023-06-01,23
SME-00102,2022-01-01,2
SME-00102,2022-02-01,3
SME-00102,2022-03-01,3
SME-00102,2022-04-01,3
SME-00102,2022-05-01,2
SME-00102,2022-06-01,3
SME-00102,2022-07-01,3
SME-00102,2022-08-01,3
SME-00102,2022-09-01,3
SME-00102,2022-10-01,2
SME-00102,2022-11-01,2
SME-00102,2022-12-01,3
SME-00102,2023-01-01,2
SME-00102,2023-02-01,3
SME-00102,2023-03-01,2
SME-00102,2023-04-01,3
SME-00102,2023-05-01,2
SME-00102,2023-06-01,3
SME-00103,2022-01-01,5
SME-00103,2022-02-01,5
SME-00103,2022-03-01,6
SME-00103,2022-04-01,6
SME-00103,2022-05-01,5
SME-00103,2022-06-01,6
SME-00103,2022-07-01,6
SME-00103,2022-08-01,5
SME-00103,2022-09-01,5
SME-00103,2022-10-01,5
SME-00103,2022-11-01,5
SME-00103,2022-12-01,6
SME-00103,2023-01-01,6
SME-00103,2023-02-01,5
SME-00103,2023-03-01,6
SME-00103,2023-04-01,5
SME-00103,2023-05-01,7
SME-00103,2023-06-01,5
SME-00104,2022-01-01,6
SME-00104,2022-02-01,5
SME-00104,2022-03-01,6
SME-00104,2022-04-01,6
SME-00104,2022-05-01,6
SME-00104,2022-06-01,6
SME-00104,2022-07-01,5
SME-00104,2022-08-01,6
SME-00104,2022-09-01,5
SME-00104,2022-10-01,6
SME-00104,2022-11-01,5
SME-00104,2022-12-01,5
SME-00104,2023-01-01,6
SME-00104,2023-02-01,5
SME-00104,2023-03-01,6
SME-00104,2023-04-01,6
SME-00104,2023-05-01,6
SME-00104,2023-06-01,5
SME-00105,2022-01-01,1
SME-00105,2022-02-01,2
SME-00105,2022-03-01,2
SME-00105,2022-04-01,2
SME-00105,2022-05-01,1
SME-00105,2022-06-01,2
SME-00105,2022-07-01,2
SME-00105,2022-08-01,2
SME-00105,2022-09-01,2
SME-00105,2022-10-01,1
SME-00105,2022-11-01,1
SME-00105,2022-12-01,1
SME-00105,2023-01-01,1
SME-00105,2023-02-01,1
SME-00105,2023-03-01,2
SME-00105,2023-04-01,2
SME-00105,2023-05-01,2
SME-00105,2023-06-01,2
SME-00106,2022-01-01,1
SME-00106,2022-02-01,1
SME-00106,2022-03-01,1
SME-00106,2022-04-01,1
SME-00106,2022-05-01,1
SME-00106,2022-06-01,1
SME-00106,2022-07-01,1
SME-00106,2022-08-01,1
SME-00106,2022-09-01,1
SME-00106,2022-10-01,1
SME-00106,2022-11-01,1
SME-00106,2022-12-01,1
SME-00106,2023-01-01,1
SME-00106,2023-02-01,1
SME-00106,2023-03-01,1
SME-00106,2023-04-01,1
SME-00106,2023-05-01,1
SME-00106,2023-06-01,1
SME-00107,2022-01-01,3
SME-00107,2022-02-01,2
SME-00107,2022-03-01,2
SME-00107,2022-04-01,2
SME-00107,2022-05-01,2
SME-00107,2022-06-01,2
SME-00107,2022-07-01,2
SME-00107,2022-08-01,3
SME-00107,2022-09-01,2
SME-00107,2022-10-01,2
SME-00107,2022-11-01,2
SME-00107,2022-12-01,3
SME-00107,2023-01-01,3
SME-00107,2023-02-01,3
SME-00107,2023-03-01,2
SME-00107,2023-04-01,2
SME-00107,2023-05-01,3
SME-00107,2023-06-01,3
SME-00108,2022-01-01,14
SME-00108,2022-02-01,13
SME-00108,2022-03-01,11
SME-00108,2022-04-01,12
SME-00108,2022-05-01,12
SME-00108,2022-06-01,13
SME-00108,2022-07-01,13
SME-00108,2022-08-01,14
SME-00108,2022-09-01,12
SME-00108,2022-10-01,13
SME-00108,2022-11-01,12
SME-00108,2022-12-01,12
SME-00108,2023-01-01,13
SME-00108,2023-02-01,10
SME-00108,2023-03-01,13
SME-00108,2023-04-01,14
SME-00108,2023-05-01,14
SME-00108,2023-06-01,11
SME-00109,2022-01-01,1
SME-00109,2022-02-01,1
SME-00109,2022-03-01,1
SME-00109,2022-04-01,1
SME-00109,2022-05-01,1
SME-00109,2022-06-01,1
SME-00109,2022-07-01,1
SME-00109,2022-08-01,1
SME-00109,2022-09-01,1
SME-00109,2022-10-01,1
SME-00109,2022-11-01,1
SME-00109,2022-12-01,1
SME-00109,2023-01-01,1
SME-00109,2023-02-01,1
SME-00109,2023-03-01,1
SME-00109,2023-04-01,1
SME-00109,2023-05-01,1
SME-00109,2023-06-01,1
SME-00110,2022-01-01,5
SME-00110,2022-02-01,6
SME-00110,2022-03-01,6
SME-00110,2022-04-01,7
SME-00110,2022-05-01,6
SME-00110,2022-06-01,6
SME-00110,2022-07-01,6
SME-00110,2022-08-01,6
SME-00110,2022-09-01,6
SME-00110,2022-10-01,7
SME-00110,2022-11-01,6
SME-00110,2022-12-01,7
SME-00110,2023-01-01,7
SME-00110,2023-02-01,6
SME-00110,2023-03-01,7
SME-00110,2023-04-01,6
SME-00110,2023-05-01,7
SME-00110,2023-06-01,7
SME-00111,2022-01-01,11
SME-00111,2022-02-01,16
SME-00111,2022-03-01,13
SME-00111,2022-04-01,12
SME-00111,2022-05-01,14
SME-00111,2022-06-01,13
SME-00111,2022-07-01,12
SME-00111,2022-08-01,12
SME-00111,2022-09-01,13
SME-00111,2022-10-01,9
SME-00111,2022-11-01,15
SME-00111,2022-12-01,13
SME-00111,2023-01-01,14
SME-00111,2023-02-01,14
SME-00111,2023-03-01,14
SME-00111,2023-04-01,11
SME-00111,2023-05-01,15
SME-00111,2023-06-01,12
SME-00112,2022-01-01,9
SME-00112,2022-02-01,7
SME-00112,2022-03-01,9
SME-00112,2022-04-01,9
SME-00112,2022-05-01,8
SME-00112,2022-06-01,7
SME-00112,2022-07-01,9
SME-00112,2022-08-01,8
SME-00112,2022-09-01,10
SME-00112,2022-10-01,9
SME-00112,2022-11-01,9
SME-00112,2022-12-01,8
SME-00112,2023-01-01,8
SME-00112,2023-02-01,8
SME-00112,2023-03-01,9
SME-00112,2023-04-01,8
SME-00112,2023-05-01,9
SME-00112,2023-06-01,9
SME-00113,2022-01-01,17
SME-00113,2022-02-01,23
SME-00113,2022-03-01,20
SME-00113,2022-04-01,21
SME-00113,2022-05-01,22
SME-00113,2022-06-01,20
SME-00113,2022-07-01,22
SME-00113,2022-08-01,20
SME-00113,2022-09-01,18
SME-00113,2022-10-01,19
SME-00113,2022-11-01,19
SME-00113,2022-12-01,22
SME-00113,2023-01-01,22
SME-00113,2023-02-01,19
SME-00113,2023-03-01,24
SME-00113,2023-04-01,20
SME-00113,2023-05-01,21
SME-00113,2023-06-01,20
SME-00114,2022-01-01,7
SME-00114,2022-02-01,8
SME-00114,2022-03-01,7
SME-00114,2022-04-01,8
SME-00114,2022-05-01,7
SME-00114,2022-06-01,6
SME-00114,2022-07-01,7
SME-00114,2022-08-01,7
SME-00114,2022-09-01,6
SME-00114,2022-10-01,7
SME-00114,2022-11-01,7
SME-00114,2022-12-01,6
SME-00114,2023-01-01,7
SME-00114,2023-02-01,7
SME-00114,2023-03-01,7
SME-00114,2023-04-01,7
SME-00114,2023-05-01,6
SME-00114,2023-06-01,6
SME-00115,2022-01-01,7
SME-00115,2022-02-01,9
SME-00115,2022-03-01,7
SME-00115,2022-04-01,7
SME-00115,2022-05-01,10
SME-00115,2022-06-01,7
SME-00115,2022-07-01,9
SME-00115,2022-08-01,7
SME-00115,2022-09-01,10
SME-00115,2022-10-01,8
SME-00115,2022-11-01,9
SME-00115,2022-12-01,8
SME-00115,2023-01-01,8
SME-00115,2023-02-01,7
SME-00115,2023-03-01,8
SME-00115,2023-04-01,9
SME-00115,2023-05-01,9
SME-00115,2023-06-01,9
SME-00116,2022-01-01,10
SME-00116,2022-02-01,10
SME-00116,2022-03-01,11
SME-00116,2022-04-01,12
SME-00116,2022-05-01,10
SME-00116,2022-06-01,11
SME-00116,2022-07-01,11
SME-00116,2022-08-01,11
SME-00116,2022-09-01,9
SME-00116,2022-10-01,11
SME-00116,2022-11-01,9
SME-00116,2022-12-01,10
SME-00116,2023-01-01,11
SME-00116,2023-02-01,12
SME-00116,2023-03-01,11
SME-00116,2023-04-01,10
SME-00116,2023-05-01,11
SME-00116,2023-06-01,9
SME-00117,2022-01-01,8
SME-00117,2022-02-01,6
SME-00117,2022-03-01,6
SME-00117,2022-04-01,6
SME-00117,2022-05-01,6
SME-00117,2022-06-01,8
SME-00117,2022-07-01,7
SME-00117,2022-08-01,7
SME-00117,2022-09-01,5
SME-00117,2022-10-01,6
SME-00117,2022-11-01,7
SME-00117,2022-12-01,6
SME-00117,2023-01-01,6
SME-00117,2023-02-01,7
SME-00117,2023-03-01,6
SME-00117,2023-04-01,7
SME-00117,2023-05-01,6
SME-00117,2023-06-01,5
SME-00118,2022-01-01,5
SME-00118,2022-02-01,6
SME-00118,2022-03-01,5
SME-00118,2022-04-01,5
SME-00118,2022-05-01,5
SME-00118,2022-06-01,6
SME-00118,2022-07-01,6
SME-00118,2022-08-01,6
SME-00118,2022-09-01,6
SME-00118,2022-10-01,5
SME-00118,2022-11-01,5
SME-00118,2022-12-01,5
SME-00118,2023-01-01,6
SME-00118,2023-02-01,6
SME-00118,2023-03-01,6
SME-00118,2023-04-01,6
SME-00118,2023-05-01,6
SME-00118,2023-06-01,5
SME-00119,2022-01-01,4
SME-00119,2022-02-01,4
SME-00119,2022-03-01,3
SME-00119,2022-04-01,3
SME-00119,2022-05-01,3
SME-00119,2022-06-01,3
SME-00119,2022-07-01,3
SME-00119,2022-08-01,4
SME-00119,2022-09-01,3
SME-00119,2022-10-01,3
SME-00119,2022-11-01,4
SME-00119,2022-12-01,4
SME-00119,2023-01-01,4
SME-00119,2023-02-01,4
SME-00119,2023-03-01,3
SME-00119,2023-04-01,3
SME-00119,2023-05-01,3
SME-00119,2023-06-01,4
SME-00120,2022-01-01,4
SME-00120,2022-02-01,4
SME-00120,2022-03-01,5
SME-00120,2022-04-01,5
SME-00120,2022-05-01,4
SME-00120,2022-06-01,5
SME-00120,2022-07-01,4
SME-00120,2022-08-01,5
SME-00120,2022-09-01,5
SME-00120,2022-10-01,4
SME-00120,2022-11-01,4
SME-00120,2022-12-01,5
SME-00120,2023-01-01,4
SME-00120,2023-02-01,5
SME-00120,2023-03-01,5
SME-00120,2023-04-01,4
SME-00120,2023-05-01,5
SME-00120,2023-06-01,4
SME-00121,2022-01-01,6
SME-00121,2022-02-01,8
SME-00121,2022-03-01,6
SME-00121,2022-04-01,7
SME-00121,2022-05-01,6
SME-00121,2022-06-01,9
SME-00121,2022-07-01,8
SME-00121,2022-08-01,6
SME-00121,2022-09-01,5
SME-00121,2022-10-01,5
SME-00121,2022-11-01,6
SME-00121,2022-12-01,7
SME-00121,2023-01-01,7
SME-00121,2023-02-01,6
SME-00121,2023-03-01,8
SME-00121,2023-04-01,8
SME-00121,2023-05-01,8
SME-00121,2023-06-01,6
SME-00122,2022-01-01,1
SME-00122,2022-02-01,2
SME-00122,2022-03-01,2
SME-00122,2022-04-01,2
SME-00122,2022-05-01,1
SME-00122,2022-06-01,1
SME-00122,2022-07-01,1
SME-00122,2022-08-01,1
SME-00122,2022-09-01,1
SME-00122,2022-10-01,2
SME-00122,2022-11-01,1
SME-00122,2022-12-01,1
SME-00122,2023-01-01,1
SME-00122,2023-02-01,2
SME-00122,2023-03-01,1
SME-00122,2023-04-01,2
SME-00122,2023-05-01,1
SME-00122,2023-06-01,1
SME-00123,2022-01-01,5
SME-00123,2022-02-01,5
SME-00123,2022-03-01,5
SME-00123,2022-04-01,5
SME-00123,2022-05-01,4
SME-00123,2022-06-01,5
SME-00123,2022-07-01,5
SME-00123,2022-08-01,4
SME-00123,2022-09-01,5
SME-00123,2022-10-01,5
SME-00123,2022-11-01,5
SME-00123,2022-12-01,5
SME-00123,2023-01-01,5
SME-00123,2023-02-01,4
SME-00123,2023-03-01,5
SME-00123,2023-04-01,5
SME-00123,2023-05-01,5
SME-00123,2023-06-01,4
SME-00124,2022-01-01,96
SME-00124,2022-02-01,82
SME-00124,2022-03-01,85
SME-00124,2022-04-01,90
SME-00124,2022-05-01,95
SME-00124,2022-06-01,96
SME-00124,2022-07-01,95
SME-00124,2022-08-01,78
SME-00124,2022-09-01,86
SME-00124,2022-10-01,77
SME-00124,2022-11-01,99
SME-00124,2022-12-01,88
SME-00124,2023-01-01,80
SME-00124,2023-02-01,107
SME-00124,2023-03-01,101
SME-00124,2023-04-01,90
SME-00124,2023-05-01,95
SME-00124,2023-06-01,94
SME-00125,2022-01-01,7
SME-00125,2022-02-01,7
SME-00125,2022-03-01,7
SME-00125,2022-04-01,6
SME-00125,2022-05-01,5
SME-00125,2022-06-01,7
SME-00125,2022-07-01,5
SME-00125,2022-08-01,6
SME-00125,2022-09-01,6
SME-00125,2022-10-01,6
SME-00125,2022-11-01,7
SME-00125,2022-12-01,6
SME-00125,2023-01-01,6
SME-00125,2023-02-01,6
SME-00125,2023-03-01,7
SME-00125,2023-04-01,5
SME-00125,2023-05-01,6
SME-00125,2023-06-01,7
SME-00126,2022-01-01,3
SME-00126,2022-02-01,3
SME-00126,2022-03-01,3
SME-00126,2022-04-01,2
SME-00126,2022-05-01,3
SME-00126,2022-06-01,2
SME-00126,2022-07-01,2
SME-00126,2022-08-01,2
SME-00126,2022-09-01,2
SME-00126,2022-10-01,2
SME-00126,2022-11-01,3
SME-00126,2022-12-01,3
SME-00126,2023-01-01,3
SME-00126,2023-02-01,3
SME-00126,2023-03-01,3
SME-00126,2023-04-01,2
SME-00126,2023-05-01,3
SME-00126,2023-06-01,3
SME-00127,2022-01-01,4
SME-00127,2022-02-01,5
SME-00127,2022-03-01,3
SME-00127,2022-04-01,4
SME-00127,2022-05-01,5
SME-00127,2022-06-01,5
SME-00127,2022-07-01,5
SME-00127,2022-08-01,4
SME-00127,2022-09-01,5
SME-00127,2022-10-01,4
SME-00127,2022-11-01,4
SME-00127,2022-12-01,4
SME-00127,2023-01-01,5
SME-00127,2023-02-01,4
SME-00127,2023-03-01,4
SME-00127,2023-04-01,4
SME-00127,2023-05-01,5
SME-00127,2023-06-01,5
SME-00128,2022-01-01,1
SME-00128,2022-02-01,1
SME-00128,2022-03-01,1
SME-00128,2022-04-01,1
SME-00128,2022-05-01,1
SME-00128,2022-06-01,1
SME-00128,2022-07-01,1
SME-00128,2022-08-01,1
SME-00128,2022-09-01,1
SME-00128,2022-10-01,1
SME-00128,2022-11-01,1
SME-00128,2022-12-01,1
SME-00128,2023-01-01,1
SME-00128,2023-02-01,1
SME-00128,2023-03-01,1
SME-00128,2023-04-01,1
SME-00128,2023-05-01,1
SME-00128,2023-06-01,1
SME-00129,2022-01-01,18
SME-00129,2022-02-01,12
SME-00129,2022-03-01,15
SME-00129,2022-04-01,13
SME-00129,2022-05-01,17
SME-00129,2022-06-01,15
SME-00129,2022-07-01,13
SME-00129,2022-08-01,14
SME-00129,2022-09-01,14
SME-00129,2022-10-01,13
SME-00129,2022-11-01,16
SME-00129,2022-12-01,14
SME-00129,2023-01-01,13
SME-00129,2023-02-01,15
SME-00129,2023-03-01,14
SME-00129,2023-04-01,15
SME-00129,2023-05-01,12
SME-00129,2023-06-01,15
SME-00130,2022-01-01,1
SME-00130,2022-02-01,1
SME-00130,2022-03-01,1
SME-00130,2022-04-01,1
SME-00130,2022-05-01,1
SME-00130,2022-06-01,1
SME-00130,2022-07-01,1
SME-00130,2022-08-01,1
SME-00130,2022-09-01,1
SME-00130,2022-10-01,1
SME-00130,2022-11-01,1
SME-00130,2022-12-01,1
SME-00130,2023-01-01,1
SME-00130,2023-02-01,1
SME-00130,2023-03-01,1
SME-00130,2023-04-01,1
SME-00130,2023-05-01,1
SME-00130,2023-06-01,1
SME-00131,2022-01-01,15
SME-00131,2022-02-01,19
SME-00131,2022-03-01,17
SME-00131,2022-04-01,18
SME-00131,2022-05-01,18
SME-00131,2022-06-01,18
SME-00131,2022-07-01,15
SME-00131,2022-08-01,17
SME-00131,2022-09-01,15
SME-00131,2022-10-01,17
SME-00131,2022-11-01,21
SME-00131,2022-12-01,18
SME-00131,2023-01-01,16
SME-00131,2023-02-01,18
SME-00131,2023-03-01,15
SME-00131,2023-04-01,16
SME-00131,2023-05-01,15
SME-00131,2023-06-01,18
SME-00132,2022-01-01,6
SME-00132,2022-02-01,6
SME-00132,2022-03-01,6
SME-00132,2022-04-01,4
SME-00132,2022-05-01,6
SME-00132,2022-06-01,6
SME-00132,2022-07-01,6
SME-00132,2022-08-01,6
SME-00132,2022-09-01,5
SME-00132,2022-10-01,6
SME-00132,2022-11-01,5
SME-00132,2022-12-01,5
SME-00132,2023-01-01,5
SME-00132,2023-02-01,6
SME-00132,2023-03-01,5
SME-00132,2023-04-01,6
SME-00132,2023-05-01,5
SME-00132,2023-06-01,5
SME-00133,2022-01-01,2
SME-00133,2022-02-01,2
SME-00133,2022-03-01,3
SME-00133,2022-04-01,3
SME-00133,2022-05-01,2
SME-00133,2022-06-01,2
SME-00133,2022-07-01,2
SME-00133,2022-08-01,2
SME-00133,2022-09-01,3
SME-00133,2022-10-01,3
SME-00133,2022-11-01,2
SME-00133,2022-12-01,2
SME-00133,2023-01-01,2
SME-00133,2023-02-01,2
SME-00133,2023-03-01,3
SME-00133,2023-04-01,2
SME-00133,2023-05-01,3
SME-00133,2023-06-01,3
SME-00134,2022-01-01,19
SME-00134,2022-02-01,22
SME-00134,2022-03-01,17
SME-00134,2022-04-01,23
SME-00134,2022-05-01,25
SME-00134,2022-06-01,22
SME-00134,2022-07-01,22
SME-00134,2022-08-01,17
SME-00134,2022-09-01,22
SME-00134,2022-10-01,24
SME-00134,2022-11-01,24
SME-00134,2022-12-01,19
SME-00134,2023-01-01,24
SME-00134,2023-02-01,24
SME-00134,2023-03-01,23
SME-00134,2023-04-01,23
SME-00134,2023-05-01,25
SME-00134,2023-06-01,20
SME-00135,2022-01-01,4
SME-00135,2022-02-01,3
SME-00135,2022-03-01,4
SME-00135,2022-04-01,3
SME-00135,2022-05-01,3
SME-00135,2022-06-01,3
SME-00135,2022-07-01,3
SME-00135,2022-08-01,3
SME-00135,2022-09-01,3
SME-00135,2022-10-01,4
SME-00135,2022-11-01,3
SME-00135,2022-12-01,3
SME-00135,2023-01-01,4
SME-00135,2023-02-01,3
SME-00135,2023-03-01,3
SME-00135,2023-04-01,3
SME-00135,2023-05-01,4
SME-00135,2023-06-01,4
SME-00136,2022-01-01,6
SME-00136,2022-02-01,7
SME-00136,2022-03-01,7
SME-00136,2022-04-01,7
SME-00136,2022-05-01,7
SME-00136,2022-06-01,6
SME-00136,2022-07-01,7
SME-00136,2022-08-01,7
SME-00136,2022-09-01,7
SME-00136,2022-10-01,7
SME-00136,2022-11-01,8
SME-00136,2022-12-01,7
SME-00136,2023-01-01,7
SME-00136,2023-02-01,6
SME-00136,2023-03-01,7
SME-00136,2023-04-01,6
SME-00136,2023-05-01,8
SME-00136,2023-06-01,5
SME-00137,2022-01-01,6
SME-00137,2022-02-01,6
SME-00137,2022-03-01,6
SME-00137,2022-04-01,4
SME-00137,2022-05-01,4
SME-00137,2022-06-01,6
SME-00137,2022-07-01,4
SME-00137,2022-08-01,5
SME-00137,2022-09-01,6
SME-00137,2022-10-01,6
SME-00137,2022-11-01,4
SME-00137,2022-12-01,4
SME-00137,2023-01-01,5
SME-00137,2023-02-01,6
SME-00137,2023-03-01,7
SME-00137,2023-04-01,6
SME-00137,2023-05-01,5
SME-00137,2023-06-01,5
SME-00138,2022-01-01,9
SME-00138,2022-02-01,8
SME-00138,2022-03-01,8
SME-00138,2022-04-01,8
SME-00138,2022-05-01,9
SME-00138,2022-06-01,8
SME-00138,2022-07-01,9
SME-00138,2022-08-01,8
SME-00138,2022-09-01,9
SME-00138,2022-10-01,9
SME-00138,2022-11-01,8
SME-00138,2022-12-01,7
SME-00138,2023-01-01,10
SME-00138,2023-02-01,7
SME-00138,2023-03-01,8
SME-00138,2023-04-01,8
SME-00138,2023-05-01,10
SME-00138,2023-06-01,9
SME-00139,2022-01-01,7
SME-00139,2022-02-01,7
SME-00139,2022-03-01,8
SME-00139,2022-04-01,10
SME-00139,2022-05-01,8
SME-00139,2022-06-01,9
SME-00139,2022-07-01,11
SME-00139,2022-08-01,9
SME-00139,2022-09-01,10
SME-00139,2022-10-01,11
SME-00139,2022-11-01,9
SME-00139,2022-12-01,10
SME-00139,2023-01-01,10
SME-00139,2023-02-01,10
SME-00139,2023-03-01,10
SME-00139,2023-04-01,8
SME-00139,2023-05-01,9
SME-00139,2023-06-01,10
SME-00140,2022-01-01,6
SME-00140,2022-02-01,7
SME-00140,2022-03-01,6
SME-00140,2022-04-01,6
SME-00140,2022-05-01,5
SME-00140,2022-06-01,6
SME-00140,2022-07-01,6
SME-00140,2022-08-01,5
SME-00140,2022-09-01,7
SME-00140,2022-10-01,8
SME-00140,2022-11-01,6
SME-00140,2022-12-01,7
SME-00140,2023-01-01,8
SME-00140,2023-02-01,6
SME-00140,2023-03-01,6
SME-00140,2023-04-01,6
SME-00140,2023-05-01,7
SME-00140,2023-06-01,6
SME-00141,2022-01-01,1
SME-00141,2022-02-01,2
SME-00141,2022-03-01,2
SME-00141,2022-04-01,1
SME-00141,2022-05-01,1
SME-00141,2022-06-01,2
SME-00141,2022-07-01,1
SME-00141,2022-08-01,1
SME-00141,2022-09-01,2
SME-00141,2022-10-01,2
SME-00141,2022-11-01,1
SME-00141,2022-12-01,2
SME-00141,2023-01-01,2
SME-00141,2023-02-01,2
SME-00141,2023-03-01,2
SME-00141,2023-04-01,1
SME-00141,2023-05-01,2
SME-00141,2023-06-01,1
SME-00142,2022-01-01,8
SME-00142,2022-02-01,7
SME-00142,2022-03-01,7
SME-00142,2022-04-01,8
SME-00142,2022-05-01,7
SME-00142,2022-06-01,8
SME-00142,2022-07-01,7
SME-00142,2022-08-01,7
SME-00142,2022-09-01,9
SME-00142,2022-10-01,7
SME-00142,2022-11-01,8
SME-00142,2022-12-01,7
SME-00142,2023-01-01,8
SME-00142,2023-02-01,7
SME-00142,2023-03-01,6
SME-00142,2023-04-01,7
SME-00142,2023-05-01,9
SME-00142,2023-06-01,9
SME-00143,2022-01-01,9
SME-00143,2022-02-01,9
SME-00143,2022-03-01,9
SME-00143,2022-04-01,10
SME-00143,2022-05-01,9
SME-00143,2022-06-01,11
SME-00143,2022-07-01,10
SME-00143,2022-08-01,11
SME-00143,2022-09-01,9
SME-00143,2022-10-01,9
SME-00143,2022-11-01,11
SME-00143,2022-12-01,10
SME-00143,2023-01-01,11
SME-00143,2023-02-01,11
SME-00143,2023-03-01,10
SME-00143,2023-04-01,10
SME-00143,2023-05-01,11
SME-00143,2023-06-01,9
SME-00144,2022-01-01,2
SME-00144,2022-02-01,1
SME-00144,2022-03-01,1
SME-00144,2022-04-01,2
SME-00144,2022-05-01,2
SME-00144,2022-06-01,1
SME-00144,2022-07-01,2
SME-00144,2022-08-01,1
SME-00144,2022-09-01,2
SME-00144,2022-10-01,2
SME-00144,2022-11-01,2
SME-00144,2022-12-01,2
SME-00144,2023-01-01,2
SME-00144,2023-02-01,2
SME-00144,2023-03-01,1
SME-00144,2023-04-01,1
SME-00144,2023-05-01,2
SME-00144,2023-06-01,1
SME-00145,2022-01-01,21
SME-00145,2022-02-01,19
SME-00145,2022-03-01,26
SME-00145,2022-04-01,20
SME-00145,2022-05-01,23
SME-00145,2022-06-01,25
SME-00145,2022-07-01,24
SME-00145,2022-08-01,22
SME-00145,2022-09-01,25
SME-00145,2022-10-01,24
SME-00145,2022-11-01,24
SME-00145,2022-12-01,22
SME-00145,2023-01-01,21
SME-00145,2023-02-01,24
SME-00145,2023-03-01,25
SME-00145,2023-04-01,22
SME-00145,2023-05-01,20
SME-00145,2023-06-01,25
SME-00146,2022-01-01,8
SME-00146,2022-02-01,7
SME-00146,2022-03-01,6
SME-00146,2022-04-01,7
SME-00146,2022-05-01,7
SME-00146,2022-06-01,8
SME-00146,2022-07-01,9
SME-00146,2022-08-01,8
SME-00146,2022-09-01,8
SME-00146,2022-10-01,8
SME-00146,2022-11-01,6
SME-00146,2022-12-01,6
SME-00146,2023-01-01,8
SME-00146,2023-02-01,8
SME-00146,2023-03-01,5
SME-00146,2023-04-01,8
SME-00146,2023-05-01,8
SME-00146,2023-06-01,9
SME-00147,2022-01-01,8
SME-00147,2022-02-01,9
SME-00147,2022-03-01,9
SME-00147,2022-04-01,9
SME-00147,2022-05-01,9
SME-00147,2022-06-01,9
SME-00147,2022-07-01,9
SME-00147,2022-08-01,9
SME-00147,2022-09-01,8
SME-00147,2022-10-01,9
SME-00147,2022-11-01,10
SME-00147,2022-12-01,9
SME-00147,2023-01-01,8
SME-00147,2023-02-01,9
SME-00147,2023-03-01,9
SME-00147,2023-04-01,8
SME-00147,2023-05-01,8
SME-00147,2023-06-01,8
SME-00148,2022-01-01,3
SME-00148,2022-02-01,3
SME-00148,2022-03-01,4
SME-00148,2022-04-01,3
SME-00148,2022-05-01,4
SME-00148,2022-06-01,4
SME-00148,2022-07-01,4
SME-00148,2022-08-01,4
SME-00148,2022-09-01,3
SME-00148,2022-10-01,3
SME-00148,2022-11-01,3
SME-00148,2022-12-01,4
SME-00148,2023-01-01,3
SME-00148,2023-02-01,4
SME-00148,2023-03-01,3
SME-00148,2023-04-01,3
SME-00148,2023-05-01,4
SME-00148,2023-06-01,4
SME-00149,2022-01-01,11
SME-00149,2022-02-01,11
SME-00149,2022-03-01,13
SME-00149,2022-04-01,12
SME-00149,2022-05-01,11
SME-00149,2022-06-01,10
SME-00149,2022-07-01,11
SME-00149,2022-08-01,12
SME-00149,2022-09-01,12
SME-00149,2022-10-01,12
SME-00149,2022-11-01,12
SME-00149,2022-12-01,9
SME-00149,2023-01-01,15
SME-00149,2023-02-01,11
SME-00149,2023-03-01,11
SME-00149,2023-04-01,13
SME-00149,2023-05-01,11
SME-00149,2023-06-01,12
SME-00150,2022-01-01,1
SME-00150,2022-02-01,1
SME-00150,2022-03-01,1
SME-00150,2022-04-01,1
SME-00150,2022-05-01,1
SME-00150,2022-06-01,1
SME-00150,2022-07-01,1
SME-00150,2022-08-01,1
SME-00150,2022-09-01,1
SME-00150,2022-10-01,1
SME-00150,2022-11-01,1
SME-00150,2022-12-01,1
SME-00150,2023-01-01,1
SME-00150,2023-02-01,1
SME-00150,2023-03-01,1
SME-00150,2023-04-01,1
SME-00150,2023-05-01,1
SME-00150,2023-06-01,1
SME-00151,2022-01-01,10
SME-00151,2022-02-01,8
SME-00151,2022-03-01,10
SME-00151,2022-04-01,10
SME-00151,2022-05-01,9
SME-00151,2022-06-01,8
SME-00151,2022-07-01,9
SME-00151,2022-08-01,11
SME-00151,2022-09-01,9
SME-00151,2022-10-01,10
SME-00151,2022-11-01,9
SME-00151,2022-12-01,10
SME-00151,2023-01-01,8
SME-00151,2023-02-01,10
SME-00151,2023-03-01,10
SME-00151,2023-04-01,10
SME-00151,2023-05-01,9
SME-00151,2023-06-01,11
SME-00152,2022-01-01,2
SME-00152,2022-02-01,2
SME-00152,2022-03-01,2
SME-00152,2022-04-01,3
SME-00152,2022-05-01,3
SME-00152,2022-06-01,3
SME-00152,2022-07-01,2
SME-00152,2022-08-01,3
SME-00152,2022-09-01,3
SME-00152,2022-10-01,2
SME-00152,2022-11-01,2
SME-00152,2022-12-01,3
SME-00152,2023-01-01,3
SME-00152,2023-02-01,2
SME-00152,2023-03-01,2
SME-00152,2023-04-01,2
SME-00152,2023-05-01,3
SME-00152,2023-06-01,2
SME-00153,2022-01-01,9
SME-00153,2022-02-01,11
SME-00153,2022-03-01,10
SME-00153,2022-04-01,11
SME-00153,2022-05-01,10
SME-00153,2022-06-01,10
SME-00153,2022-07-01,11
SME-00153,2022-08-01,9
SME-00153,2022-09-01,10
SME-00153,2022-10-01,13
SME-00153,2022-11-01,12
SME-00153,2022-12-01,12
SME-00153,2023-01-01,9
SME-00153,2023-02-01,12
SME-00153,2023-03-01,10
SME-00153,2023-04-01,9
SME-00153,2023-05-01,7
SME-00153,2023-06-01,10
SME-00154,2022-01-01,1
SME-00154,2022-02-01,1
SME-00154,2022-03-01,2
SME-00154,2022-04-01,1
SME-00154,2022-05-01,1
SME-00154,2022-06-01,2
SME-00154,2022-07-01,2
SME-00154,2022-08-01,1
SME-00154,2022-09-01,2
SME-00154,2022-10-01,2
SME-00154,2022-11-01,1
SME-00154,2022-12-01,1
SME-00154,2023-01-01,2
SME-00154,2023-02-01,1
SME-00154,2023-03-01,2
SME-00154,2023-04-01,1
SME-00154,2023-05-01,1
SME-00154,2023-06-01,2
SME-00155,2022-01-01,21
SME-00155,2022-02-01,20
SME-00155,2022-03-01,22
SME-00155,2022-04-01,22
SME-00155,2022-05-01,25
SME-00155,2022-06-01,22
SME-00155,2022-07-01,25
SME-00155,2022-08-01,22
SME-00155,2022-09-01,24
SME-00155,2022-10-01,27
SME-00155,2022-11-01,25
SME-00155,2022-12-01,23
SME-00155,2023-01-01,22
SME-00155,2023-02-01,25
SME-00155,2023-03-01,24
SME-00155,2023-04-01,19
SME-00155,2023-05-01,23
SME-00155,2023-06-01,20
SME-00156,2022-01-01,19
SME-00156,2022-02-01,28
SME-00156,2022-03-01,24
SME-00156,2022-04-01,22
SME-00156,2022-05-01,26
SME-00156,2022-06-01,18
SME-00156,2022-07-01,21
SME-00156,2022-08-01,24
SME-00156,2022-09-01,22
SME-00156,2022-10-01,22
SME-00156,2022-11-01,25
SME-00156,2022-12-01,24
SME-00156,2023-01-01,20
SME-00156,2023-02-01,22
SME-00156,2023-03-01,24
SME-00156,2023-04-01,24
SME-00156,2023-05-01,24
SME-00156,2023-06-01,19
SME-00157,2022-01-01,7
SME-00157,2022-02-01,8
SME-00157,2022-03-01,9
SME-00157,2022-04-01,7
SME-00157,2022-05-01,7
SME-00157,2022-06-01,8
SME-00157,2022-07-01,7
SME-00157,2022-08-01,9
SME-00157,2022-09-01,8
SME-00157,2022-10-01,9
SME-00157,2022-11-01,7
SME-00157,2022-12-01,8
SME-00157,2023-01-01,8
SME-00157,2023-02-01,9
SME-00157,2023-03-01,7
SME-00157,2023-04-01,7
SME-00157,2023-05-01,9
SME-00157,2023-06-01,9
SME-00158,2022-01-01,10
SME-00158,2022-02-01,9
SME-00158,2022-03-01,10
SME-00158,2022-04-01,9
SME-00158,2022-05-01,10
SME-00158,2022-06-01,9
SME-00158,2022-07-01,11
SME-00158,2022-08-01,9
SME-00158,2022-09-01,8
SME-00158,2022-10-01,12
SME-00158,2022-11-01,8
SME-00158,2022-12-01,8
SME-00158,2023-01-01,9
SME-00158,2023-02-01,8
SME-00158,2023-03-01,9
SME-00158,2023-04-01,9
SME-00158,2023-05-01,9
SME-00158,2023-06-01,9
SME-00159,2022-01-01,6
SME-00159,2022-02-01,5
SME-00159,2022-03-01,4
SME-00159,2022-04-01,4
SME-00159,2022-05-01,5
SME-00159,2022-06-01,5
SME-00159,2022-07-01,5
SME-00159,2022-08-01,5
SME-00159,2022-09-01,4
SME-00159,2022-10-01,5
SME-00159,2022-11-01,5
SME-00159,2022-12-01,4
SME-00159,2023-01-01,4
SME-00159,2023-02-01,5
SME-00159,2023-03-01,5
SME-00159,2023-04-01,4
SME-00159,2023-05-01,5
SME-00159,2023-06-01,4
SME-00160,2022-01-01,7
SME-00160,2022-02-01,7
SME-00160,2022-03-01,7
SME-00160,2022-04-01,7
SME-00160,2022-05-01,7
SME-00160,2022-06-01,6
SME-00160,2022-07-01,5
SME-00160,2022-08-01,7
SME-00160,2022-09-01,6
SME-00160,2022-10-01,7
SME-00160,2022-11-01,6
SME-00160,2022-12-01,6
SME-00160,2023-01-01,7
SME-00160,2023-02-01,7
SME-00160,2023-03-01,7
SME-00160,2023-04-01,6
SME-00160,2023-05-01,6
SME-00160,2023-06-01,6
SME-00161,2022-01-01,2
SME-00161,2022-02-01,3
SME-00161,2022-03-01,3
SME-00161,2022-04-01,2
SME-00161,2022-05-01,3
SME-00161,2022-06-01,3
SME-00161,2022-07-01,2
SME-00161,2022-08-01,3
SME-00161,2022-09-01,2
SME-00161,2022-10-01,3
SME-00161,2022-11-01,3
SME-00161,2022-12-01,2
SME-00161,2023-01-01,2
SME-00161,2023-02-01,2
SME-00161,2023-03-01,3
SME-00161,2023-04-01,3
SME-00161,2023-05-01,2
SME-00161,2023-06-01,3
SME-00162,2022-01-01,5
SME-00162,2022-02-01,5
SME-00162,2022-03-01,5
SME-00162,2022-04-01,4
SME-00162,2022-05-01,4
SME-00162,2022-06-01,4
SME-00162,2022-07-01,4
SME-00162,2022-08-01,4
SME-00162,2022-09-01,4
SME-00162,2022-10-01,6
SME-00162,2022-11-01,4
SME-00162,2022-12-01,4
SME-00162,2023-01-01,5
SME-00162,2023-02-01,4
SME-00162,2023-03-01,4
SME-00162,2023-04-01,5
SME-00162,2023-05-01,5
SME-00162,2023-06-01,5
SME-00163,2022-01-01,8
SME-00163,2022-02-01,9
SME-00163,2022-03-01,8
SME-00163,2022-04-01,7
SME-00163,2022-05-01,8
SME-00163,2022-06-01,9
SME-00163,2022-07-01,9
SME-00163,2022-08-01,9
SME-00163,2022-09-01,9
SME-00163,2022-10-01,8
SME-00163,2022-11-01,8
SME-00163,2022-12-01,8
SME-00163,2023-01-01,8
SME-00163,2023-02-01,9
SME-00163,2023-03-01,9
SME-00163,2023-04-01,9
SME-00163,2023-05-01,9
SME-00163,2023-06-01,8
SME-00164,2022-01-01,4
SME-00164,2022-02-01,5
SME-00164,2022-03-01,5
SME-00164,2022-04-01,3
SME-00164,2022-05-01,4
SME-00164,2022-06-01,4
SME-00164,2022-07-01,5
SME-00164,2022-08-01,5
SME-00164,2022-09-01,4
SME-00164,2022-10-01,5
SME-00164,2022-11-01,4
SME-00164,2022-12-01,5
SME-00164,2023-01-01,4
SME-00164,2023-02-01,4
SME-00164,2023-03-01,5
SME-00164,2023-04-01,4
SME-00164,2023-05-01,4
SME-00164,2023-06-01,5
SME-00165,2022-01-01,3
SME-00165,2022-02-01,4
SME-00165,2022-03-01,4
SME-00165,2022-04-01,3
SME-00165,2022-05-01,4
SME-00165,2022-06-01,3
SME-00165,2022-07-01,4
SME-00165,2022-08-01,4
SME-00165,2022-09-01,3
SME-00165,2022-10-01,3
SME-00165,2022-11-01,4
SME-00165,2022-12-01,3
SME-00165,2023-01-01,3
SME-00165,2023-02-01,4
SME-00165,2023-03-01,3
SME-00165,2023-04-01,4
SME-00165,2023-05-01,4
SME-00165,2023-06-01,3
SME-00166,2022-01-01,6
SME-00166,2022-02-01,7
SME-00166,2022-03-01,7
SME-00166,2022-04-01,7
SME-00166,2022-05-01,8
SME-00166,2022-06-01,6
SME-00166,2022-07-01,6
SME-00166,2022-08-01,6
SME-00166,2022-09-01,7
SME-00166,2022-10-01,7
SME-00166,2022-11-01,7
SME-00166,2022-12-01,7
SME-00166,2023-01-01,7
SME-00166,2023-02-01,7
SME-00166,2023-03-01,7
SME-00166,2023-04-01,7
SME-00166,2023-05-01,6
SME-00166,2023-06-01,7
SME-00167,2022-01-01,11
SME-00167,2022-02-01,10
SME-00167,2022-03-01,11
SME-00167,2022-04-01,10
SME-00167,2022-05-01,9
SME-00167,2022-06-01,9
SME-00167,2022-07-01,10
SME-00167,2022-08-01,8
SME-00167,2022-09-01,9
SME-00167,2022-10-01,9
SME-00167,2022-11-01,8
SME-00167,2022-12-01,11
SME-00167,2023-01-01,9
SME-00167,2023-02-01,9
SME-00167,2023-03-01,10
SME-00167,2023-04-01,9
SME-00167,2023-05-01,8
SME-00167,2023-06-01,10
SME-00168,2022-01-01,4
SME-00168,2022-02-01,3
SME-00168,2022-03-01,3
SME-00168,2022-04-01,4
SME-00168,2022-05-01,3
SME-00168,2022-06-01,4
SME-00168,2022-07-01,3
SME-00168,2022-08-01,4
SME-00168,2022-09-01,4
SME-00168,2022-10-01,4
SME-00168,2022-11-01,3
SME-00168,2022-12-01,4
SME-00168,2023-01-01,3
SME-00168,2023-02-01,3
SME-00168,2023-03-01,3
SME-00168,2023-04-01,3
SME-00168,2023-05-01,3
SME-00168,2023-06-01,4
SME-00169,2022-01-01,2
SME-00169,2022-02-01,2
SME-00169,2022-03-01,1
SME-00169,2022-04-01,1
SME-00169,2022-05-01,1
SME-00169,2022-06-01,1
SME-00169,2022-07-01,1
SME-00169,2022-08-01,2
SME-00169,2022-09-01,1
SME-00169,2022-10-01,2
SME-00169,2022-11-01,2
SME-00169,2022-12-01,2
SME-00169,2023-01-01,2
SME-00169,2023-02-01,1
SME-00169,2023-03-01,1
SME-00169,2023-04-01,1
SME-00169,2023-05-01,2
SME-00169,2023-06-01,2
SME-00170,2022-01-01,29
SME-00170,2022-02-01,32
SME-00170,2022-03-01,32
SME-00170,2022-04-01,27
SME-00170,2022-05-01,30
SME-00170,2022-06-01,33
SME-00170,2022-07-01,30
SME-00170,2022-08-01,35
SME-00170,2022-09-01,32
SME-00170,2022-10-01,31
SME-00170,2022-11-01,28
SME-00170,2022-12-01,30
SME-00170,2023-01-01,27
SME-00170,2023-02-01,28
SME-00170,2023-03-01,31
SME-00170,2023-04-01,32
SME-00170,2023-05-01,29
SME-00170,2023-06-01,29
SME-00171,2022-01-01,6
SME-00171,2022-02-01,5
SME-00171,2022-03-01,6
SME-00171,2022-04-01,5
SME-00171,2022-05-01,5
SME-00171,2022-06-01,5
SME-00171,2022-07-01,4
SME-00171,2022-08-01,5
SME-00171,2022-09-01,6
SME-00171,2022-10-01,6
SME-00171,2022-11-01,5
SME-00171,2022-12-01,5
SME-00171,2023-01-01,6
SME-00171,2023-02-01,5
SME-00171,2023-03-01,5
SME-00171,2023-04-01,6
SME-00171,2023-05-01,5
SME-00171,2023-06-01,5
SME-00172,2022-01-01,15
SME-00172,2022-02-01,13
SME-00172,2022-03-01,15
SME-00172,2022-04-01,11
SME-00172,2022-05-01,13
SME-00172,2022-06-01,13
SME-00172,2022-07-01,12
SME-00172,2022-08-01,13
SME-00172,2022-09-01,14
SME-00172,2022-10-01,15
SME-00172,2022-11-01,10
SME-00172,2022-12-01,12
SME-00172,2023-01-01,13
SME-00172,2023-02-01,15
SME-00172,2023-03-01,14
SME-00172,2023-04-01,12
SME-00172,2023-05-01,11
SME-00172,2023-06-01,16
SME-00173,2022-01-01,11
SME-00173,2022-02-01,11
SME-00173,2022-03-01,12
SME-00173,2022-04-01,11
SME-00173,2022-05-01,12
SME-00173,2022-06-01,9
SME-00173,2022-07-01,12
SME-00173,2022-08-01,12
SME-00173,2022-09-01,11
SME-00173,2022-10-01,12
SME-00173,2022-11-01,12
SME-00173,2022-12-01,12
SME-00173,2023-01-01,11
SME-00173,2023-02-01,13
SME-00173,2023-03-01,12
SME-00173,2023-04-01,14
SME-00173,2023-05-01,11
SME-00173,2023-06-01,11
SME-00174,2022-01-01,34
SME-00174,2022-02-01,32
SME-00174,2022-03-01,34
SME-00174,2022-04-01,34
SME-00174,2022-05-01,33
SME-00174,2022-06-01,32
SME-00174,2022-07-01,32
SME-00174,2022-08-01,38
SME-00174,2022-09-01,36
SME-00174,2022-10-01,40
SME-00174,2022-11-01,40
SME-00174,2022-12-01,30
SME-00174,2023-01-01,32
SME-00174,2023-02-01,37
SME-00174,2023-03-01,33
SME-00174,2023-04-01,33
SME-00174,2023-05-01,34
SME-00174,2023-06-01,37
SME-00175,2022-01-01,10
SME-00175,2022-02-01,9
SME-00175,2022-03-01,10
SME-00175,2022-04-01,9
SME-00175,2022-05-01,11
SME-00175,2022-06-01,11
SME-00175,2022-07-01,10
SME-00175,2022-08-01,10
SME-00175,2022-09-01,10
SME-00175,2022-10-01,10
SME-00175,2022-11-01,9
SME-00175,2022-12-01,11
SME-00175,2023-01-01,8
SME-00175,2023-02-01,11
SME-00175,2023-03-01,11
SME-00175,2023-04-01,9
SME-00175,2023-05-01,12
SME-00175,2023-06-01,11
SME-00176,2022-01-01,9
SME-00176,2022-02-01,9
SME-00176,2022-03-01,8
SME-00176,2022-04-01,7
SME-00176,2022-05-01,7
SME-00176,2022-06-01,9
SME-00176,2022-07-01,8
SME-00176,2022-08-01,10
SME-00176,2022-09-01,8
SME-00176,2022-10-01,8
SME-00176,2022-11-01,9
SME-00176,2022-12-01,8
SME-00176,2023-01-01,9
SME-00176,2023-02-01,7
SME-00176,2023-03-01,8
SME-00176,2023-04-01,8
SME-00176,2023-05-01,10
SME-00176,2023-06-01,8
SME-00177,2022-01-01,1
SME-00177,2022-02-01,1
SME-00177,2022-03-01,1
SME-00177,2022-04-01,1
SME-00177,2022-05-01,1
SME-00177,2022-06-01,1
SME-00177,2022-07-01,1
SME-00177,2022-08-01,1
SME-00177,2022-09-01,1
SME-00177,2022-10-01,1
SME-00177,2022-11-01,1
SME-00177,2022-12-01,1
SME-00177,2023-01-01,1
SME-00177,2023-02-01,1
SME-00177,2023-03-01,1
SME-00177,2023-04-01,1
SME-00177,2023-05-01,1
SME-00177,2023-06-01,1
SME-00178,2022-01-01,11
SME-00178,2022-02-01,13
SME-00178,2022-03-01,10
SME-00178,2022-04-01,11
SME-00178,2022-05-01,10
SME-00178,2022-06-01,12
SME-00178,2022-07-01,14
SME-00178,2022-08-01,13
SME-00178,2022-09-01,13
SME-00178,2022-10-01,13
SME-00178,2022-11-01,14
SME-00178,2022-12-01,12
SME-00178,2023-01-01,11
SME-00178,2023-02-01,14
SME-00178,2023-03-01,14
SME-00178,2023-04-01,13
SME-00178,2023-05-01,14
SME-00178,2023-06-01,11
SME-00179,2022-01-01,3
SME-00179,2022-02-01,4
SME-00179,2022-03-01,4
SME-00179,2022-04-01,4
SME-00179,2022-05-01,4
SME-00179,2022-06-01,4
SME-00179,2022-07-01,3
SME-00179,2022-08-01,3
SME-00179,2022-09-01,4
SME-00179,2022-10-01,3
SME-00179,2022-11-01,4
SME-00179,2022-12-01,4
SME-00179,2023-01-01,3
SME-00179,2023-02-01,4
SME-00179,2023-03-01,3
SME-00179,2023-04-01,4
SME-00179,2023-05-01,3
SME-00179,2023-06-01,4
SME-00180,2022-01-01,8
SME-00180,2022-02-01,10
SME-00180,2022-03-01,8
SME-00180,2022-04-01,11
SME-00180,2022-05-01,12
SME-00180,2022-06-01,11
SME-00180,2022-07-01,11
SME-00180,2022-08-01,11
SME-00180,2022-09-01,10
SME-00180,2022-10-01,11
SME-00180,2022-11-01,9
SME-00180,2022-12-01,12
SME-00180,2023-01-01,12
SME-00180,2023-02-01,10
SME-00180,2023-03-01,11
SME-00180,2023-04-01,10
SME-00180,2023-05-01,11
SME-00180,2023-06-01,11
SME-00181,2022-01-01,17
SME-00181,2022-02-01,20
SME-00181,2022-03-01,13
SME-00181,2022-04-01,16
SME-00181,2022-05-01,20
SME-00181,2022-06-01,16
SME-00181,2022-07-01,16
SME-00181,2022-08-01,17
SME-00181,2022-09-01,13
SME-00181,2022-10-01,16
SME-00181,2022-11-01,15
SME-00181,2022-12-01,17
SME-00181,2023-01-01,16
SME-00181,2023-02-01,17
SME-00181,2023-03-01,18
SME-00181,2023-04-01,16
SME-00181,2023-05-01,17
SME-00181,2023-06-01,15
SME-00182,2022-01-01,26
SME-00182,2022-02-01,24
SME-00182,2022-03-01,27
SME-00182,2022-04-01,19
SME-00182,2022-05-01,22
SME-00182,2022-06-01,20
SME-00182,2022-07-01,19
SME-00182,2022-08-01,21
SME-00182,2022-09-01,20
SME-00182,2022-10-01,23
SME-00182,2022-11-01,25
SME-00182,2022-12-01,24
SME-00182,2023-01-01,23
SME-00182,2023-02-01,20
SME-00182,2023-03-01,21
SME-00182,2023-04-01,23
SME-00182,2023-05-01,25
SME-00182,2023-06-01,27
SME-00183,2022-01-01,29
SME-00183,2022-02-01,27
SME-00183,2022-03-01,21
SME-00183,2022-04-01,30
SME-00183,2022-05-01,28
SME-00183,2022-06-01,28
SME-00183,2022-07-01,32
SME-00183,2022-08-01,36
SME-00183,2022-09-01,30
SME-00183,2022-10-01,29
SME-00183,2022-11-01,28
SME-00183,2022-12-01,31
SME-00183,2023-01-01,25
SME-00183,2023-02-01,26
SME-00183,2023-03-01,28
SME-00183,2023-04-01,33
SME-00183,2023-05-01,29
SME-00183,2023-06-01,29
SME-00184,2022-01-01,6
SME-00184,2022-02-01,5
SME-00184,2022-03-01,6
SME-00184,2022-04-01,5
SME-00184,2022-05-01,5
SME-00184,2022-06-01,6
SME-00184,2022-07-01,5
SME-00184,2022-08-01,5
SME-00184,2022-09-01,6
SME-00184,2022-10-01,6
SME-00184,2022-11-01,6
SME-00184,2022-12-01,5
SME-00184,2023-01-01,5
SME-00184,2023-02-01,5
SME-00184,2023-03-01,5
SME-00184,2023-04-01,5
SME-00184,2023-05-01,6
SME-00184,2023-06-01,5
SME-00185,2022-01-01,3
SME-00185,2022-02-01,3
SME-00185,2022-03-01,5
SME-00185,2022-04-01,4
SME-00185,2022-05-01,5
SME-00185,2022-06-01,4
SME-00185,2022-07-01,5
SME-00185,2022-08-01,4
SME-00185,2022-09-01,4
SME-00185,2022-10-01,3
SME-00185,2022-11-01,4
SME-00185,2022-12-01,4
SME-00185,2023-01-01,5
SME-00185,2023-02-01,4
SME-00185,2023-03-01,4
SME-00185,2023-04-01,4
SME-00185,2023-05-01,4
SME-00185,2023-06-01,5
SME-00186,2022-01-01,6
SME-00186,2022-02-01,6
SME-00186,2022-03-01,6
SME-00186,2022-04-01,7
SME-00186,2022-05-01,6
SME-00186,2022-06-01,6
SME-00186,2022-07-01,5
SME-00186,2022-08-01,5
SME-00186,2022-09-01,6
SME-00186,2022-10-01,4
SME-00186,2022-11-01,6
SME-00186,2022-12-01,5
SME-00186,2023-01-01,5
SME-00186,2023-02-01,6
SME-00186,2023-03-01,6
SME-00186,2023-04-01,6
SME-00186,2023-05-01,7
SME-00186,2023-06-01,5
SME-00187,2022-01-01,2
SME-00187,2022-02-01,2
SME-00187,2022-03-01,2
SME-00187,2022-04-01,1
SME-00187,2022-05-01,2
SME-00187,2022-06-01,2
SME-00187,2022-07-01,2
SME-00187,2022-08-01,2
SME-00187,2022-09-01,1
SME-00187,2022-10-01,2
SME-00187,2022-11-01,2
SME-00187,2022-12-01,1
SME-00187,2023-01-01,1
SME-00187,2023-02-01,2
SME-00187,2023-03-01,1
SME-00187,2023-04-01,2
SME-00187,2023-05-01,1
SME-00187,2023-06-01,1
SME-00188,2022-01-01,1
SME-00188,2022-02-01,1
SME-00188,2022-03-01,1
SME-00188,2022-04-01,1
SME-00188,2022-05-01,1
SME-00188,2022-06-01,1
SME-00188,2022-07-01,1
SME-00188,2022-08-01,1
SME-00188,2022-09-01,1
SME-00188,2022-10-01,1
SME-00188,2022-11-01,1
SME-00188,2022-12-01,1
SME-00188,2023-01-01,1
SME-00188,2023-02-01,1
SME-00188,2023-03-01,1
SME-00188,2023-04-01,1
SME-00188,2023-05-01,1
SME-00188,2023-06-01,1
SME-00189,2022-01-01,6
SME-00189,2022-02-01,7
SME-00189,2022-03-01,7
SME-00189,2022-04-01,6
SME-00189,2022-05-01,7
SME-00189,2022-06-01,6
SME-00189,2022-07-01,7
SME-00189,2022-08-01,8
SME-00189,2022-09-01,6
SME-00189,2022-10-01,7
SME-00189,2022-11-01,6
SME-00189,2022-12-01,7
SME-00189,2023-01-01,6
SME-00189,2023-02-01,6
SME-00189,2023-03-01,6
SME-00189,2023-04-01,7
SME-00189,2023-05-01,6
SME-00189,2023-06-01,6
SME-00190,2022-01-01,2
SME-00190,2022-02-01,3
SME-00190,2022-03-01,2
SME-00190,2022-04-01,3
SME-00190,2022-05-01,3
SME-00190,2022-06-01,2
SME-00190,2022-07-01,2
SME-00190,2022-08-01,2
SME-00190,2022-09-01,3
SME-00190,2022-10-01,3
SME-00190,2022-11-01,2
SME-00190,2022-12-01,2
SME-00190,2023-01-01,3
SME-00190,2023-02-01,2
SME-00190,2023-03-01,2
SME-00190,2023-04-01,3
SME-00190,2023-05-01,3
SME-00190,2023-06-01,2
SME-00191,2022-01-01,9
SME-00191,2022-02-01,8
SME-00191,2022-03-01,9
SME-00191,2022-04-01,10
SME-00191,2022-05-01,9
SME-00191,2022-06-01,10
SME-00191,2022-07-01,9
SME-00191,2022-08-01,9
SME-00191,2022-09-01,9
SME-00191,2022-10-01,10
SME-00191,2022-11-01,10
SME-00191,2022-12-01,8
SME-00191,2023-01-01,8
SME-00191,2023-02-01,10
SME-00191,2023-03-01,9
SME-00191,2023-04-01,8
SME-00191,2023-05-01,8
SME-00191,2023-06-01,10
SME-00192,2022-01-01,3
SME-00192,2022-02-01,3
SME-00192,2022-03-01,4
SME-00192,2022-04-01,3
SME-00192,2022-05-01,4
SME-00192,2022-06-01,3
SME-00192,2022-07-01,3
SME-00192,2022-08-01,3
SME-00192,2022-09-01,3
SME-00192,2022-10-01,4
SME-00192,2022-11-01,3
SME-00192,2022-12-01,4
SME-00192,2023-01-01,3
SME-00192,2023-02-01,4
SME-00192,2023-03-01,3
SME-00192,2023-04-01,3
SME-00192,2023-05-01,4
SME-00192,2023-06-01,3
SME-00193,2022-01-01,2
SME-00193,2022-02-01,2
SME-00193,2022-03-01,2
SME-00193,2022-04-01,2
SME-00193,2022-05-01,1
SME-00193,2022-06-01,2
SME-00193,2022-07-01,2
SME-00193,2022-08-01,1
SME-00193,2022-09-01,2
SME-00193,2022-10-01,2
SME-00193,2022-11-01,1
SME-00193,2022-12-01,1
SME-00193,2023-01-01,1
SME-00193,2023-02-01,1
SME-00193,2023-03-01,1
SME-00193,2023-04-01,2
SME-00193,2023-05-01,1
SME-00193,2023-06-01,1
SME-00194,2022-01-01,8
SME-00194,2022-02-01,10
SME-00194,2022-03-01,9
SME-00194,2022-04-01,9
SME-00194,2022-05-01,9
SME-00194,2022-06-01,10
SME-00194,2022-07-01,11
SME-00194,2022-08-01,9
SME-00194,2022-09-01,10
SME-00194,2022-10-01,9
SME-00194,2022-11-01,9
SME-00194,2022-12-01,10
SME-00194,2023-01-01,10
SME-00194,2023-02-01,9
SME-00194,2023-03-01,10
SME-00194,2023-04-01,9
SME-00194,2023-05-01,9
SME-00194,2023-06-01,10
SME-00195,2022-01-01,10
SME-00195,2022-02-01,9
SME-00195,2022-03-01,10
SME-00195,2022-04-01,11
SME-00195,2022-05-01,8
SME-00195,2022-06-01,8
SME-00195,2022-07-01,9
SME-00195,2022-08-01,9
SME-00195,2022-09-01,11
SME-00195,2022-10-01,9
SME-00195,2022-11-01,9
SME-00195,2022-12-01,11
SME-00195,2023-01-01,8
SME-00195,2023-02-01,10
SME-00195,2023-03-01,10
SME-00195,2023-04-01,11
SME-00195,2023-05-01,9
SME-00195,2023-06-01,10
SME-00196,2022-01-01,13
SME-00196,2022-02-01,18
SME-00196,2022-03-01,15
SME-00196,2022-04-01,13
SME-00196,2022-05-01,12
SME-00196,2022-06-01,14
SME-00196,2022-07-01,15
SME-00196,2022-08-01,13
SME-00196,2022-09-01,14
SME-00196,2022-10-01,13
SME-00196,2022-11-01,16
SME-00196,2022-12-01,14
SME-00196,2023-01-01,16
SME-00196,2023-02-01,14
SME-00196,2023-03-01,11
SME-00196,2023-04-01,15
SME-00196,2023-05-01,18
SME-00196,2023-06-01,15
SME-00197,2022-01-01,29
SME-00197,2022-02-01,35
SME-00197,2022-03-01,34
SME-00197,2022-04-01,34
SME-00197,2022-05-01,36
SME-00197,2022-06-01,33
SME-00197,2022-07-01,39
SME-00197,2022-08-01,35
SME-00197,2022-09-01,32
SME-00197,2022-10-01,30
SME-00197,2022-11-01,36
SME-00197,2022-12-01,33
SME-00197,2023-01-01,36
SME-00197,2023-02-01,32
SME-00197,2023-03-01,34
SME-00197,2023-04-01,37
SME-00197,2023-05-01,34
SME-00197,2023-06-01,32
SME-00198,2022-01-01,14
SME-00198,2022-02-01,14
SME-00198,2022-03-01,17
SME-00198,2022-04-01,14
SME-00198,2022-05-01,16
SME-00198,2022-06-01,15
SME-00198,2022-07-01,14
SME-00198,2022-08-01,15
SME-00198,2022-09-01,14
SME-00198,2022-10-01,14
SME-00198,2022-11-01,14
SME-00198,2022-12-01,14
SME-00198,2023-01-01,13
SME-00198,2023-02-01,16
SME-00198,2023-03-01,15
SME-00198,2023-04-01,18
SME-00198,2023-05-01,15
SME-00198,2023-06-01,14
SME-00199,2022-01-01,21
SME-00199,2022-02-01,22
SME-00199,2022-03-01,20
SME-00199,2022-04-01,18
SME-00199,2022-05-01,21
SME-00199,2022-06-01,19
SME-00199,2022-07-01,20
SME-00199,2022-08-01,19
SME-00199,2022-09-01,19
SME-00199,2022-10-01,23
SME-00199,2022-11-01,17
SME-00199,2022-12-01,21
SME-00199,2023-01-01,18
SME-00199,2023-02-01,21
SME-00199,2023-03-01,19
SME-00199,2023-04-01,21
SME-00199,2023-05-01,19
SME-00199,2023-06-01,19
SME-00200,2022-01-01,9
SME-00200,2022-02-01,9
SME-00200,2022-03-01,7
SME-00200,2022-04-01,6
SME-00200,2022-05-01,7
SME-00200,2022-06-01,8
SME-00200,2022-07-01,8
SME-00200,2022-08-01,7
SME-00200,2022-09-01,10
SME-00200,2022-10-01,8
SME-00200,2022-11-01,7
SME-00200,2022-12-01,9
SME-00200,2023-01-01,10
SME-00200,2023-02-01,10
SME-00200,2023-03-01,9
SME-00200,2023-04-01,7
SME-00200,2023-05-01,10
SME-00200,2023-06-01,9
SME-00201,2022-01-01,4
SME-00201,2022-02-01,5
SME-00201,2022-03-01,5
SME-00201,2022-04-01,4
SME-00201,2022-05-01,4
SME-00201,2022-06-01,4
SME-00201,2022-07-01,4
SME-00201,2022-08-01,4
SME-00201,2022-09-01,5
SME-00201,2022-10-01,4
SME-00201,2022-11-01,4
SME-00201,2022-12-01,5
SME-00201,2023-01-01,4
SME-00201,2023-02-01,4
SME-00201,2023-03-01,4
SME-00201,2023-04-01,5
SME-00201,2023-05-01,5
SME-00201,2023-06-01,4
SME-00202,2022-01-01,2
SME-00202,2022-02-01,2
SME-00202,2022-03-01,3
SME-00202,2022-04-01,3
SME-00202,2022-05-01,2
SME-00202,2022-06-01,3
SME-00202,2022-07-01,2
SME-00202,2022-08-01,2
SME-00202,2022-09-01,2
SME-00202,2022-10-01,3
SME-00202,2022-11-01,3
SME-00202,2022-12-01,2
SME-00202,2023-01-01,3
SME-00202,2023-02-01,3
SME-00202,2023-03-01,2
SME-00202,2023-04-01,2
SME-00202,2023-05-01,2
SME-00202,2023-06-01,2
SME-00203,2022-01-01,11
SME-00203,2022-02-01,10
SME-00203,2022-03-01,11
SME-00203,2022-04-01,11
SME-00203,2022-05-01,9
SME-00203,2022-06-01,10
SME-00203,2022-07-01,9
SME-00203,2022-08-01,11
SME-00203,2022-09-01,12
SME-00203,2022-10-01,10
SME-00203,2022-11-01,12
SME-00203,2022-12-01,10
SME-00203,2023-01-01,11
SME-00203,2023-02-01,10
SME-00203,2023-03-01,10
SME-00203,2023-04-01,10
SME-00203,2023-05-01,10
SME-00203,2023-06-01,10
SME-00204,2022-01-01,3
SME-00204,2022-02-01,4
SME-00204,2022-03-01,3
SME-00204,2022-04-01,4
SME-00204,2022-05-01,4
SME-00204,2022-06-01,3
SME-00204,2022-07-01,3
SME-00204,2022-08-01,3
SME-00204,2022-09-01,4
SME-00204,2022-10-01,4
SME-00204,2022-11-01,3
SME-00204,2022-12-01,4
SME-00204,2023-01-01,3
SME-00204,2023-02-01,3
SME-00204,2023-03-01,4
SME-00204,2023-04-01,4
SME-00204,2023-05-01,3
SME-00204,2023-06-01,3
SME-00205,2022-01-01,5
SME-00205,2022-02-01,5
SME-00205,2022-03-01,5
SME-00205,2022-04-01,4
SME-00205,2022-05-01,4
SME-00205,2022-06-01,5
SME-00205,2022-07-01,5
SME-00205,2022-08-01,4
SME-00205,2022-09-01,6
SME-00205,2022-10-01,5
SME-00205,2022-11-01,5
SME-00205,2022-12-01,4
SME-00205,2023-01-01,4
SME-00205,2023-02-01,6
SME-00205,2023-03-01,5
SME-00205,2023-04-01,5
SME-00205,2023-05-01,5
SME-00205,2023-06-01,5
SME-00206,2022-01-01,17
SME-00206,2022-02-01,14
SME-00206,2022-03-01,13
SME-00206,2022-04-01,14
SME-00206,2022-05-01,15
SME-00206,2022-06-01,15
SME-00206,2022-07-01,17
SME-00206,2022-08-01,14
SME-00206,2022-09-01,17
SME-00206,2022-10-01,16
SME-00206,2022-11-01,17
SME-00206,2022-12-01,19
SME-00206,2023-01-01,14
SME-00206,2023-02-01,19
SME-00206,2023-03-01,16
SME-00206,2023-04-01,19
SME-00206,2023-05-01,18
SME-00206,2023-06-01,15
SME-00207,2022-01-01,7
SME-00207,2022-02-01,8
SME-00207,2022-03-01,8
SME-00207,2022-04-01,8
SME-00207,2022-05-01,8
SME-00207,2022-06-01,8
SME-00207,2022-07-01,8
SME-00207,2022-08-01,8
SME-00207,2022-09-01,7
SME-00207,2022-10-01,8
SME-00207,2022-11-01,9
SME-00207,2022-12-01,7
SME-00207,2023-01-01,7
SME-00207,2023-02-01,8
SME-00207,2023-03-01,9
SME-00207,2023-04-01,8
SME-00207,2023-05-01,7
SME-00207,2023-06-01,8
SME-00208,2022-01-01,3
SME-00208,2022-02-01,3
SME-00208,2022-03-01,3
SME-00208,2022-04-01,2
SME-00208,2022-05-01,3
SME-00208,2022-06-01,2
SME-00208,2022-07-01,3
SME-00208,2022-08-01,2
SME-00208,2022-09-01,3
SME-00208,2022-10-01,2
SME-00208,2022-11-01,3
SME-00208,2022-12-01,2
SME-00208,2023-01-01,3
SME-00208,2023-02-01,3
SME-00208,2023-03-01,2
SME-00208,2023-04-01,2
SME-00208,2023-05-01,3
SME-00208,2023-06-01,2
SME-00209,2022-01-01,2
SME-00209,2022-02-01,2
SME-00209,2022-03-01,2
SME-00209,2022-04-01,1
SME-00209,2022-05-01,1
SME-00209,2022-06-01,2
SME-00209,2022-07-01,2
SME-00209,2022-08-01,2
SME-00209,2022-09-01,2
SME-00209,2022-10-01,2
SME-00209,2022-11-01,2
SME-00209,2022-12-01,1
SME-00209,2023-01-01,2
SME-00209,2023-02-01,1
SME-00209,2023-03-01,1
SME-00209,2023-04-01,1
SME-00209,2023-05-01,2
SME-00209,2023-06-01,2
SME-00210,2022-01-01,7
SME-00210,2022-02-01,9
SME-00210,2022-03-01,10
SME-00210,2022-04-01,9
SME-00210,2022-05-01,7
SME-00210,2022-06-01,9
SME-00210,2022-07-01,9
SME-00210,2022-08-01,9
SME-00210,2022-09-01,8
SME-00210,2022-10-01,7
SME-00210,2022-11-01,9
SME-00210,2022-12-01,10
SME-00210,2023-01-01,9
SME-00210,2023-02-01,8
SME-00210,2023-03-01,10
SME-00210,2023-04-01,9
SME-00210,2023-05-01,10
SME-00210,2023-06-01,9
SME-00211,2022-01-01,5
SME-00211,2022-02-01,6
SME-00211,2022-03-01,6
SME-00211,2022-04-01,5
SME-00211,2022-05-01,5
SME-00211,2022-06-01,5
SME-00211,2022-07-01,5
SME-00211,2022-08-01,6
SME-00211,2022-09-01,7
SME-00211,2022-10-01,5
SME-00211,2022-11-01,5
SME-00211,2022-12-01,5
SME-00211,2023-01-01,6
SME-00211,2023-02-01,6
SME-00211,2023-03-01,6
SME-00211,2023-04-01,5
SME-00211,2023-05-01,6
SME-00211,2023-06-01,5
SME-00212,2022-01-01,8
SME-00212,2022-02-01,8
SME-00212,2022-03-01,9
SME-00212,2022-04-01,9
SME-00212,2022-05-01,8
SME-00212,2022-06-01,9
SME-00212,2022-07-01,7
SME-00212,2022-08-01,9
SME-00212,2022-09-01,9
SME-00212,2022-10-01,9
SME-00212,2022-11-01,9
SME-00212,2022-12-01,8
SME-00212,2023-01-01,8
SME-00212,2023-02-01,9
SME-00212,2023-03-01,8
SME-00212,2023-04-01,9
SME-00212,2023-05-01,8
SME-00212,2023-06-01,9
SME-00213,2022-01-01,2
SME-00213,2022-02-01,2
SME-00213,2022-03-01,1
SME-00213,2022-04-01,1
SME-00213,2022-05-01,2
SME-00213,2022-06-01,2
SME-00213,2022-07-01,1
SME-00213,2022-08-01,1
SME-00213,2022-09-01,2
SME-00213,2022-10-01,2
SME-00213,2022-11-01,2
SME-00213,2022-12-01,2
SME-00213,2023-01-01,1
SME-00213,2023-02-01,1
SME-00213,2023-03-01,2
SME-00213,2023-04-01,2
SME-00213,2023-05-01,1
SME-00213,2023-06-01,1
SME-00214,2022-01-01,1
SME-00214,2022-02-01,1
SME-00214,2022-03-01,1
SME-00214,2022-04-01,1
SME-00214,2022-05-01,1
SME-00214,2022-06-01,1
SME-00214,2022-07-01,1
SME-00214,2022-08-01,1
SME-00214,2022-09-01,1
SME-00214,2022-10-01,1
SME-00214,2022-11-01,1
SME-00214,2022-12-01,1
SME-00214,2023-01-01,1
SME-00214,2023-02-01,1
SME-00214,2023-03-01,1
SME-00214,2023-04-01,1
SME-00214,2023-05-01,1
SME-00214,2023-06-01,1
SME-00215,2022-01-01,9
SME-00215,2022-02-01,10
SME-00215,2022-03-01,9
SME-00215,2022-04-01,8
SME-00215,2022-05-01,10
SME-00215,2022-06-01,11
SME-00215,2022-07-01,9
SME-00215,2022-08-01,9
SME-00215,2022-09-01,9
SME-00215,2022-10-01,11
SME-00215,2022-11-01,9
SME-00215,2022-12-01,10
SME-00215,2023-01-01,8
SME-00215,2023-02-01,8
SME-00215,2023-03-01,7
SME-00215,2023-04-01,10
SME-00215,2023-05-01,10
SME-00215,2023-06-01,9
SME-00216,2022-01-01,1
SME-00216,2022-02-01,1
SME-00216,2022-03-01,2
SME-00216,2022-04-01,1
SME-00216,2022-05-01,2
SME-00216,2022-06-01,2
SME-00216,2022-07-01,2
SME-00216,2022-08-01,2
SME-00216,2022-09-01,2
SME-00216,2022-10-01,1
SME-00216,2022-11-01,2
SME-00216,2022-12-01,1
SME-00216,2023-01-01,2
SME-00216,2023-02-01,1
SME-00216,2023-03-01,1
SME-00216,2023-04-01,1
SME-00216,2023-05-01,1
SME-00216,2023-06-01,2
SME-00217,2022-01-01,4
SME-00217,2022-02-01,5
SME-00217,2022-03-01,6
SME-00217,2022-04-01,4
SME-00217,2022-05-01,4
SME-00217,2022-06-01,5
SME-00217,2022-07-01,4
SME-00217,2022-08-01,4
SME-00217,2022-09-01,4
SME-00217,2022-10-01,5
SME-00217,2022-11-01,4
SME-00217,2022-12-01,5
SME-00217,2023-01-01,5
SME-00217,2023-02-01,4
SME-00217,2023-03-01,4
SME-00217,2023-04-01,4
SME-00217,2023-05-01,5
SME-00217,2023-06-01,5
SME-00218,2022-01-01,3
SME-00218,2022-02-01,3
SME-00218,2022-03-01,4
SME-00218,2022-04-01,4
SME-00218,2022-05-01,4
SME-00218,2022-06-01,4
SME-00218,2022-07-01,3
SME-00218,2022-08-01,4
SME-00218,2022-09-01,4
SME-00218,2022-10-01,3
SME-00218,2022-11-01,3
SME-00218,2022-12-01,4
SME-00218,2023-01-01,3
SME-00218,2023-02-01,2
SME-00218,2023-03-01,3
SME-00218,2023-04-01,4
SME-00218,2023-05-01,4
SME-00218,2023-06-01,3
SME-00219,2022-01-01,42
SME-00219,2022-02-01,31
SME-00219,2022-03-01,33
SME-00219,2022-04-01,34
SME-00219,2022-05-01,37
SME-00219,2022-06-01,28
SME-00219,2022-07-01,42
SME-00219,2022-08-01,36
SME-00219,2022-09-01,36
SME-00219,2022-10-01,36
SME-00219,2022-11-01,38
SME-00219,2022-12-01,40
SME-00219,2023-01-01,41
SME-00219,2023-02-01,37
SME-00219,2023-03-01,30
SME-00219,2023-04-01,32
SME-00219,2023-05-01,39
SME-00219,2023-06-01,32
SME-00220,2022-01-01,7
SME-00220,2022-02-01,7
SME-00220,2022-03-01,7
SME-00220,2022-04-01,8
SME-00220,2022-05-01,7
SME-00220,2022-06-01,8
SME-00220,2022-07-01,8
SME-00220,2022-08-01,9
SME-00220,2022-09-01,6
SME-00220,2022-10-01,7
SME-00220,2022-11-01,7
SME-00220,2022-12-01,10
SME-00220,2023-01-01,8
SME-00220,2023-02-01,7
SME-00220,2023-03-01,7
SME-00220,2023-04-01,8
SME-00220,2023-05-01,9
SME-00220,2023-06-01,7
SME-00221,2022-01-01,6
SME-00221,2022-02-01,6
SME-00221,2022-03-01,7
SME-00221,2022-04-01,6
SME-00221,2022-05-01,5
SME-00221,2022-06-01,5
SME-00221,2022-07-01,5
SME-00221,2022-08-01,6
SME-00221,2022-09-01,5
SME-00221,2022-10-01,5
SME-00221,2022-11-01,6
SME-00221,2022-12-01,5
SME-00221,2023-01-01,6
SME-00221,2023-02-01,6
SME-00221,2023-03-01,5
SME-00221,2023-04-01,5
SME-00221,2023-05-01,7
SME-00221,2023-06-01,6
SME-00222,2022-01-01,12
SME-00222,2022-02-01,14
SME-00222,2022-03-01,11
SME-00222,2022-04-01,11
SME-00222,2022-05-01,10
SME-00222,2022-06-01,11
SME-00222,2022-07-01,11
SME-00222,2022-08-01,8
SME-00222,2022-09-01,10
SME-00222,2022-10-01,10
SME-00222,2022-11-01,12
SME-00222,2022-12-01,12
SME-00222,2023-01-01,12
SME-00222,2023-02-01,12
SME-00222,2023-03-01,9
SME-00222,2023-04-01,11
SME-00222,2023-05-01,10
SME-00222,2023-06-01,11
SME-00223,2022-01-01,14
SME-00223,2022-02-01,14
SME-00223,2022-03-01,13
SME-00223,2022-04-01,12
SME-00223,2022-05-01,14
SME-00223,2022-06-01,11
SME-00223,2022-07-01,14
SME-00223,2022-08-01,14
SME-00223,2022-09-01,14
SME-00223,2022-10-01,11
SME-00223,2022-11-01,12
SME-00223,2022-12-01,11
SME-00223,2023-01-01,11
SME-00223,2023-02-01,14
SME-00223,2023-03-01,14
SME-00223,2023-04-01,11
SME-00223,2023-05-01,15
SME-00223,2023-06-01,14
SME-00224,2022-01-01,6
SME-00224,2022-02-01,5
SME-00224,2022-03-01,5
SME-00224,2022-04-01,5
SME-00224,2022-05-01,6
SME-00224,2022-06-01,6
SME-00224,2022-07-01,6
SME-00224,2022-08-01,5
SME-00224,2022-09-01,5
SME-00224,2022-10-01,4
SME-00224,2022-11-01,5
SME-00224,2022-12-01,5
SME-00224,2023-01-01,6
SME-00224,2023-02-01,6
SME-00224,2023-03-01,6
SME-00224,2023-04-01,6
SME-00224,2023-05-01,6
SME-00224,2023-06-01,6
SME-00225,2022-01-01,3
SME-00225,2022-02-01,3
SME-00225,2022-03-01,3
SME-00225,2022-04-01,4
SME-00225,2022-05-01,3
SME-00225,2022-06-01,3
SME-00225,2022-07-01,3
SME-00225,2022-08-01,3
SME-00225,2022-09-01,2
SME-00225,2022-10-01,4
SME-00225,2022-11-01,3
SME-00225,2022-12-01,3
SME-00225,2023-01-01,4
SME-00225,2023-02-01,4
SME-00225,2023-03-01,4
SME-00225,2023-04-01,3
SME-00225,2023-05-01,3
SME-00225,2023-06-01,4
SME-00226,2022-01-01,6
SME-00226,2022-02-01,5
SME-00226,2022-03-01,6
SME-00226,2022-04-01,5
SME-00226,2022-05-01,6
SME-00226,2022-06-01,6
SME-00226,2022-07-01,5
SME-00226,2022-08-01,6
SME-00226,2022-09-01,5
SME-00226,2022-10-01,5
SME-00226,2022-11-01,6
SME-00226,2022-12-01,6
SME-00226,2023-01-01,5
SME-00226,2023-02-01,4
SME-00226,2023-03-01,6
SME-00226,2023-04-01,6
SME-00226,2023-05-01,6
SME-00226,2023-06-01,5
SME-00227,2022-01-01,2
SME-00227,2022-02-01,1
SME-00227,2022-03-01,2
SME-00227,2022-04-01,1
SME-00227,2022-05-01,1
SME-00227,2022-06-01,2
SME-00227,2022-07-01,1
SME-00227,2022-08-01,1
SME-00227,2022-09-01,2
SME-00227,2022-10-01,1
SME-00227,2022-11-01,2
SME-00227,2022-12-01,2
SME-00227,2023-01-01,2
SME-00227,2023-02-01,1
SME-00227,2023-03-01,2
SME-00227,2023-04-01,2
SME-00227,2023-05-01,1
SME-00227,2023-06-01,1
SME-00228,2022-01-01,5
SME-00228,2022-02-01,8
SME-00228,2022-03-01,7
SME-00228,2022-04-01,7
SME-00228,2022-05-01,6
SME-00228,2022-06-01,7
SME-00228,2022-07-01,7
SME-00228,2022-08-01,6
SME-00228,2022-09-01,5
SME-00228,2022-10-01,7
SME-00228,2022-11-01,6
SME-00228,2022-12-01,7
SME-00228,2023-01-01,7
SME-00228,2023-02-01,6
SME-00228,2023-03-01,6
SME-00228,2023-04-01,8
SME-00228,2023-05-01,7
SME-00228,2023-06-01,7
SME-00229,2022-01-01,17
SME-00229,2022-02-01,17
SME-00229,2022-03-01,15
SME-00229,2022-04-01,19
SME-00229,2022-05-01,20
SME-00229,2022-06-01,18
SME-00229,2022-07-01,20
SME-00229,2022-08-01,23
SME-00229,2022-09-01,21
SME-00229,2022-10-01,20
SME-00229,2022-11-01,16
SME-00229,2022-12-01,19
SME-00229,2023-01-01,16
SME-00229,2023-02-01,19
SME-00229,2023-03-01,14
SME-00229,2023-04-01,24
SME-00229,2023-05-01,19
SME-00229,2023-06-01,17
SME-00230,2022-01-01,15
SME-00230,2022-02-01,13
SME-00230,2022-03-01,15
SME-00230,2022-04-01,14
SME-00230,2022-05-01,14
SME-00230,2022-06-01,16
SME-00230,2022-07-01,16
SME-00230,2022-08-01,13
SME-00230,2022-09-01,16
SME-00230,2022-10-01,17
SME-00230,2022-11-01,12
SME-00230,2022-12-01,13
SME-00230,2023-01-01,14
SME-00230,2023-02-01,13
SME-00230,2023-03-01,14
SME-00230,2023-04-01,14
SME-00230,2023-05-01,14
SME-00230,2023-06-01,18
SME-00231,2022-01-01,10
SME-00231,2022-02-01,9
SME-00231,2022-03-01,8
SME-00231,2022-04-01,10
SME-00231,2022-05-01,8
SME-00231,2022-06-01,8
SME-00231,2022-07-01,9
SME-00231,2022-08-01,8
SME-00231,2022-09-01,8
SME-00231,2022-10-01,8
SME-00231,2022-11-01,8
SME-00231,2022-12-01,8
SME-00231,2023-01-01,9
SME-00231,2023-02-01,8
SME-00231,2023-03-01,10
SME-00231,2023-04-01,9
SME-00231,2023-05-01,8
SME-00231,2023-06-01,9
SME-00232,2022-01-01,16
SME-00232,2022-02-01,20
SME-00232,2022-03-01,16
SME-00232,2022-04-01,17
SME-00232,2022-05-01,16
SME-00232,2022-06-01,16
SME-00232,2022-07-01,16
SME-00232,2022-08-01,17
SME-00232,2022-09-01,20
SME-00232,2022-10-01,19
SME-00232,2022-11-01,17
SME-00232,2022-12-01,18
SME-00232,2023-01-01,20
SME-00232,2023-02-01,15
SME-00232,2023-03-01,16
SME-00232,2023-04-01,17
SME-00232,2023-05-01,17
SME-00232,2023-06-01,17
SME-00233,2022-01-01,6
SME-00233,2022-02-01,5
SME-00233,2022-03-01,5
SME-00233,2022-04-01,5
SME-00233,2022-05-01,5
SME-00233,2022-06-01,4
SME-00233,2022-07-01,6
SME-00233,2022-08-01,6
SME-00233,2022-09-01,6
SME-00233,2022-10-01,5
SME-00233,2022-11-01,5
SME-00233,2022-12-01,6
SME-00233,2023-01-01,6
SME-00233,2023-02-01,5
SME-00233,2023-03-01,6
SME-00233,2023-04-01,6
SME-00233,2023-05-01,6
SME-00233,2023-06-01,5
SME-00234,2022-01-01,12
SME-00234,2022-02-01,9
SME-00234,2022-03-01,11
SME-00234,2022-04-01,11
SME-00234,2022-05-01,9
SME-00234,2022-06-01,13
SME-00234,2022-07-01,9
SME-00234,2022-08-01,11
SME-00234,2022-09-01,11
SME-00234,2022-10-01,11
SME-00234,2022-11-01,11
SME-00234,2022-12-01,11
SME-00234,2023-01-01,12
SME-00234,2023-02-01,12
SME-00234,2023-03-01,10
SME-00234,2023-04-01,10
SME-00234,2023-05-01,11
SME-00234,2023-06-01,11
SME-00235,2022-01-01,14
SME-00235,2022-02-01,12
SME-00235,2022-03-01,13
SME-00235,2022-04-01,11
SME-00235,2022-05-01,13
SME-00235,2022-06-01,13
SME-00235,2022-07-01,12
SME-00235,2022-08-01,12
SME-00235,2022-09-01,15
SME-00235,2022-10-01,12
SME-00235,2022-11-01,12
SME-00235,2022-12-01,14
SME-00235,2023-01-01,11
SME-00235,2023-02-01,11
SME-00235,2023-03-01,16
SME-00235,2023-04-01,12
SME-00235,2023-05-01,13
SME-00235,2023-06-01,14
SME-00236,2022-01-01,2
SME-00236,2022-02-01,2
SME-00236,2022-03-01,2
SME-00236,2022-04-01,3
SME-00236,2022-05-01,2
SME-00236,2022-06-01,3
SME-00236,2022-07-01,2
SME-00236,2022-08-01,3
SME-00236,2022-09-01,3
SME-00236,2022-10-01,3
SME-00236,2022-11-01,2
SME-00236,2022-12-01,3
SME-00236,2023-01-01,2
SME-00236,2023-02-01,2
SME-00236,2023-03-01,2
SME-00236,2023-04-01,3
SME-00236,2023-05-01,3
SME-00236,2023-06-01,3
SME-00237,2022-01-01,6
SME-00237,2022-02-01,7
SME-00237,2022-03-01,7
SME-00237,2022-04-01,7
SME-00237,2022-05-01,7
SME-00237,2022-06-01,6
SME-00237,2022-07-01,7
SME-00237,2022-08-01,6
SME-00237,2022-09-01,7
SME-00237,2022-10-01,7
SME-00237,2022-11-01,5
SME-00237,2022-12-01,7
SME-00237,2023-01-01,5
SME-00237,2023-02-01,7
SME-00237,2023-03-01,6
SME-00237,2023-04-01,7
SME-00237,2023-05-01,7
SME-00237,2023-06-01,5
SME-00238,2022-01-01,1
SME-00238,2022-02-01,1
SME-00238,2022-03-01,2
SME-00238,2022-04-01,2
SME-00238,2022-05-01,1
SME-00238,2022-06-01,1
SME-00238,2022-07-01,2
SME-00238,2022-08-01,2
SME-00238,2022-09-01,2
SME-00238,2022-10-01,1
SME-00238,2022-11-01,2
SME-00238,2022-12-01,2
SME-00238,2023-01-01,1
SME-00238,2023-02-01,2
SME-00238,2023-03-01,1
SME-00238,2023-04-01,1
SME-00238,2023-05-01,2
SME-00238,2023-06-01,2
SME-00239,2022-01-01,17
SME-00239,2022-02-01,21
SME-00239,2022-03-01,21
SME-00239,2022-04-01,19
SME-00239,2022-05-01,20
SME-00239,2022-06-01,16
SME-00239,2022-07-01,20
SME-00239,2022-08-01,21
SME-00239,2022-09-01,19
SME-00239,2022-10-01,16
SME-00239,2022-11-01,17
SME-00239,2022-12-01,18
SME-00239,2023-01-01,21
SME-00239,2023-02-01,21
SME-00239,2023-03-01,20
SME-00239,2023-04-01,20
SME-00239,2023-05-01,17
SME-00239,2023-06-01,17
SME-00240,2022-01-01,12
SME-00240,2022-02-01,12
SME-00240,2022-03-01,12
SME-00240,2022-04-01,12
SME-00240,2022-05-01,12
SME-00240,2022-06-01,11
SME-00240,2022-07-01,14
SME-00240,2022-08-01,10
SME-00240,2022-09-01,12
SME-00240,2022-10-01,12
SME-00240,2022-11-01,12
SME-00240,2022-12-01,13
SME-00240,2023-01-01,13
SME-00240,2023-02-01,14
SME-00240,2023-03-01,15
SME-00240,2023-04-01,15
SME-00240,2023-05-01,14
SME-00240,2023-06-01,13
SME-00241,2022-01-01,3
SME-00241,2022-02-01,4
SME-00241,2022-03-01,4
SME-00241,2022-04-01,3
SME-00241,2022-05-01,3
SME-00241,2022-06-01,3
SME-00241,2022-07-01,3
SME-00241,2022-08-01,4
SME-00241,2022-09-01,3
SME-00241,2022-10-01,3
SME-00241,2022-11-01,3
SME-00241,2022-12-01,4
SME-00241,2023-01-01,3
SME-00241,2023-02-01,3
SME-00241,2023-03-01,3
SME-00241,2023-04-01,4
SME-00241,2023-05-01,3
SME-00241,2023-06-01,4
SME-00242,2022-01-01,8
SME-00242,2022-02-01,7
SME-00242,2022-03-01,7
SME-00242,2022-04-01,8
SME-00242,2022-05-01,9
SME-00242,2022-06-01,8
SME-00242,2022-07-01,8
SME-00242,2022-08-01,5
SME-00242,2022-09-01,6
SME-00242,2022-10-01,8
SME-00242,2022-11-01,6
SME-00242,2022-12-01,7
SME-00242,2023-01-01,7
SME-00242,2023-02-01,5
SME-00242,2023-03-01,7
SME-00242,2023-04-01,7
SME-00242,2023-05-01,7
SME-00242,2023-06-01,7
SME-00243,2022-01-01,4
SME-00243,2022-02-01,5
SME-00243,2022-03-01,5
SME-00243,2022-04-01,4
SME-00243,2022-05-01,4
SME-00243,2022-06-01,4
SME-00243,2022-07-01,5
SME-00243,2022-08-01,5
SME-00243,2022-09-01,4
SME-00243,2022-10-01,5
SME-00243,2022-11-01,4
SME-00243,2022-12-01,5
SME-00243,2023-01-01,4
SME-00243,2023-02-01,5
SME-00243,2023-03-01,4
SME-00243,2023-04-01,4
SME-00243,2023-05-01,5
SME-00243,2023-06-01,4
SME-00244,2022-01-01,4
SME-00244,2022-02-01,3
SME-00244,2022-03-01,3
SME-00244,2022-04-01,4
SME-00244,2022-05-01,3
SME-00244,2022-06-01,4
SME-00244,2022-07-01,4
SME-00244,2022-08-01,4
SME-00244,2022-09-01,4
SME-00244,2022-10-01,4
SME-00244,2022-11-01,2
SME-00244,2022-12-01,4
SME-00244,2023-01-01,3
SME-00244,2023-02-01,3
SME-00244,2023-03-01,4
SME-00244,2023-04-01,4
SME-00244,2023-05-01,4
SME-00244,2023-06-01,3
SME-00245,2022-01-01,2
SME-00245,2022-02-01,2
SME-00245,2022-03-01,1
SME-00245,2022-04-01,2
SME-00245,2022-05-01,2
SME-00245,2022-06-01,1
SME-00245,2022-07-01,2
SME-00245,2022-08-01,2
SME-00245,2022-09-01,2
SME-00245,2022-10-01,2
SME-00245,2022-11-01,1
SME-00245,2022-12-01,2
SME-00245,2023-01-01,1
SME-00245,2023-02-01,2
SME-00245,2023-03-01,1
SME-00245,2023-04-01,2
SME-00245,2023-05-01,2
SME-00245,2023-06-01,1
SME-00246,2022-01-01,1
SME-00246,2022-02-01,1
SME-00246,2022-03-01,1
SME-00246,2022-04-01,1
SME-00246,2022-05-01,1
SME-00246,2022-06-01,1
SME-00246,2022-07-01,1
SME-00246,2022-08-01,1
SME-00246,2022-09-01,1
SME-00246,2022-10-01,1
SME-00246,2022-11-01,1
SME-00246,2022-12-01,1
SME-00246,2023-01-01,1
SME-00246,2023-02-01,1
SME-00246,2023-03-01,1
SME-00246,2023-04-01,1
SME-00246,2023-05-01,1
SME-00246,2023-06-01,1
SME-00247,2022-01-01,31
SME-00247,2022-02-01,30
SME-00247,2022-03-01,28
SME-00247,2022-04-01,31
SME-00247,2022-05-01,33
SME-00247,2022-06-01,32
SME-00247,2022-07-01,27
SME-00247,2022-08-01,33
SME-00247,2022-09-01,33
SME-00247,2022-10-01,32
SME-00247,2022-11-01,31
SME-00247,2022-12-01,35
SME-00247,2023-01-01,28
SME-00247,2023-02-01,34
SME-00247,2023-03-01,38
SME-00247,2023-04-01,37
SME-00247,2023-05-01,34
SME-00247,2023-06-01,35
SME-00248,2022-01-01,12
SME-00248,2022-02-01,11
SME-00248,2022-03-01,10
SME-00248,2022-04-01,12
SME-00248,2022-05-01,10
SME-00248,2022-06-01,12
SME-00248,2022-07-01,11
SME-00248,2022-08-01,12
SME-00248,2022-09-01,13
SME-00248,2022-10-01,11
SME-00248,2022-11-01,10
SME-00248,2022-12-01,11
SME-00248,2023-01-01,10
SME-00248,2023-02-01,12
SME-00248,2023-03-01,12
SME-00248,2023-04-01,13
SME-00248,2023-05-01,11
SME-00248,2023-06-01,13
SME-00249,2022-01-01,2
SME-00249,2022-02-01,1
SME-00249,2022-03-01,1
SME-00249,2022-04-01,1
SME-00249,2022-05-01,1
SME-00249,2022-06-01,1
SME-00249,2022-07-01,1
SME-00249,2022-08-01,2
SME-00249,2022-09-01,2
SME-00249,2022-10-01,1
SME-00249,2022-11-01,2
SME-00249,2022-12-01,1
SME-00249,2023-01-01,2
SME-00249,2023-02-01,1
SME-00249,2023-03-01,2
SME-00249,2023-04-01,2
SME-00249,2023-05-01,2
SME-00249,2023-06-01,1
SME-00250,2022-01-01,3
SME-00250,2022-02-01,3
SME-00250,2022-03-01,2
SME-00250,2022-04-01,2
SME-00250,2022-05-01,3
SME-00250,2022-06-01,2
SME-00250,2022-07-01,2
SME-00250,2022-08-01,2
SME-00250,2022-09-01,3
SME-00250,2022-10-01,2
SME-00250,2022-11-01,3
SME-00250,2022-12-01,3
SME-00250,2023-01-01,2
SME-00250,2023-02-01,3
SME-00250,2023-03-01,3
SME-00250,2023-04-01,3
SME-00250,2023-05-01,2
SME-00250,2023-06-01,3
SME-00251,2022-01-01,2
SME-00251,2022-02-01,2
SME-00251,2022-03-01,1
SME-00251,2022-04-01,1
SME-00251,2022-05-01,2
SME-00251,2022-06-01,1
SME-00251,2022-07-01,1
SME-00251,2022-08-01,2
SME-00251,2022-09-01,2
SME-00251,2022-10-01,2
SME-00251,2022-11-01,2
SME-00251,2022-12-01,1
SME-00251,2023-01-01,1
SME-00251,2023-02-01,1
SME-00251,2023-03-01,2
SME-00251,2023-04-01,1
SME-00251,2023-05-01,1
SME-00251,2023-06-01,2
SME-00252,2022-01-01,4
SME-00252,2022-02-01,4
SME-00252,2022-03-01,5
SME-00252,2022-04-01,3
SME-00252,2022-05-01,4
SME-00252,2022-06-01,4
SME-00252,2022-07-01,5
SME-00252,2022-08-01,5
SME-00252,2022-09-01,4
SME-00252,2022-10-01,5
SME-00252,2022-11-01,4
SME-00252,2022-12-01,4
SME-00252,2023-01-01,4
SME-00252,2023-02-01,6
SME-00252,2023-03-01,5
SME-00252,2023-04-01,5
SME-00252,2023-05-01,4
SME-00252,2023-06-01,4
SME-00253,2022-01-01,7
SME-00253,2022-02-01,8
SME-00253,2022-03-01,9
SME-00253,2022-04-01,8
SME-00253,2022-05-01,7
SME-00253,2022-06-01,9
SME-00253,2022-07-01,8
SME-00253,2022-08-01,11
SME-00253,2022-09-01,11
SME-00253,2022-10-01,7
SME-00253,2022-11-01,9
SME-00253,2022-12-01,9
SME-00253,2023-01-01,9
SME-00253,2023-02-01,8
SME-00253,2023-03-01,8
SME-00253,2023-04-01,8
SME-00253,2023-05-01,8
SME-00253,2023-06-01,9
SME-00254,2022-01-01,13
SME-00254,2022-02-01,12
SME-00254,2022-03-01,15
SME-00254,2022-04-01,19
SME-00254,2022-05-01,18
SME-00254,2022-06-01,15
SME-00254,2022-07-01,16
SME-00254,2022-08-01,18
SME-00254,2022-09-01,20
SME-00254,2022-10-01,16
SME-00254,2022-11-01,18
SME-00254,2022-12-01,17
SME-00254,2023-01-01,15
SME-00254,2023-02-01,15
SME-00254,2023-03-01,18
SME-00254,2023-04-01,19
SME-00254,2023-05-01,18
SME-00254,2023-06-01,17
SME-00255,2022-01-01,3
SME-00255,2022-02-01,2
SME-00255,2022-03-01,2
SME-00255,2022-04-01,2
SME-00255,2022-05-01,2
SME-00255,2022-06-01,2
SME-00255,2022-07-01,3
SME-00255,2022-08-01,2
SME-00255,2022-09-01,3
SME-00255,2022-10-01,2
SME-00255,2022-11-01,3
SME-00255,2022-12-01,2
SME-00255,2023-01-01,2
SME-00255,2023-02-01,2
SME-00255,2023-03-01,3
SME-00255,2023-04-01,3
SME-00255,2023-05-01,3
SME-00255,2023-06-01,3
SME-00256,2022-01-01,3
SME-00256,2022-02-01,2
SME-00256,2022-03-01,2
SME-00256,2022-04-01,2
SME-00256,2022-05-01,3
SME-00256,2022-06-01,2
SME-00256,2022-07-01,3
SME-00256,2022-08-01,2
SME-00256,2022-09-01,3
SME-00256,2022-10-01,2
SME-00256,2022-11-01,3
SME-00256,2022-12-01,3
SME-00256,2023-01-01,3
SME-00256,2023-02-01,3
SME-00256,2023-03-01,3
SME-00256,2023-04-01,2
SME-00256,2023-05-01,2
SME-00256,2023-06-01,3
SME-00257,2022-01-01,27
SME-00257,2022-02-01,28
SME-00257,2022-03-01,26
SME-00257,2022-04-01,30
SME-00257,2022-05-01,21
SME-00257,2022-06-01,23
SME-00257,2022-07-01,27
SME-00257,2022-08-01,31
SME-00257,2022-09-01,32
SME-00257,2022-10-01,28
SME-00257,2022-11-01,28
SME-00257,2022-12-01,29
SME-00257,2023-01-01,23
SME-00257,2023-02-01,31
SME-00257,2023-03-01,26
SME-00257,2023-04-01,29
SME-00257,2023-05-01,30
SME-00257,2023-06-01,29
SME-00258,2022-01-01,14
SME-00258,2022-02-01,13
SME-00258,2022-03-01,14
SME-00258,2022-04-01,13
SME-00258,2022-05-01,12
SME-00258,2022-06-01,14
SME-00258,2022-07-01,14
SME-00258,2022-08-01,16
SME-00258,2022-09-01,15
SME-00258,2022-10-01,12
SME-00258,2022-11-01,14
SME-00258,2022-12-01,15
SME-00258,2023-01-01,14
SME-00258,2023-02-01,13
SME-00258,2023-03-01,10
SME-00258,2023-04-01,14
SME-00258,2023-05-01,15
SME-00258,2023-06-01,13
SME-00259,2022-01-01,2
SME-00259,2022-02-01,2
SME-00259,2022-03-01,1
SME-00259,2022-04-01,2
SME-00259,2022-05-01,1
SME-00259,2022-06-01,1
SME-00259,2022-07-01,2
SME-00259,2022-08-01,1
SME-00259,2022-09-01,2
SME-00259,2022-10-01,1
SME-00259,2022-11-01,1
SME-00259,2022-12-01,2
SME-00259,2023-01-01,2
SME-00259,2023-02-01,1
SME-00259,2023-03-01,1
SME-00259,2023-04-01,1
SME-00259,2023-05-01,1
SME-00259,2023-06-01,1
SME-00260,2022-01-01,1
SME-00260,2022-02-01,1
SME-00260,2022-03-01,1
SME-00260,2022-04-01,1
SME-00260,2022-05-01,1
SME-00260,2022-06-01,1
SME-00260,2022-07-01,1
SME-00260,2022-08-01,1
SME-00260,2022-09-01,1
SME-00260,2022-10-01,1
SME-00260,2022-11-01,1
SME-00260,2022-12-01,1
SME-00260,2023-01-01,1
SME-00260,2023-02-01,1
SME-00260,2023-03-01,1
SME-00260,2023-04-01,1
SME-00260,2023-05-01,1
SME-00260,2023-06-01,1
SME-00261,2022-01-01,8
SME-00261,2022-02-01,9
SME-00261,2022-03-01,7
SME-00261,2022-04-01,8
SME-00261,2022-05-01,10
SME-00261,2022-06-01,10
SME-00261,2022-07-01,8
SME-00261,2022-08-01,10
SME-00261,2022-09-01,9
SME-00261,2022-10-01,9
SME-00261,2022-11-01,11
SME-00261,2022-12-01,11
SME-00261,2023-01-01,10
SME-00261,2023-02-01,9
SME-00261,2023-03-01,8
SME-00261,2023-04-01,9
SME-00261,2023-05-01,10
SME-00261,2023-06-01,9
SME-00262,2022-01-01,6
SME-00262,2022-02-01,6
SME-00262,2022-03-01,8
SME-00262,2022-04-01,6
SME-00262,2022-05-01,6
SME-00262,2022-06-01,7
SME-00262,2022-07-01,7
SME-00262,2022-08-01,7
SME-00262,2022-09-01,6
SME-00262,2022-10-01,6
SME-00262,2022-11-01,6
SME-00262,2022-12-01,7
SME-00262,2023-01-01,7
SME-00262,2023-02-01,6
SME-00262,2023-03-01,7
SME-00262,2023-04-01,7
SME-00262,2023-05-01,7
SME-00262,2023-06-01,7
SME-00263,2022-01-01,14
SME-00263,2022-02-01,14
SME-00263,2022-03-01,14
SME-00263,2022-04-01,14
SME-00263,2022-05-01,14
SME-00263,2022-06-01,14
SME-00263,2022-07-01,14
SME-00263,2022-08-01,18
SME-00263,2022-09-01,15
SME-00263,2022-10-01,15
SME-00263,2022-11-01,13
SME-00263,2022-12-01,16
SME-00263,2023-01-01,15
SME-00263,2023-02-01,14
SME-00263,2023-03-01,15
SME-00263,2023-04-01,16
SME-00263,2023-05-01,15
SME-00263,2023-06-01,15
SME-00264,2022-01-01,3
SME-00264,2022-02-01,2
SME-00264,2022-03-01,3
SME-00264,2022-04-01,3
SME-00264,2022-05-01,3
SME-00264,2022-06-01,2
SME-00264,2022-07-01,2
SME-00264,2022-08-01,2
SME-00264,2022-09-01,2
SME-00264,2022-10-01,3
SME-00264,2022-11-01,3
SME-00264,2022-12-01,3
SME-00264,2023-01-01,3
SME-00264,2023-02-01,2
SME-00264,2023-03-01,3
SME-00264,2023-04-01,2
SME-00264,2023-05-01,3
SME-00264,2023-06-01,3
SME-00265,2022-01-01,6
SME-00265,2022-02-01,7
SME-00265,2022-03-01,7
SME-00265,2022-04-01,7
SME-00265,2022-05-01,6
SME-00265,2022-06-01,5
SME-00265,2022-07-01,6
SME-00265,2022-08-01,5
SME-00265,2022-09-01,7
SME-00265,2022-10-01,5
SME-00265,2022-11-01,7
SME-00265,2022-12-01,7
SME-00265,2023-01-01,7
SME-00265,2023-02-01,5
SME-00265,2023-03-01,6
SME-00265,2023-04-01,7
SME-00265,2023-05-01,7
SME-00265,2023-06-01,8
SME-00266,2022-01-01,26
SME-00266,2022-02-01,23
SME-00266,2022-03-01,25
SME-00266,2022-04-01,20
SME-00266,2022-05-01,21
SME-00266,2022-06-01,22
SME-00266,2022-07-01,21
SME-00266,2022-08-01,27
SME-00266,2022-09-01,26
SME-00266,2022-10-01,27
SME-00266,2022-11-01,27
SME-00266,2022-12-01,26
SME-00266,2023-01-01,21
SME-00266,2023-02-01,24
SME-00266,2023-03-01,20
SME-00266,2023-04-01,26
SME-00266,2023-05-01,24
SME-00266,2023-06-01,24
SME-00267,2022-01-01,1
SME-00267,2022-02-01,1
SME-00267,2022-03-01,1
SME-00267,2022-04-01,1
SME-00267,2022-05-01,1
SME-00267,2022-06-01,1
SME-00267,2022-07-01,1
SME-00267,2022-08-01,1
SME-00267,2022-09-01,1
SME-00267,2022-10-01,1
SME-00267,2022-11-01,1
SME-00267,2022-12-01,1
SME-00267,2023-01-01,1
SME-00267,2023-02-01,1
SME-00267,2023-03-01,1
SME-00267,2023-04-01,1
SME-00267,2023-05-01,1
SME-00267,2023-06-01,1
SME-00268,2022-01-01,4
SME-00268,2022-02-01,4
SME-00268,2022-03-01,4
SME-00268,2022-04-01,5
SME-00268,2022-05-01,4
SME-00268,2022-06-01,5
SME-00268,2022-07-01,5
SME-00268,2022-08-01,4
SME-00268,2022-09-01,4
SME-00268,2022-10-01,4
SME-00268,2022-11-01,5
SME-00268,2022-12-01,4
SME-00268,2023-01-01,5
SME-00268,2023-02-01,4
SME-00268,2023-03-01,4
SME-00268,2023-04-01,5
SME-00268,2023-05-01,5
SME-00268,2023-06-01,5
SME-00269,2022-01-01,2
SME-00269,2022-02-01,1
SME-00269,2022-03-01,2
SME-00269,2022-04-01,2
SME-00269,2022-05-01,1
SME-00269,2022-06-01,2
SME-00269,2022-07-01,2
SME-00269,2022-08-01,1
SME-00269,2022-09-01,1
SME-00269,2022-10-01,2
SME-00269,2022-11-01,1
SME-00269,2022-12-01,1
SME-00269,2023-01-01,1
SME-00269,2023-02-01,1
SME-00269,2023-03-01,2
SME-00269,2023-04-01,2
SME-00269,2023-05-01,2
SME-00269,2023-06-01,2
SME-00270,2022-01-01,6
SME-00270,2022-02-01,6
SME-00270,2022-03-01,4
SME-00270,2022-04-01,5
SME-00270,2022-05-01,5
SME-00270,2022-06-01,5
SME-00270,2022-07-01,5
SME-00270,2022-08-01,4
SME-00270,2022-09-01,4
SME-00270,2022-10-01,6
SME-00270,2022-11-01,5
SME-00270,2022-12-01,5
SME-00270,2023-01-01,6
SME-00270,2023-02-01,6
SME-00270,2023-03-01,7
SME-00270,2023-04-01,6
SME-00270,2023-05-01,6
SME-00270,2023-06-01,6
SME-00271,2022-01-01,2
SME-00271,2022-02-01,1
SME-00271,2022-03-01,1
SME-00271,2022-04-01,2
SME-00271,2022-05-01,1
SME-00271,2022-06-01,1
SME-00271,2022-07-01,1
SME-00271,2022-08-01,2
SME-00271,2022-09-01,1
SME-00271,2022-10-01,1
SME-00271,2022-11-01,2
SME-00271,2022-12-01,1
SME-00271,2023-01-01,1
SME-00271,2023-02-01,2
SME-00271,2023-03-01,2
SME-00271,2023-04-01,1
SME-00271,2023-05-01,2
SME-00271,2023-06-01,2
SME-00272,2022-01-01,13
SME-00272,2022-02-01,13
SME-00272,2022-03-01,13
SME-00272,2022-04-01,13
SME-00272,2022-05-01,12
SME-00272,2022-06-01,12
SME-00272,2022-07-01,12
SME-00272,2022-08-01,12
SME-00272,2022-09-01,13
SME-00272,2022-10-01,13
SME-00272,2022-11-01,12
SME-00272,2022-12-01,13
SME-00272,2023-01-01,10
SME-00272,2023-02-01,10
SME-00272,2023-03-01,14
SME-00272,2023-04-01,12
SME-00272,2023-05-01,10
SME-00272,2023-06-01,14
SME-00273,2022-01-01,7
SME-00273,2022-02-01,9
SME-00273,2022-03-01,7
SME-00273,2022-04-01,6
SME-00273,2022-05-01,8
SME-00273,2022-06-01,8
SME-00273,2022-07-01,8
SME-00273,2022-08-01,8
SME-00273,2022-09-01,8
SME-00273,2022-10-01,7
SME-00273,2022-11-01,8
SME-00273,2022-12-01,7
SME-00273,2023-01-01,8
SME-00273,2023-02-01,7
SME-00273,2023-03-01,8
SME-00273,2023-04-01,7
SME-00273,2023-05-01,8
SME-00273,2023-06-01,7
SME-00274,2022-01-01,5
SME-00274,2022-02-01,4
SME-00274,2022-03-01,5
SME-00274,2022-04-01,5
SME-00274,2022-05-01,4
SME-00274,2022-06-01,4
SME-00274,2022-07-01,4
SME-00274,2022-08-01,4
SME-00274,2022-09-01,4
SME-00274,2022-10-01,5
SME-00274,2022-11-01,4
SME-00274,2022-12-01,5
SME-00274,2023-01-01,5
SME-00274,2023-02-01,5
SME-00274,2023-03-01,5
SME-00274,2023-04-01,5
SME-00274,2023-05-01,5
SME-00274,2023-06-01,3
SME-00275,2022-01-01,18
SME-00275,2022-02-01,13
SME-00275,2022-03-01,18
SME-00275,2022-04-01,13
SME-00275,2022-05-01,19
SME-00275,2022-06-01,16
SME-00275,2022-07-01,19
SME-00275,2022-08-01,20
SME-00275,2022-09-01,16
SME-00275,2022-10-01,17
SME-00275,2022-11-01,17
SME-00275,2022-12-01,22
SME-00275,2023-01-01,16
SME-00275,2023-02-01,20
SME-00275,2023-03-01,18
SME-00275,2023-04-01,14
SME-00275,2023-05-01,17
SME-00275,2023-06-01,15
SME-00276,2022-01-01,4
SME-00276,2022-02-01,4
SME-00276,2022-03-01,4
SME-00276,2022-04-01,5
SME-00276,2022-05-01,5
SME-00276,2022-06-01,4
SME-00276,2022-07-01,4
SME-00276,2022-08-01,5
SME-00276,2022-09-01,5
SME-00276,2022-10-01,5
SME-00276,2022-11-01,5
SME-00276,2022-12-01,4
SME-00276,2023-01-01,5
SME-00276,2023-02-01,5
SME-00276,2023-03-01,4
SME-00276,2023-04-01,5
SME-00276,2023-05-01,5
SME-00276,2023-06-01,5
SME-00277,2022-01-01,1
SME-00277,2022-02-01,1
SME-00277,2022-03-01,1
SME-00277,2022-04-01,1
SME-00277,2022-05-01,1
SME-00277,2022-06-01,1
SME-00277,2022-07-01,1
SME-00277,2022-08-01,1
SME-00277,2022-09-01,1
SME-00277,2022-10-01,1
SME-00277,2022-11-01,1
SME-00277,2022-12-01,1
SME-00277,2023-01-01,1
SME-00277,2023-02-01,1
SME-00277,2023-03-01,1
SME-00277,2023-04-01,1
SME-00277,2023-05-01,1
SME-00277,2023-06-01,1
SME-00278,2022-01-01,1
SME-00278,2022-02-01,1
SME-00278,2022-03-01,1
SME-00278,2022-04-01,1
SME-00278,2022-05-01,1
SME-00278,2022-06-01,1
SME-00278,2022-07-01,1
SME-00278,2022-08-01,1
SME-00278,2022-09-01,1
SME-00278,2022-10-01,1
SME-00278,2022-11-01,1
SME-00278,2022-12-01,1
SME-00278,2023-01-01,1
SME-00278,2023-02-01,1
SME-00278,2023-03-01,1
SME-00278,2023-04-01,1
SME-00278,2023-05-01,1
SME-00278,2023-06-01,1
SME-00279,2022-01-01,11
SME-00279,2022-02-01,13
SME-00279,2022-03-01,12
SME-00279,2022-04-01,14
SME-00279,2022-05-01,13
SME-00279,2022-06-01,14
SME-00279,2022-07-01,13
SME-00279,2022-08-01,12
SME-00279,2022-09-01,14
SME-00279,2022-10-01,12
SME-00279,2022-11-01,11
SME-00279,2022-12-01,11
SME-00279,2023-01-01,12
SME-00279,2023-02-01,15
SME-00279,2023-03-01,12
SME-00279,2023-04-01,11
SME-00279,2023-05-01,14
SME-00279,2023-06-01,11
SME-00280,2022-01-01,7
SME-00280,2022-02-01,6
SME-00280,2022-03-01,6
SME-00280,2022-04-01,6
SME-00280,2022-05-01,7
SME-00280,2022-06-01,7
SME-00280,2022-07-01,7
SME-00280,2022-08-01,7
SME-00280,2022-09-01,7
SME-00280,2022-10-01,6
SME-00280,2022-11-01,6
SME-00280,2022-12-01,6
SME-00280,2023-01-01,7
SME-00280,2023-02-01,6
SME-00280,2023-03-01,8
SME-00280,2023-04-01,6
SME-00280,2023-05-01,6
SME-00280,2023-06-01,6
SME-00281,2022-01-01,1
SME-00281,2022-02-01,1
SME-00281,2022-03-01,1
SME-00281,2022-04-01,1
SME-00281,2022-05-01,1
SME-00281,2022-06-01,1
SME-00281,2022-07-01,1
SME-00281,2022-08-01,1
SME-00281,2022-09-01,1
SME-00281,2022-10-01,1
SME-00281,2022-11-01,1
SME-00281,2022-12-01,1
SME-00281,2023-01-01,1
SME-00281,2023-02-01,1
SME-00281,2023-03-01,1
SME-00281,2023-04-01,1
SME-00281,2023-05-01,1
SME-00281,2023-06-01,1
SME-00282,2022-01-01,6
SME-00282,2022-02-01,7
SME-00282,2022-03-01,8
SME-00282,2022-04-01,6
SME-00282,2022-05-01,6
SME-00282,2022-06-01,7
SME-00282,2022-07-01,6
SME-00282,2022-08-01,7
SME-00282,2022-09-01,7
SME-00282,2022-10-01,6
SME-00282,2022-11-01,7
SME-00282,2022-12-01,8
SME-00282,2023-01-01,7
SME-00282,2023-02-01,7
SME-00282,2023-03-01,6
SME-00282,2023-04-01,7
SME-00282,2023-05-01,7
SME-00282,2023-06-01,7
SME-00283,2022-01-01,2
SME-00283,2022-02-01,2
SME-00283,2022-03-01,2
SME-00283,2022-04-01,1
SME-00283,2022-05-01,2
SME-00283,2022-06-01,1
SME-00283,2022-07-01,1
SME-00283,2022-08-01,2
SME-00283,2022-09-01,2
SME-00283,2022-10-01,2
SME-00283,2022-11-01,1
SME-00283,2022-12-01,1
SME-00283,2023-01-01,1
SME-00283,2023-02-01,1
SME-00283,2023-03-01,2
SME-00283,2023-04-01,2
SME-00283,2023-05-01,1
SME-00283,2023-06-01,2
SME-00284,2022-01-01,3
SME-00284,2022-02-01,4
SME-00284,2022-03-01,3
SME-00284,2022-04-01,4
SME-00284,2022-05-01,4
SME-00284,2022-06-01,4
SME-00284,2022-07-01,4
SME-00284,2022-08-01,3
SME-00284,2022-09-01,4
SME-00284,2022-10-01,3
SME-00284,2022-11-01,4
SME-00284,2022-12-01,3
SME-00284,2023-01-01,3
SME-00284,2023-02-01,3
SME-00284,2023-03-01,4
SME-00284,2023-04-01,3
SME-00284,2023-05-01,3
SME-00284,2023-06-01,3
SME-00285,2022-01-01,4
SME-00285,2022-02-01,4
SME-00285,2022-03-01,5
SME-00285,2022-04-01,5
SME-00285,2022-05-01,4
SME-00285,2022-06-01,4
SME-00285,2022-07-01,4
SME-00285,2022-08-01,4
SME-00285,2022-09-01,4
SME-00285,2022-10-01,5
SME-00285,2022-11-01,5
SME-00285,2022-12-01,5
SME-00285,2023-01-01,5
SME-00285,2023-02-01,5
SME-00285,2023-03-01,5
SME-00285,2023-04-01,4
SME-00285,2023-05-01,4
SME-00285,2023-06-01,5
SME-00286,2022-01-01,23
SME-00286,2022-02-01,27
SME-00286,2022-03-01,21
SME-00286,2022-04-01,20
SME-00286,2022-05-01,21
SME-00286,2022-06-01,31
SME-00286,2022-07-01,27
SME-00286,2022-08-01,27
SME-00286,2022-09-01,23
SME-00286,2022-10-01,25
SME-00286,2022-11-01,21
SME-00286,2022-12-01,25
SME-00286,2023-01-01,24
SME-00286,2023-02-01,27
SME-00286,2023-03-01,31
SME-00286,2023-04-01,19
SME-00286,2023-05-01,27
SME-00286,2023-06-01,26
SME-00287,2022-01-01,4
SME-00287,2022-02-01,5
SME-00287,2022-03-01,5
SME-00287,2022-04-01,4
SME-00287,2022-05-01,4
SME-00287,2022-06-01,5
SME-00287,2022-07-01,4
SME-00287,2022-08-01,5
SME-00287,2022-09-01,5
SME-00287,2022-10-01,4
SME-00287,2022-11-01,5
SME-00287,2022-12-01,5
SME-00287,2023-01-01,4
SME-00287,2023-02-01,5
SME-00287,2023-03-01,5
SME-00287,2023-04-01,5
SME-00287,2023-05-01,4
SME-00287,2023-06-01,4
SME-00288,2022-01-01,8
SME-00288,2022-02-01,7
SME-00288,2022-03-01,6
SME-00288,2022-04-01,8
SME-00288,2022-05-01,8
SME-00288,2022-06-01,7
SME-00288,2022-07-01,7
SME-00288,2022-08-01,6
SME-00288,2022-09-01,9
SME-00288,2022-10-01,8
SME-00288,2022-11-01,7
SME-00288,2022-12-01,8
SME-00288,2023-01-01,8
SME-00288,2023-02-01,7
SME-00288,2023-03-01,7
SME-00288,2023-04-01,8
SME-00288,2023-05-01,7
SME-00288,2023-06-01,8
SME-00289,2022-01-01,44
SME-00289,2022-02-01,37
SME-00289,2022-03-01,39
SME-00289,2022-04-01,39
SME-00289,2022-05-01,42
SME-00289,2022-06-01,48
SME-00289,2022-07-01,46
SME-00289,2022-08-01,39
SME-00289,2022-09-01,41
SME-00289,2022-10-01,49
SME-00289,2022-11-01,49
SME-00289,2022-12-01,48
SME-00289,2023-01-01,46
SME-00289,2023-02-01,46
SME-00289,2023-03-01,37
SME-00289,2023-04-01,45
SME-00289,2023-05-01,42
SME-00289,2023-06-01,46
SME-00290,2022-01-01,5
SME-00290,2022-02-01,5
SME-00290,2022-03-01,5
SME-00290,2022-04-01,6
SME-00290,2022-05-01,5
SME-00290,2022-06-01,6
SME-00290,2022-07-01,5
SME-00290,2022-08-01,5
SME-00290,2022-09-01,7
SME-00290,2022-10-01,5
SME-00290,2022-11-01,4
SME-00290,2022-12-01,6
SME-00290,2023-01-01,5
SME-00290,2023-02-01,6
SME-00290,2023-03-01,5
SME-00290,2023-04-01,6
SME-00290,2023-05-01,4
SME-00290,2023-06-01,4
SME-00291,2022-01-01,6
SME-00291,2022-02-01,7
SME-00291,2022-03-01,5
SME-00291,2022-04-01,6
SME-00291,2022-05-01,7
SME-00291,2022-06-01,6
SME-00291,2022-07-01,6
SME-00291,2022-08-01,7
SME-00291,2022-09-01,7
SME-00291,2022-10-01,6
SME-00291,2022-11-01,7
SME-00291,2022-12-01,7
SME-00291,2023-01-01,7
SME-00291,2023-02-01,7
SME-00291,2023-03-01,7
SME-00291,2023-04-01,6
SME-00291,2023-05-01,6
SME-00291,2023-06-01,6
SME-00292,2022-01-01,5
SME-00292,2022-02-01,8
SME-00292,2022-03-01,7
SME-00292,2022-04-01,6
SME-00292,2022-05-01,7
SME-00292,2022-06-01,6
SME-00292,2022-07-01,7
SME-00292,2022-08-01,6
SME-00292,2022-09-01,8
SME-00292,2022-10-01,8
SME-00292,2022-11-01,6
SME-00292,2022-12-01,6
SME-00292,2023-01-01,7
SME-00292,2023-02-01,7
SME-00292,2023-03-01,6
SME-00292,2023-04-01,7
SME-00292,2023-05-01,7
SME-00292,2023-06-01,6
SME-00293,2022-01-01,1
SME-00293,2022-02-01,1
SME-00293,2022-03-01,1
SME-00293,2022-04-01,1
SME-00293,2022-05-01,1
SME-00293,2022-06-01,1
SME-00293,2022-07-01,1
SME-00293,2022-08-01,1
SME-00293,2022-09-01,1
SME-00293,2022-10-01,1
SME-00293,2022-11-01,1
SME-00293,2022-12-01,1
SME-00293,2023-01-01,1
SME-00293,2023-02-01,1
SME-00293,2023-03-01,1
SME-00293,2023-04-01,1
SME-00293,2023-05-01,1
SME-00293,2023-06-01,1
SME-00294,2022-01-01,7
SME-00294,2022-02-01,7
SME-00294,2022-03-01,7
SME-00294,2022-04-01,6
SME-00294,2022-05-01,9
SME-00294,2022-06-01,9
SME-00294,2022-07-01,8
SME-00294,2022-08-01,8
SME-00294,2022-09-01,8
SME-00294,2022-10-01,8
SME-00294,2022-11-01,9
SME-00294,2022-12-01,9
SME-00294,2023-01-01,8
SME-00294,2023-02-01,5
SME-00294,2023-03-01,6
SME-00294,2023-04-01,8
SME-00294,2023-05-01,7
SME-00294,2023-06-01,7
SME-00295,2022-01-01,12
SME-00295,2022-02-01,14
SME-00295,2022-03-01,12
SME-00295,2022-04-01,10
SME-00295,2022-05-01,11
SME-00295,2022-06-01,12
SME-00295,2022-07-01,12
SME-00295,2022-08-01,10
SME-00295,2022-09-01,10
SME-00295,2022-10-01,12
SME-00295,2022-11-01,11
SME-00295,2022-12-01,12
SME-00295,2023-01-01,11
SME-00295,2023-02-01,12
SME-00295,2023-03-01,11
SME-00295,2023-04-01,12
SME-00295,2023-05-01,11
SME-00295,2023-06-01,13
SME-00296,2022-01-01,6
SME-00296,2022-02-01,7
SME-00296,2022-03-01,7
SME-00296,2022-04-01,9
SME-00296,2022-05-01,8
SME-00296,2022-06-01,8
SME-00296,2022-07-01,7
SME-00296,2022-08-01,8
SME-00296,2022-09-01,6
SME-00296,2022-10-01,8
SME-00296,2022-11-01,8
SME-00296,2022-12-01,7
SME-00296,2023-01-01,8
SME-00296,2023-02-01,7
SME-00296,2023-03-01,8
SME-00296,2023-04-01,7
SME-00296,2023-05-01,7
SME-00296,2023-06-01,7
SME-00297,2022-01-01,7
SME-00297,2022-02-01,6
SME-00297,2022-03-01,8
SME-00297,2022-04-01,6
SME-00297,2022-05-01,7
SME-00297,2022-06-01,7
SME-00297,2022-07-01,6
SME-00297,2022-08-01,6
SME-00297,2022-09-01,7
SME-00297,2022-10-01,7
SME-00297,2022-11-01,7
SME-00297,2022-12-01,6
SME-00297,2023-01-01,7
SME-00297,2023-02-01,8
SME-00297,2023-03-01,8
SME-00297,2023-04-01,7
SME-00297,2023-05-01,7
SME-00297,2023-06-01,7
SME-00298,2022-01-01,23
SME-00298,2022-02-01,24
SME-00298,2022-03-01,32
SME-00298,2022-04-01,27
SME-00298,2022-05-01,31
SME-00298,2022-06-01,31
SME-00298,2022-07-01,30
SME-00298,2022-08-01,24
SME-00298,2022-09-01,27
SME-00298,2022-10-01,29
SME-00298,2022-11-01,23
SME-00298,2022-12-01,31
SME-00298,2023-01-01,30
SME-00298,2023-02-01,31
SME-00298,2023-03-01,29
SME-00298,2023-04-01,32
SME-00298,2023-05-01,31
SME-00298,2023-06-01,30
SME-00299,2022-01-01,9
SME-00299,2022-02-01,10
SME-00299,2022-03-01,10
SME-00299,2022-04-01,10
SME-00299,2022-05-01,10
SME-00299,2022-06-01,10
SME-00299,2022-07-01,11
SME-00299,2022-08-01,10
SME-00299,2022-09-01,10
SME-00299,2022-10-01,13
SME-00299,2022-11-01,11
SME-00299,2022-12-01,14
SME-00299,2023-01-01,11
SME-00299,2023-02-01,9
SME-00299,2023-03-01,11
SME-00299,2023-04-01,11
SME-00299,2023-05-01,12
SME-00299,2023-06-01,11
SME-00300,2022-01-01,3
SME-00300,2022-02-01,3
SME-00300,2022-03-01,3
SME-00300,2022-04-01,3
SME-00300,2022-05-01,3
SME-00300,2022-06-01,3
SME-00300,2022-07-01,4
SME-00300,2022-08-01,3
SME-00300,2022-09-01,4
SME-00300,2022-10-01,3
SME-00300,2022-11-01,4
SME-00300,2022-12-01,3
SME-00300,2023-01-01,4
SME-00300,2023-02-01,3
SME-00300,2023-03-01,3
SME-00300,2023-04-01,3
SME-00300,2023-05-01,4
SME-00300,2023-06-01,4
